:020000041000EA
:1000000000B5324B212058609868022188439860DF
:10001000D860186158612E4B002199600221596106
:100020000121F02299502B49196001219960352056
:1000300000F044F80222904214D00621196600F024
:1000400034F8196E01211966002018661A6600F04E
:100050002CF8196E196E196E052000F02FF8012189
:100060000842F9D1002199601B49196000215960AB
:100070001A491B48016001219960EB211966A021F2
:10008000196600F012F800219960164914480160C1
:100090000121996001BC002800D000471248134993
:1000A000086003C880F30888084703B5996A0420EC
:1000B0000142FBD001200142F8D103BD02B5186610
:1000C0001866FFF7F2FF186E186E02BD00000240BE
:1000D000000000180000070000035F00212200005C
:1000E000F4000018222000A00001001008ED00E03C
:1000F00000000000000000000000000074B24E7A12
:1001000000200420F7010010C3010010C5010010F9
:10011000C1010010C1010010C1010010C101001097
:10012000C1010010C1010010C1010010C701001081
:10013000C1010010C1010010C9010010CB01001065
:10014000CD010010CD010010CD010010CD01001037
:10015000CD010010CD010010CD010010CD01001027
:10016000CD010010CD010010CD010010CD01001017
:10017000CD010010CD010010CD010010CD01001007
:10018000CD010010CD010010CD010010CD010010F7
:10019000CD010010CD010010CD010010CD010010E7
:1001A000CD010010CD010010CD010010CD010010D7
:1001B000CD010010CD010010CD010010CD010010C7
:1001C00000BE00BE00BE00BE00BE00BEEFF3058054
:1001D000103800BEF2EB8871D8B40010FCB40010E7
:1001E0003402001090A31AE700201F49086006C8D7
:1001F00081F3088810471D48006800282FD10DA4FE
:100200000ECC002902D000F012F8F9E71849194A7B
:10021000002000E001C19142FCD1174988471749ED
:1002200088471749884700BEFDE701C901C29A42C5
:10023000FBD37047FCB40010C0000020F80E002073
:1002400034C30010000004200000042034C3001058
:10025000001004200010042000000000704709482E
:1002600005F092FB0047000008ED00E0000000D020
:10027000F80E00203C1D0020E1460010610F001028
:100280009D4600105756000006005250ABB3605315
:1002900028AD001006005250861C030238AD001035
:1002A000060052505422A29D44AD00100500525049
:1002B000DE65F46834C30010F8B5C04610B5064CCE
:1002C0002378002B07D1054B002B02D0044800E017
:1002D00000BF0123237010BD0810002000000000A3
:1002E000D0900010044B10B5002B03D003490448F4
:1002F00000E000BF10BDC046000000000C10002050
:10030000D090001010B502F09BF8002800D110BD6D
:1003100002F0BEF8041EFAD001000B4806F0F6F811
:100320000A4B1C700A4B01221A7003F055FC00297D
:1003300003DB084B18605960E9E7074B074A3F2188
:10034000074804F0AFF9C046D0900010341D0020DB
:10035000331D002000100020E4900010E0970010F2
:100360000091001000B585B00F226A441070002380
:10037000009301332721024808F01AFD05B000BDA3
:10038000D00E0020D0B504009626B600002730001D
:10039000390003F041FB04202043C0B2FFF7E2FF25
:1003A0003000390003F038FB042320009843FFF7A6
:1003B000D9FF3000390003F02FFBD0BD70B50F23FB
:1003C00005009D436DB249B20D4308231D43EDB2B4
:1003D00004010C4364B21C43E4B22800FFF7C2FFDF
:1003E0002800FFF7CFFF2000FFF7BCFF2000FFF73A
:1003F000C9FF70BD10B500210120FFF7DFFF10BD60
:1004000010B5002806D180310800C0B20021FFF7E6
:10041000D5FF10BDC0310800F7E710B5040003E0B8
:1004200001340121FFF7CAFF20780028F8D110BD60
:1004300010B500210320FFF7C1FF00210320FFF7C3
:10044000BDFF00210320FFF7B9FF00210220FFF7C5
:10045000B5FF00210620FFF7B1FF00212820FFF79C
:10046000ADFF00210C20FFF7A9FFFFF7C3FF10BD70
:1004700010B5134C1349200008F00CFD01210A208F
:1004800002F096F80121122002F092F801211320C7
:1004900002F08EF80121102002F08AF8092002F003
:1004A0006FF9D0231B06802292005A625A6100F035
:1004B000BFFE054B1860210001F01CF810BDC046BE
:1004C00000C0034040420F00741A002010B582B0F3
:1004D000204B0193FA20400003F0CAFA0EE01E48B8
:1004E00006F014F81D4B18680130042201A908F029
:1004F0000BFD002828D01A4806F008F8194806F025
:1005000005F8164B186801F025FF0028F9D01648A9
:1005100005F0FCFF114C206801F030FF134805F096
:10052000F5FF2068010001F0D7FE114805F0EEFF4D
:100530000024032CD3DC094B1B681B1959780D4888
:1005400005F0E4FF0134F4E70B4805F0DFFF02B0EB
:1005500010BDC046BA788277AC910010741A0020A2
:10056000CC91001064910010789100108C910010D3
:100570009C910010A8910010B091001000487047A5
:10058000D1070000F0B5C64600B507008846002632
:1005900018E07419A4003C19206808F0D9FC400840
:1005A0000821091A2800FFF72BFF2068FFF735FF05
:1005B0000135012DEDDDFA20C00003F059FAFFF7F7
:1005C00019FF0236464501DA0025F2E780BCB8463D
:1005D000F0BD0023032B04DCC25C2A2A03D00133C4
:1005E000F8E7012070470020FCE70000F0B5DE4688
:1005F00057464E464546E0B593B0674805F056FF6E
:10060000664B1193002304E00FAAFF21D15401335C
:10061000DBB2052BF8D9002760E0614805F046FF02
:10062000604805F073FF039C05E005AB195D5E486B
:1006300005F06CFF01340F2CF7DD0A2005F002FFF6
:1006400005AA137A1B02517A0B431B051B0D994611
:100650000A93917A0901D37A180901438B460B91C9
:100660001B02117B0B431B051B0D98460C93517B02
:100670000901977B380901438A460D913F02D37BDC
:100680001F433F053F0D0E97484805F00FFF08E058
:10069000741CB6000AABF2582100454805F036FF3D
:1006A0002600042EF4DD434B4A461A60424B5A465C
:1006B0001A60424B42461A60414B52461A60414B07
:1006C0001F602F0006E0404805F0F0FE02E03F48C2
:1006D00005F0ECFE3E4B186801F035FA002F49D1C9
:1006E0003C4805F0E3FE3A4B186801F033FE002861
:1006F000F9D0394805F0DAFE354B186801F03EFEB6
:10070000051E33D0354805F0D1FE314B1868013055
:10071000042211A908F0F8FB0390061ED7D1304837
:1007200005F0C4FE2F4805F0C1FE294B1868009063
:100730000FAB0A22602101F02BFA0028C3D10B2451
:1007400002AB9C46644412232370274805F0AEFE9A
:100750001F4B1868230005AA0A2101F04AFA002855
:1007600000D15AE7214805F0A1FEB3E7204805F083
:100770009DFEB3E7164B186801F0E5F91D4805F03A
:1007800095FEFA20400003F073F913B0F0BCBB46AD
:10079000B246A946A046F0BDE49100108528EEC7F8
:1007A000889200109C920010AC920010B49200103D
:1007B000C4920010B80D0020BC0D0020C00D002018
:1007C000C40D0020C80D0020F092001010930010FE
:1007D000741A00200092001014920010349200103D
:1007E000449200105892001074920010D49200109D
:1007F000289300104093001005280BD88000074B69
:100800001B589F46064870470648FCE70648FAE72B
:100810000648F8E70648F6E70648F4E7A093001014
:1008200094930010709300107C9300108893001034
:100830004C9300106493001010B586B001A92D48A8
:100840000B00020013CA13C303CA03C3002409E048
:10085000009A531C19D0284B1A60611C274805F0D8
:1008600055FE0134042C42DCA30001AA99588023D0
:100870005B059C4661440422684605F0E1FC042CBB
:10088000EFD8A3001E4AD3589F462200E3E7009A00
:10089000531C06D01B4B1A60611C184805F036FE2D
:1008A000DFE70022F6E7009A531C06D0164B1A60C9
:1008B000611C124805F02AFED3E70022F6E7009AF1
:1008C000531C06D0114B1A60611C0C4805F01EFE2B
:1008D000C7E70022F6E7009A531C06D00C4B1A60BB
:1008E000611C064805F012FEBBE70022F6E706B0E1
:1008F00010BDC046C4970010081D0020B89300101A
:10090000C49300100C1D0020101D0020141D002099
:10091000181D002010B502000800024905F008F873
:1009200010BDC046D8930010F0B5C64600B5C2B0A1
:100930000C001500052849D880003A4B1B589F46EB
:10094000394B1F68394E042280235B05F11841A8FA
:1009500005F076FC419B01333CD0002D3DD1419BFD
:100960009C424DD900234193419BBB4200D9419702
:10097000802464002200002101A805F05BFC419B5B
:100980000193EFF3108572B680214901300008F021
:1009900057FB220001A9300008F032FB85F31088D4
:1009A00042B080BCB846F0BD214B1F68FE267603DE
:1009B000C9E7204B1F68204EC5E7204B1F68FF2664
:1009C0007603C0E71E4B1F681E4EBCE71E4805F0AD
:1009D0006DFDE5E700234193BFE7419B1B19419360
:1009E0001A4D1B4B2B601B4B984619002000FFF73C
:1009F00091FF43466B6002212800FFF7C3FDB3E778
:100A00001B1B4193114D144B2B60124B9846190040
:100A10002000FFF77FFF43466B6002212800FFF7AD
:100A2000B1FDA1E704940010B80D002000B01F0034
:100A3000BC0D0020C00D002000D01F00C40D002000
:100A4000C80D002000F01F00DC930010CC0D00202A
:100A5000EC930010E81C0020F8930010F0B5DE467F
:100A600057464E464546E0B583B0284B98461B682E
:100A70009B46274F3B689A46264E33689946264D3B
:100A80002B680093254C22680192002341460B609D
:100A90003B6033602B602360002200210120FFF7C0
:100AA00043FF002200210220FFF73EFF0022002129
:100AB0000320FFF739FF002200210420FFF734FF55
:100AC000002200210520FFF72FFF4146584608600D
:100AD0005146396049463160009B2B60019A226083
:100AE0000F4B002204211C2001F0EEFD0D480E4B9F
:100AF00003600E4B43600221FFF744FD03B0F0BCDE
:100B0000BB46B246A946A046F0BDC046B80D00207F
:100B1000BC0D0020C00D0020C40D0020C80D002019
:100B2000310B0010CC0D00201C94001030940010EC
:100B300010B5034805F0BAFCFFF790FF10BDC046A2
:100B40003894001070B5234C234B2360234B636013
:100B500002212000FFF716FD214B2360214D224B7F
:100B600018682900FFF7D6FE656002212000FFF714
:100B700009FD1E4B23601E4B18682900FFF7CAFEB3
:100B8000656002212000FFF7FDFC1A4B23601A4B21
:100B900018682900FFF7BEFE656002212000FFF7FC
:100BA000F1FC164B2360164B18682900FFF7B2FEC4
:100BB000656002212000FFF7E5FC124B2360124B19
:100BC00018682900FFF7A6FE656002212000FFF7E4
:100BD000D9FC70BDCC0D00204C9400105C9400102A
:100BE00064940010E81C0020B80D002070940010E0
:100BF000BC0D00207C940010C00D002088940010D3
:100C0000C40D002094940010C80D002070B5234C32
:100C1000234B2360234B636002212000FFF7B2FCCB
:100C2000214B2360214D224B18682900FFF772FEEB
:100C3000656002212000FFF7A5FC1E4B23601E4BC0
:100C400018682900FFF766FE656002212000FFF7A3
:100C500099FC1A4B23601A4B18682900FFF75AFEBB
:100C6000656002212000FFF78DFC164B2360164BB8
:100C700018682900FFF74EFE656002212000FFF78B
:100C800081FC124B2360124B18682900FFF742FECB
:100C9000656002212000FFF775FC70BDCC0D0020BF
:100CA000A0940010B094001064940010E81C002080
:100CB000081D0020709400100C1D00207C94001072
:100CC000101D002088940010141D00209494001022
:100CD000181D002010B51E49012001F051FC1D48CF
:100CE0001D4B03601D4B43601D4B83601D4BC36058
:100CF0000421FFF747FC1C4B1B78DCB2002BFAD019
:100D0000194B00221A70194B1B78412B19D0174B25
:100D10001B78422B14D0154B1B78442B09D0134B56
:100D20001B78432BE7D1124805F0C0FBFFF76EFF9D
:100D300007E0104805F0BAFBFFF790FE002400E042
:100D400000240349002001F01BFC200010BDC04618
:100D500005030010CC0D0020BC940010C8940010B6
:100D6000D4940010E8940010331D0020341D00209E
:100D700014950010FC940010F0B5C64600B58CB078
:100D80005F4805F093FB01235B420B93002304E0D3
:100D900009AAFF21D1540133DBB2052BF8D953E066
:100DA000584805F0B3FB002405E004AB195D564834
:100DB00005F0ACFB01340F2CF7DD0A2005F042FBF7
:100DC00004AAD17B0F250D40937B1B020F2081438A
:100DD0000B431C11137B1B02577B1F43937A1B028F
:100DE000D67A1E432800FFF707FD8046474805F0E6
:100DF0005DFB4146464805F089FB2100454805F06A
:100E000085FB3900444805F081FB3100434805F07B
:100E10007DFBFFF75FFF0600FFF70EFD32002100AC
:100E20002800FFF781FD3E4805F040FBFFF704FD79
:100E300002E03C4805F03AFB3B4B186800F083FEAB
:100E4000394B186800F07FFE374C206800F030FB0B
:100E50002068364900F04EFB3548364B0360364B70
:100E600043600221FFF78EFB344805F01FFB2E4B39
:100E7000186801F06FFA0028F9D0314805F016FB28
:100E8000294B186801F07AFA002834D02D4805F073
:100E90000DFB254B1868013004220BA908F034F82B
:100EA000002824D0284805F001FB284805F0FEFA68
:100EB0001D4B1868009009AB1222602100F068FEFB
:100EC0000028B6D10F246C4412232370204805F06B
:100ED000EDFA154B1868230004AA122100F089FED0
:100EE000002800D15CE71B4805F0E0FAA4E71A48A7
:100EF00005F0DCFAA4E7194805F0D8FAA4E7C046E3
:100F0000E49100109C920010AC9200102895001003
:100F10004095001058950010749500108C950010A5
:100F2000A4950010F0920010741A002000C0034035
:100F3000CC0D0020D4950010E49500100092001014
:100F40001492001034920010449200105892001035
:100F500074920010B89500101093001028930010A0
:100F600010B505F0DFFAFFF783FA7F4A7F49804822
:100F700001F00EFA1C2001F003FCD0231B06802296
:100F800052059A6205211C2001F012FB002201216A
:100F90001C2001F025FB012204211C2001F084FB10
:100FA000744B012204211C2001F08EFB724973480E
:100FB00007F0D2FE0321042001F0FAFA03210520F4
:100FC00001F0F6FA00220121042001F009FB0022C1
:100FD0000121052001F004FBFFF72AFAFA20400066
:100FE00002F046FD1CE0664B1B78322B03D1644BAC
:100FF0005B78302B5CD06348634B0360604C44608B
:10100000624B8360624BC3600421FFF7BBFA614807
:1010100005F07CFA604B2360002323715F4A137054
:101020005E4B1B78002B52D1564C5D4B23605D4BC1
:1010300063605D4BA3605D4BE3605D4805F066FA5D
:1010400004212000FFF79EFA5A4B23605A4B63603D
:1010500002212000FFF796FAFFF738FA574805F00B
:1010600055FA574B2360574B636002212000FFF76E
:1010700089FAFFF783FA0100534B1860534805F0D3
:1010800045FA5349012001F07BFA00243C48FFF760
:10109000A0FA0028A7D14F4B1B78002BF6D04E4B5F
:1010A0001A78374B1A5501344A4B00221A70EDE773
:1010B000334B9B78302B9ED1314BDB78312B9AD13F
:1010C000464805F023FA354B01221A70A8E72D4C4B
:1010D000434B2360434B636002212000FFF752FA29
:1010E000414805F0E3F90A2005F0ACF93849002041
:1010F00001F046FA3D4B23603D4B63603D4BA360DE
:101100003D4BE36004212000FFF73CFAFFF76EFA45
:101110003A4805F0CBF93A4B19683A4805F0F6F928
:10112000394B1968394805F0F1F9394B19683948D4
:1011300005F0ECF9384B1968384805F0E7F9384BF9
:101140001968384805F0E2F90A2005F07BF9FFF745
:10115000F9FC354C206800F0ABF92068334900F009
:10116000C9F9FFF709FEC046A80D0020DC0D0020DC
:10117000980D0020310B0010A0860100D00E002039
:10118000EC0D0020CC0D0020B8960010C896001081
:10119000DC960010E09600102A2A2A2A351D00202D
:1011A000E8950010F895001000960010309400109B
:1011B0001096001038960010489600105C960010AB
:1011C0007896001084960010B41A002094960010AF
:1011D00005030010331D0020341D0020A8960010C8
:1011E000F496001008970010149700103C97001018
:1011F00048970010549700106097001070970010E7
:10120000B80D002088970010BC0D002094970010A6
:10121000C00D0020A0970010C40D0020AC97001056
:10122000C80D0020B8970010741A002000C00340B9
:1012300030B50023002B0ED00E4C22680E48530010
:101240009D18E900411811250D61511C21609B1862
:10125000DA00801830BD074A1468074A6000051993
:10126000E9005118C91800254D750D7501339BB261
:10127000E0E7C04624100020781A002070B582B044
:1012800004006B4619715A710369C046C046C046D6
:1012900001252A009A40D0263606B261C046C046D3
:1012A000C046022201A9C06807F0DAFE2369C046E1
:1012B000C046C0469D407561C046C046C04602B0AB
:1012C00070BDF0B5C64600B500AF80460C001600F4
:1012D000013230000830C008C0006946091A8D4646
:1012E0000C70002403E0651C1C5D4C55ECB2B4424C
:1012F000F9D343461B69C046C046C04601242000BE
:101300009840D0252D06A861C046C046C046434639
:10131000D86807F0A5FE43461B69C046C046C046D4
:101320009C406C61C046C046C046BD4680BCB846C5
:10133000F0BD70B582B0040000236A46D371901DE1
:1013400080235B420B4303702369C046C046C046FE
:1013500001252A009A40D0263606B261C046C04612
:10136000C04601220100E06807F07AFE01236A46C8
:1013700007320021E06807F02BFE2369C046C04613
:10138000C0469D407561C046C046C0466B46D87990
:1013900002B070BDF8B5CE46474680B5060090460F
:1013A000994680277F420F43FFB20269C046C0467C
:1013B000C04601239340D02212069361C046C04626
:1013C000C046002408E04B461D1939003000FFF7E5
:1013D000B0FF28700134E4B24445F4D33269C0460A
:1013E000C046C04601239340D02212065361C04636
:1013F000C046C046C0BCB946B046F8BD70B5040092
:101400000D001600FFF795FF02003243D2B229000B
:101410002000FFF733FF70BD70B504000D0016000B
:10142000FFF787FFB043C2B229002000FFF726FF75
:1014300070BD0000F8B505000F0014001E0000226A
:101440000221FFF71BFF04220A212800FFF716FFE5
:10145000802214212800FFF7D1FF3B002200122137
:101460002800FFF72EFF032202212800FFF706FFC6
:101470000E4C0A212800FFF75CFF430705D4013C0E
:10148000A4B2002CF5D103200FE000220221280095
:10149000FFF7F4FE44212800FFF74BFF3070422194
:1014A0002800FFF746FF70700020F8BD8813000089
:1014B00010B504000F220221FFF7E0FE322002F0F7
:1014C000D7FA02212000FFF734FFC306F9D410BD7C
:1014D00010B504002821FFF72CFF03230340032B42
:1014E00000D110BD03220243D2B228212000FFF711
:1014F000C5FEF6E7F8B50400304DC560D0263606C7
:1015000080277F03B761FA20800002F0B1FA77618B
:10151000322002F0ADFA112001F032F980239B0253
:10152000736273612649280007F0B4FC6A680223DD
:101530001A40244EC021890131430B6028680721DD
:101540004140CF200840802149010D43286080237D
:101550009B0133431A600121122001F029F8012177
:10156000132001F025F80121102001F021F80F22AD
:1015700002212000FFF782FE802254212000FFF785
:101580007DFEA92256212000FFF778FE0322582174
:101590002000FFF773FEE8225A212000FFF76EFEBD
:1015A00040222A212000FFF769FE3D22222120004F
:1015B000FFF764FE2000FFF78BFFF8BD00C003407B
:1015C00040420F0004C00340F0B5DE4657464E4689
:1015D0004546E0B587B004000F001500039310AB3B
:1015E0001B789A4614AB1B78994615AB1B789B4623
:1015F00000239846139B002B35D01A784B461E01CA
:10160000F6B2B618F6B2002202212000FFF736FE2D
:101610007F2208212000FFF731FE802214212000C4
:10162000FFF7ECFE039B524612212000FFF749FE14
:1016300032001A212000FFF721FE3A00022120008B
:10164000FFF71CFE0C2F10D0FA26F6000821200010
:10165000FFF76FFE05420ED1C30778D4013E002E7E
:10166000F4D1032074E00022C8E780221A21200070
:10167000FFF7C4FEE8E70C212000FFF75AFE050043
:10168000132303426BD1119B002B20D0129B002B04
:101690001DD014212000FFF74CFE0200129B1B7886
:1016A00083425ED3129B18704B460093119B12210C
:1016B0002000FFF76FFE18212000FFF73AFE0723F6
:1016C00003409846139B002B01D042461A70082312
:1016D000180028402B4246D1119B002B38D0129B7A
:1016E000002B35D05B46002B32D0129B1B78012B90
:1016F00006D0012B27D94246002A06D0072027E032
:101700004246042AF5D1FF2022E0023BDAB205ABC3
:1017100011992000FFF78EFE002819D1129B1B782B
:10172000119AD218023A117805AA127891420CD176
:10173000119A94466344013B1A7805AB5B789A4250
:1017400006D0072004E0072002E0072000E0032085
:1017500007B0F0BCBB46B246A946A046F0BD01208A
:10176000F6E70420F4E70220F2E730B587B00CACCE
:1017700024780DAD2D78059504940B9C03940A9C58
:101780000294019300920B0030220C21FFF71CFF02
:1017900007B030BD70B588B0060015001C001723D7
:1017A0006B441970002A22D02378012B21D9802282
:1017B0001C21FFF731FE1F236B4407221A70002201
:1017C00003920292019300942B0001321721694485
:1017D0003000FFF7CAFF00280CD12378022B0BD171
:1017E0001D336B441878002804D0012002E0042047
:1017F00000E0042008B070BD0120FBE710B5130025
:101800000A002621FFF7C6FF10BDF0B5DE46574699
:101810004E464546E0B58DB0814606910592502A68
:1018200000D984E180221C21FFF7F6FD01230793F4
:1018300000230493049B002B00D06FE1079B022B35
:1018400044D0032B54D0012B08D0052420000DB028
:10185000F0BCBB46B246A946A046F0BD09AB9322F8
:101860001A70059B002B05D0069B1B78042B2BD8E8
:10187000002100E0002100239B465B46DB00059A27
:10188000D31A5DB21B063AD400293AD009AB88229C
:101890009A70853AE817072303405B19DB10D8B22A
:1018A000EBB2984607232B405C1EA3411B18DBB20A
:1018B000002B28D1002902D0454608356DB2049B83
:1018C0009A46B0464F4690E00121D4E709AB9522F5
:1018D0001A70059B002B05D0069B1B78072B05D89B
:1018E000002100E0002103239B46C6E70121FAE71F
:1018F00009AB97221A70049906239B46BDE7002581
:10190000C2E70222C6E700290DD0032084469C4589
:1019100000D39C46002367468C4611005A46AB46CE
:10192000069882460BE004208446F0E7D0184C1C51
:101930005044457809A845540133DBB2E1B2BB42BB
:10194000F4D35D4661469346B4E709A970234B7012
:101950008878CC780A794B796040424053408B714B
:101960001B2304AA9446634407223800FFF762FD54
:10197000041E00D06AE7132304AA9446634400229D
:101980001A701223634403221A701A236344984680
:101990000923994651E01C213800FFF7CAFC830651
:1019A00000D553E71F231A000240034200D1202232
:1019B000AA4200DCBDE055B2511ECB175B0FC9181F
:1019C00007200140C91ACBB2581E8341D2089B1888
:1019D0000133DBB2FF2211400120884009A9CA5C13
:1019E0000243CA5401E001239A465346002B4AD1D0
:1019F0001F2DAADCEB17580F2A1807210A40121ACC
:101A0000D2B2132004ACA4466044027019404919B4
:101A1000C910C9B20231C9B20B01DBB2D31809A88F
:101A20004370531E9A415218D3B299468046884457
:101A30000923591A122363441970132404AB9C46DA
:101A4000644426783201D2B29219D2B21A213800F7
:101A5000FFF714FC0023039302960194123304AAA7
:101A600094466344009343464A4609A93800FFF769
:101A70007CFE040002288ED0002800D0E6E61F2D50
:101A8000B1DC2025B1E74646B94609AB9B78882BE7
:101A900008D00221882B07D0042400235D46069A33
:101AA00094460CE00321F5E70324F6E7481CEA1806
:101AB00009AF795C624451700133DBB2C1B2A34219
:101AC000F4D3122304AA944663441B78032B32D127
:101AD000103363441B78002B2FD11633634401224B
:101AE00031004846FFF7A6FC041E00D0AEE609AB65
:101AF0009A7873789A4222D109ABDA78B3789A420D
:101B00001FD133785A0704D5079B0133DBB2079303
:101B100090E6069AD372534604938BE6079A5300D5
:101B2000944663440133069A137000248EE606241B
:101B30008CE605248AE6012488E6012486E607244B
:101B400084E6072482E630B587B0050050236A4654
:101B500013750023537516336B44022205A9FFF752
:101B600069FC041E02D0200007B030BD002303939F
:101B7000029301930093042205A92800FFF7F5FDC5
:101B80000328F0D0002801D00400ECE70124EAE7A4
:101B900070B58AB00E9E07AC21706270002205E01D
:101BA000911C9D5C07AC65540132D2B2052AF7D96D
:101BB000002307E01A000832F1184C7807A98C546A
:101BC0000133DBB2032BF5D9002305930493039370
:101BD000029301930C33009307AB10220E21FFF701
:101BE000F3FC0AB070BD10B508221021FFF714FCF9
:101BF00010BD70B584B0060014001D00002A19D075
:101C00001B78112B18D9302313705170931C0222AA
:101C10002100FFF70FFC00280FD1012303930023BD
:101C20000293019300952300042221003000FFF766
:101C30009CFD02E0042000E0042004B070BD000020
:101C4000072806D815D880000D4B1B589F460D4815
:101C500002E0FF2811D10C4870470C48FCE70C4803
:101C6000FAE70C48F8E70C48F6E70C48F4E70C48AC
:101C7000F2E70C48F0E70C48EEE70A48ECE7C0460C
:101C8000FC980010CC980010D898001020980010F4
:101C900034980010509800106C9800109C98001018
:101CA000B0980010F8970010089800107F23184093
:101CB000402813D880000B4B1B589F46FF2000E0A4
:101CC000042070470520FCE70620FAE70720F8E724
:101CD0000820F6E70120F4E70220F2E70020F0E711
:101CE0000320EEE71C99001008280BD8002819D013
:101CF000082805D880000E4B1B589F460D4804E06D
:101D00000D4802E0FF2811D10C4870470C48FCE751
:101D10000C48FAE70C48F8E70C48F6E70C48F4E7FB
:101D20000C48F2E70448F0E70B48EEE70248ECE71E
:101D3000109B0010C89A0010209A0010EC9A001016
:101D4000589A0010709A00107C9A0010889A00101F
:101D5000AC9A0010B89A0010309A001070B582B09A
:101D60000600214804F0D2FB00240DE0202004F0FE
:101D700069FB75196A781D4901A803F0D9FD01A80E
:101D800004F0C4FB0134E4B23378A34208D925003F
:101D900033195B780F2BE9D8154804F0B7FBE8E757
:101DA000144804F083FB144804F0B0FBF37A0F2BC3
:101DB00015D9F27A0D4901A803F0BAFD01A804F083
:101DC000A5FBF07AFFF772FF04000C4804F09EFBBD
:101DD0002000FFF789FF04F099FB02B070BD3020AE
:101DE00004F030FBE5E7C046D89B00104C9B001088
:101DF00068B1001098910010E49B0010F09B001057
:101E0000F0B5DE4657464E464546E0B591B00390E4
:101E1000069107929946002305934B461F2B0BD83A
:101E20009F00FBB2984604230493049B5D1E01238C
:101E300042460292984604E1272B25D84F46203F80
:101E40003F01FFB2803FFBB2984610230493ECE7BA
:101E5000C54804F05BFB06E1C44804F057FB0DE104
:101E6000C34804F053FB12E1202004F0EBFA0EE12A
:101E70008246C04804F04AFB5046FFF7E1FE04F0FA
:101E800045FB0A2004F0DEFA11B0F0BCBB46B246B6
:101E9000A946A046F0BD202004F0D4FA09AB9A5D13
:101EA000B5490FA803F044FD0FA804F02FFB03234E
:101EB0003B40032B0CD00137FFB20F2F0CD83E0054
:101EC00009ABDB5D0F2BE6D8AC4804F01FFBE5E760
:101ED000202004F0B7FAEEE74346002B5DD009ABB3
:101EE000DE7931091A7A0F2007001740B846120927
:101EF0009B7907001F401B0930400F26BE43B142AB
:101F000000D1F5E001230126334005938800042326
:101F10009A4603409C4643465800022318406746B1
:101F200038433700174007430EA807704F00534649
:101F30001F40BC464746023B1F40BB4667465B46C8
:101F40001F43BC4653101F003740BB4667465B46E5
:101F50001F43477057460F40BB4643465B101F0068
:101F600002231F40BC465F4663461F43BC46931096
:101F70001F003740BB4667465B461F4387704910CA
:101F80005346194043469B1002273B401943D21049
:101F900016403143C17000239846049B042B00D1A6
:101FA000B8E00521280003F01BFDC6B2032E00D1C6
:101FB000ACE0681C052103F013FD864200D1A7E0C8
:101FC0000123002B30D06E4804F0A0FA0EAB9B5DCD
:101FD0009B469A0801252A406A4B9A4619000FA889
:101FE00003F0A6FC0FA804F091FA202004F02AFACE
:101FF0005B465A082A4051460FA803F099FC0FA8E7
:1020000004F084FA202004F01DFA5A462A40514672
:102010000FA803F08DFC0FA804F078FA5A4804F0DA
:1020200075FA059B002B77D1032E05D00EAB9B5D77
:10203000012B75D0062B73D0544804F037FA013CBD
:1020400065B2002D00DA1FE7ECB2029BE618F6B28B
:102050004346002B00D1FFE64B46092B00D9F7E69B
:10206000434804F053FA4A4646490FA803F060FC7F
:102070000FA804F04BFA3E4804F048FA092E00D8A5
:10208000EEE6632E00D9EFE6374804F03FFA32005F
:102090003C490FA803F04CFC0FA804F037FA324873
:1020A00004F034FA4346002B0AD0069B0093079BAA
:1020B000029A60210398FFF76BFD002800D0D7E655
:1020C0001F2306AA9446634412221A7009AA3100FB
:1020D0000398FFF78EFD0600071E00D1EDE62C48A1
:1020E00004F014FA3000FFF7ABFD04F00FFAA6E796
:1020F0000F269E43B04501D0012304E70F238343FD
:102100009A4201D00123FEE60023FCE6012358E7B2
:10211000002356E7260056E71E4804F0F7F983E748
:1021200009ADEE783606AA78120416436A781202D0
:1021300016432A781643184804F0E8F9FF22324083
:102140000D4E31000FA803F0F3FB0FA804F0DEF9E9
:10215000124804F0DBF92A7B31000FA803F0E8FBFA
:102160000FA804F0D3F967E7009C0010089C00104A
:102170000C9C0010109C00104C9B001068B10010CB
:10218000449C0010049C0010489C00109891001082
:102190002C9C00104C9C0010749C0010809C001023
:1021A000F8B505000E001F00042A09D0052A09D041
:1021B000032A14D105240D4804F078F9013C0CE001
:1021C0001024F8E72824F6E7E4B223003A003100AF
:1021D0002800FFF715FE013C64B2002CF4DA280059
:1021E000FFF7B1FC2800FFF7FEFCF8BD889C00104B
:1021F000F0B5CE4600B588B08146304804F056F9B7
:10220000002548E02E4804F081F90198FFF718FDF9
:1022100004F07CF908B080BCB946F0BD202004F081
:1022200011F929E0202004F00DF902AB1A5D2549CF
:1022300007A803F07DFB07A804F068F90136F6B2A1
:10224000032E0BD8BC00E4B2A419E4B202AB1B5DB0
:102250000F2BE7D81C4804F059F9E6E71B4804F0B7
:1022600025F90137FFB2032F13D8EC19E4B2092C7A
:10227000D4D8174804F04AF92200164907A803F0F9
:1022800057FB07A804F042F9114804F03FF9019EFA
:10229000D6E70435EDB20F2DBCD8132302AA94461D
:1022A000634412221A70624629004846FFF7A1FCD7
:1022B00001900028A6D1019FD5E7C046D89C001008
:1022C0002C9C00104C9B001068B1001098910010DD
:1022D000009C0010049C001030B583B005000C0079
:1022E0000800FFF73BFDE07AFFF7E0FC020006285C
:1022F00028D012D8022805D9C31EDBB2022B04D87D
:10230000002317E042B2002A0BD1104804F0CEF8A7
:102310002800FFF718FC03B030BD073AD2B2012AFB
:10232000F3D80B4804F0C2F8EFE7FF216846C15428
:102330000133DBB2052BF8D96B4621002800FFF7EB
:102340002FFFE2E72800FFF753FFDEE79891001028
:10235000EC9C001000B583B06B46DA1C02231370AE
:1023600001A9FFF74BFA002805D0022801D0002070
:1023700002E0013800E0012003B000BD10B50022EA
:102380000100FFF742FA43425841C0B210BD0000BD
:10239000F8B5CE46474680B580460F00002303E0DF
:1023A000D55C1E4CE55401330F2BF9DD0025032DC0
:1023B00022DCAC0043461859194B9946E050194E9F
:1023C0003B59A35100F0DCF9A05900F0D9F94B4674
:1023D000E2580123190091400A00D02109068A62BF
:1023E000A05983404B624B610F490B68D3180B60B7
:1023F0000E4BE2500135DAE701F0EEFB002906DB77
:102400000B4B18605960C0BCB946B046F8BD094BCB
:10241000094A3F21094802F045F9C0461813002037
:10242000F412002028130020AC140020C415002052
:1024300000100020E49000102C9D0010009100106E
:1024400010B501F0C9FB02000B1E09DB0B4908683F
:102450004968121A8B410120002B07DDC0B210BD64
:10246000074B084A3F21084802F01CF9002B02D113
:10247000064B9A42F2D80020F0E7C0460010002038
:10248000E49000102C9D00100091001050C300003B
:10249000F0B5C64600B5D0231B065A68334B1B68FF
:1024A000100018401A425DD0002308E09900304A1D
:1024B000895801228A40D02109068A610133032B01
:1024C000F4DD0024032C1BDC294FA30098460125D2
:1024D0001A002B00D2599340D02636067361254846
:1024E000002101F099FB72684346DB599D40B561BC
:1024F0001E4B1B68100018401A4201D10134E1E75D
:10250000002308E099001A4A895801228A40D02104
:1025100009064A610133032BF4DD174B1B68834224
:102520000DD0154B5B6883420DD0134B9B688342E3
:102530000ED0114BDB6883420FD0002013E0A400C3
:102540000E4B185D0FE0A40001340C4B185D0AE03F
:10255000A4000234094B185D05E0A4000334074BC6
:10256000185D00E0002080BCB846F0BDAC1400202F
:102570002813002010270000C41500201813002085
:10258000F0B5C64600B580460F00002408E0A6005E
:10259000064D70593B004246082100F095F8013481
:1025A000032CF4DD80BCB846F0BDC046F412002018
:1025B00010B58300084A944663441C684022624078
:1025C000C02414408022520113431C60C000034BFE
:1025D0009C466044416010BD04C001400040014081
:1025E00080000B4B9C46604400290DD00823002A34
:1025F0000CD004221343026853400C221340802263
:1026000052011043036070470023F0E70022F1E716
:1026100004C0014070B50400D0231B061D68AA0049
:102620000C4BD358002B0AD0002803D0AD00094B27
:10263000EC5070BD08490D2000F020FBF6E70028A3
:10264000F7D0AD00034BE850002203490D2000F005
:10265000FBF9EEE7B0150020E92600100723034040
:102660009B00C00899403C308000014BC15070472E
:1026700000400140F8B507000C0016001D00FFF7F0
:10268000EDFFFB089B00ED180720384080008440D8
:10269000002E04D080239B011D432C60F8BDC02375
:1026A0009B011D432C60F9E710B5D0231B061B6866
:1026B000002B03D0024BFFF7DDFF10BD014BFAE703
:1026C000304101400041014070B514001D00FFF78A
:1026D000EBFF2800FFF79EFF002C00D170BD012109
:1026E0000D2000F05DF9F9E7F0B5D6464F464646B5
:1026F000C0B5D0231B061F68BA001D4BD35898469F
:10270000002F03D01B4B9946002623E01A4B994615
:10271000FAE724090135002C1BD033000833AB4203
:1027200017D90F231A00224092462342F1D0BB0052
:10273000124A9A580123AB401342EAD1514628006D
:10274000FFF78CFF4346002BE3D051462800C047DB
:10275000DFE708361D2E06D8F30808339B004A46EB
:102760009C583500D7E7E0BCBA46B146A846F0BD54
:10277000B01500203041014000410140C81A00203E
:1027800010B501238340D022120693629361052184
:10279000FFF70EFF10BD0000034B1B68022018401E
:1027A000431E9841C0B2704700C00640EFF310804E
:1027B00072B6034B1B68002BFBD0BFF35F8F7047D3
:1027C0002C0100D0BFF35F8F024B00221A6080F310
:1027D000108870472C0100D0F8B506000C001500D9
:1027E000FFF7E4FFE308F718F15C0722224001231A
:1027F00093400B4205D1DBB20B433B70FFF7E2FF86
:10280000F8BD2100280001F0E7FFF0B583B0060015
:10281000019114001F00FFF7C9FF00E00134BC4222
:102820000CD8E308F518F35C0721214001228A4007
:102830001A42F3D1D2B21A432A7001E00124644251
:10284000FFF7C0FF002C02DB200003B0F0BD019BAE
:10285000002BF9D0089801F0BFFF0000002307E02B
:10286000054A9A189200BFF35F8F0021116001336F
:102870001F2BF5D97047C04640000034054A107838
:10288000431CDBB21370172B02D9130010221A70ED
:102890007047C046F10D002000B583B00100044B25
:1028A00000931F2318220348FFF7AFFF03B000BDBA
:1028B000449D0010C0150020074B9B68103080001D
:1028C0001950BFF35F8FBFF35F8F044B0021196076
:1028D00082F310887047C04600ED00E0240100D06C
:1028E00010B5091A081F0A4B9C466144094A9142D7
:1028F00008D8C30706D440104005400D064B1843C6
:1029000080B210BD054B064AA321064801F0CAFE5D
:10291000FC070000FE0F000000E0FFFF609D0010BC
:10292000EC9F0010909D001010B5091A04394C0856
:10293000090B08D14905490D064A11430180064B90
:102940002343438010BD054B054AAB21054801F0E8
:10295000A9FEC04600F0FFFF00F8FFFFEC9D00104D
:10296000C09F0010909D001001238340034A10680F
:102970001840431E9841C0B27047C04600E100E0D5
:10298000002904D0034B1860034B18607047034BB9
:102990001860FBE780E200E000E100E080E100E099
:1029A00010B5012383401800FFF7EAFF10BD0000B7
:1029B00001238340014A13607047C04600E200E0F3
:1029C000024B9B6810308000C058704700ED00E05B
:1029D00010B5FFF7F5FF002805D0054BC01A2F28CA
:1029E00003D8012010BD0020FCE70020FAE7C04614
:1029F000F40D002070B504000D00EFF3108672B6E0
:102A00000C4B1B68002BFBD0BFF35F8F2000FFF740
:102A1000D7FF094B984201D0A84205D132002900C6
:102A20002000FFF749FF70BD044B054A8621054889
:102A300001F038FE240100D0CD010010FC9D0010F3
:102A400020A00010909D0010F0B5DE4657464E467F
:102A50004546E0B589B0814601911500EFF3108A33
:102A600072B6744B1B68002BFBD0BFF35F8F724BA9
:102A70000027DF57002F40DB7C00E419A4006F48DB
:102A800024180622A2566C4B1A706D4B9A684B465E
:102A900010339B00D35898461E001B1A2F2B38D991
:102AA000684B98452FD105AE674B33807B009B4622
:102AB000D8198000614B9846404402306349FFF7C3
:102AC0000FFF7080624BB380FF23B371F571019BE0
:102AD00007935F44BF0047440ECE0EC701231C433B
:102AE000A046524641464846FFF7E6FE09B0F0BC14
:102AF000BB46B246A946A046F0BD564B564AD72122
:102B0000564801F0CFFD564B534ADE21534801F0A1
:102B1000C9FDC04340440C2102F08AFF002912D1B4
:102B200001239E43B34633000026DA79AA4211D925
:102B30000621595600290CDB4A00521892001E004B
:102B40003E4B9B18F1E7474B434AEA21434801F0CB
:102B5000A9FD1E00002E3AD005AB434A1A80813AE7
:102B60005A800623F3560293002B17DA3F4805AB31
:102B70009B469880029A9A71DD71019A0792301DE6
:102B80002100FFF7ADFEB080B7717B00DB199B0021
:102B90002A4FFF185B4607CB07C7A2E77800C0198A
:102BA0008000264BC0180430321DB388D90A1C2976
:102BB00007D15B055915023149005118FFF790FE06
:102BC000D5E72B4B2B4AB121244801F06BFD05AE14
:102BD0001D4B33807B000293D8198000174A904622
:102BE000020042440392901C1849FFF779FE70805E
:102BF000039A101D5946FFF773FEB0801E4B5A46CC
:102C00004146521A524153431B0DB371F571019A5B
:102C10000792029B9C466744BF0047440ECE0EC7F6
:102C2000114B5A461380813B538001231C43A0461D
:102C300057E7C046240100D0311D0020F40D0020CC
:102C400000ED00E0CD01001000A1FFFF240E0020E8
:102C500001BDFFFF349E001008A00010909D0010E1
:102C60005C9E0010849E00100148000001BD000021
:102C7000F89E0010F89F0010AAAA0000F0B5CE46FA
:102C8000474680B583B006000D00EFF3108872B69A
:102C9000564B1B68002BFBD0BFF35F8F544B9A68D9
:102CA00034001034A300D758524B9F4207D0AF4294
:102CB00000D198E00197504BFB1A2F2B09D94246BF
:102CC00039003000FFF7F8FD03B0C0BCB946B0468C
:102CD000F0BD3000FFF748FE814600213000FFF7CD
:102CE0005FFEBFF35F8FEFF30581002901D08C42B7
:102CF00011D10123019C9C430022A368AB4212D056
:102D00000622A256002A0DDB53009B189B002200CE
:102D1000394CE418F1E73621384B394AFF3139484C
:102D200001F0C0FC2200AB4256D106256557002DAC
:102D300038DB6B005B199A002F4B9B189A68A260D6
:102D4000DA79E27106229A56A2719B795BB2002B66
:102D50000FDA2D48A0806B005B199B00264AD31820
:102D60002A4A11789971157049463000FFF718FE0C
:102D7000A5E7201D6B005B199B001F4A9B181A1DBD
:102D80009B88D90A1C2907D15B055B1502335900C2
:102D90005118FFF7A5FDDDE71D4B1E4AB12119486B
:102DA00001F080FC002912D1002A0ED0FF2393717C
:102DB000194B9380154A1378A371184B0E49641A66
:102DC000644163431B0D1370CEE70A4FF2E7201DE9
:102DD0001349FFF7A9FDC7E76A21124B084AFF31E3
:102DE000084801F05FFC034F69E7C046240100D0AA
:102DF00000ED00E0CD010010F40D0020109F001048
:102E0000D89F0010909D001001BD0000311D0020D2
:102E1000F89E0010F89F001001BDFFFFAAAA000055
:102E20002E0E0020449F001070B5012101432E4B4F
:102E3000CB1A2F2B28D8EFF30583002B2BD0EFF3E1
:102E4000108C72B6294A1268002AFBD0BFF35F8F3C
:102E5000274A0400244D641B64416243120D54B29E
:102E6000244A92689B00D2588A421BD00022032A2F
:102E700032D853009B189B001B49CB189B795BB23F
:102E8000A3421FD00132F2E7C7211B4B1B4A490066
:102E90001B4801F007FC92211A4B184AFF311848D1
:102EA00001F000FC134A92681749D150174B1A7869
:102EB00082711C70BFF35F8F0C4B00221A608CF381
:102EC000108870BD0D005300991889006918FF26FD
:102ED0008E710F4A8A80E9E7D1210E4B074A4900DB
:102EE000074801F0DFFBC046F40D0020240100D0AC
:102EF000AAAA000000ED00E04C9F0010A49F001063
:102F0000909D0010749F0010CD010010311D002015
:102F100001BDFFFF809F00100022044B02E0044926
:102F200002C30132072AFAD97047C04600E400E024
:102F30008080808000B583B00100064B009305239C
:102F400000220548FFF761FC002801DB1F23181A47
:102F500003B000BD889F0010391D0020024B9C4625
:102F600061448900016070474000003410B50400DE
:102F7000FFF784FC01002000FFF7F0FFFF2323711F
:102F8000BFF35F8F10BD10B50400FFF777FC0100A1
:102F90002000FFF7E3FFFF23237100236371BFF3DA
:102FA0005F8F10BD034B9C46614489000160BFF3F5
:102FB0005F8F70474000003410B504000120FFF718
:102FC0006BFC01002000FFF7EDFF10BD70B50500A0
:102FD0000C00080000F000FF0949200000F040FE4E
:102FE000FFF74CFC074B9C466044800068602C75E2
:102FF000D0231B061B786B75A400034BE55070BDF6
:103000001133001040000034B81A00200A4B1A682F
:10301000EFF3108172B61368002BFCD0BFF35F8F03
:10302000054B1B68BFF35F8F00221A6081F3108885
:1030300040BF002000217047DC1C002010B5002993
:1030400022D003681B7B99421ED8174B9C466144D3
:10305000090183689C4661440C684968002A19D0BC
:1030600003681B7B9A4215D883680F4884466244E4
:1030700012019A1810685368020001208B4201D88F
:103080000ED00020C0B210BD084B094A3C210948AF
:1030900001F008FB054B064A3C21064801F002FB03
:1030A000A242EFD8EDE7C046FFFFFF0F88A1001056
:1030B00008A4001034A1001010B500291ED0037B15
:1030C00099421BD84B005B18033B0468A446634439
:1030D000002919D0002A1DD0914221D0002A25D0E4
:1030E000047BA24222D804685000801803382018BC
:1030F0008170197800291FD11A7010BD104B114A28
:103100006821114801F0CEFA104B114A6F310E4878
:1031100001F0C8FA0F4B0E4A70210B4801F0C2FAB9
:103120000D4B0B4A7121084801F0BCFA044B054ACB
:103130006821054801F0B6FA41701A70DDE7C04613
:10314000ACA1001074A40010C8A1001030A200109F
:1031500050A400103CA2001048A2001070B5060058
:103160000D001400002914D0002A14D08068736860
:103170009847002806D0220029003000FFF79CFF66
:10318000280007E02A0021003000FFF795FF20000B
:1031900000E0100070BD0800FCE70000F0B583B04F
:1031A0000500009201930AAB1C780BAB1F78002C32
:1031B00026D003685A7B944207D10123002B19D1F2
:1031C000002C3BD1200003B0F0BD002C0CD01A7BAA
:1031D000944209D81A6863001B19033BD3189B78E3
:1031E000002BEBD00123E9E73E4B3F4A68213F48E3
:1031F00001F058FA3E4B3F4A67213F4801F052FA2E
:1032000003689C7B002CDBD012D01A7B94420FD831
:1032100062001219033A19688C4662445178997316
:10322000002900D1D9730023937053701370C7E73E
:103230002C4B2D4A68212D4801F034FA002C3AD04D
:103240002B681B7B9C4236D82C4BE3181B01AA68C9
:1032500094466344009A1A60019A5A60089A9A60E8
:10326000099ADA602E68002C2BD030D0337B9C4238
:103270002DD863001B19033B326894466344002237
:103280009A705A701A70717B22003000FFF766FF47
:103290007073844200D095E7287D009A019B00F06E
:1032A00027FD061E01D0002F17D00C9B002B00D14C
:1032B00088E71E7086E7124B124A3C210E4801F047
:1032C000F1F9114B114AA521084801F0EBF9054B22
:1032D000054A6821054801F0E5F92868210000F059
:1032E0003FFFE2E7ACA1001074A40010C8A10010D9
:1032F00060A2001080A4001034A10010FFFFFF0F97
:1033000088A1001008A4001030A1001064A40010CF
:10331000F0B5DE4657464E464546E0B58BB00990BF
:10332000002308938200B54BD658370052E0B44BC7
:10333000B44A3F21B44801F0B5F9B44BB44A3C213A
:10334000B44801F0AFF9002901D1002869D100216A
:10335000404600F0FBFEA04219D12A686B68069235
:103360000793AB689846EB689A464346002B14D007
:10337000002C18D03B681B7B9C4214D8631EFA6853
:10338000D35C08931B0218433861002015E0A24B60
:10339000A24A8E219F4801F085F9A14B9F4A9221B4
:1033A0009C4801F07FF9994B9E4A4121994801F0D0
:1033B00079F900239A46984600207B68BFF35F8F17
:1033C00000221A6086F310884346002B32D1002871
:1033D00000D10CE100F000FC02000B1EA7DB002076
:1033E0000021069007917868EFF3108672B60168A5
:1033F0000029FCD0BFF35F8F396888464C7B002CD6
:10340000D7D09AD0097B8C4297D8874965182D016F
:10341000B9688C46654428686968801A9941002912
:1034200091DD2A686B68099800F062FC00239A46D7
:103430009846C2E7089B1B02234399465146180051
:10344000C04705000E007A68EFF3108B72B6136860
:1034500059424B41D9B2002BF9D1BFF35F8F002EF7
:103460001EDB002E46DD3B69002B47D04B456DD15E
:1034700000F0B2FB02000B1E6EDB52197341002BF1
:1034800070DB002B72DB0021049101310391029467
:1034900051460191414600913800FFF77FFE4CE014
:1034A0003B69002BDDD04B4514D1069A079B521B7C
:1034B000B341002B14DB002B16DB002104910131FA
:1034C0000391029451460191414600913800FFF763
:1034D00065FE32E0554B514AA1214E4801F0E2F819
:1034E00001225242524BE6E7454B464A3F214648AD
:1034F00001F0D8F8002E01D1002DB4D13B68002C8A
:1035000050D05A7B944237D1012100294AD1DA7B2D
:10351000002A4DD19A7B002A03D1DA7B002A5AD1A6
:103520009C73DC73002C5CD03B681B7B9C4258D89E
:10353000FA68013C135D0133135500233B617A683F
:10354000BFF35F8F13608BF3108843E7374B334A29
:10355000A421304801F0A6F8294B2A4A3F212A48E5
:1035600001F0A0F801225242314B8AE7244B254A50
:103570003F21254801F096F8002C0DD01A7B94428B
:103580000AD862001219033A186884466244927895
:10359000002ABAD00121B8E7264B274A68212748DC
:1035A00001F080F8264B274AF621244801F07AF8EA
:1035B000002A0AD0197B8A4207D851008A18033A98
:1035C00019688C4662445470A4E71A4B1A4A682161
:1035D0001A4801F067F81C4B1A4AFB21174801F002
:1035E00061F80A4B0F4A41210A4801F05BF80BB021
:1035F000F0BCBB46B246A946A046F0BDB81A0020B2
:10360000E4900010D4A300100091001088A10010D5
:1036100008A4001034A1001088A20010ECA3001030
:10362000A0A200102CA40010FFFFFF0FACA20010FE
:10363000FFFFFF7FACA1001074A40010C8A1001010
:10364000E8A2001040A400100CA3001010B50C4B11
:103650005B68002B04D00A210A48FFF77FFC10BDED
:10366000074C2300084A1021206800F07FFC03204B
:1036700000F0A6FA03212000FFF7A8FCEBE7C04604
:103680003C0E0020DC1C00203D30001010B5064B25
:103690005B68002B01D0044810BD044B044A5E2136
:1036A000044800F0FFFFC0463C0E002020A300109D
:1036B00014A4001034A10010F0B5DE4657464E4663
:1036C0004546E0B58BB0804616001F00149B9A4615
:1036D000159B994616AB1B789B461F2302AA94465E
:1036E000634400221A702BE0002809D04246126879
:1036F000127B904204D8421E4146C9688A5C41E070
:10370000404B414A4121414800F0CCFF07984CE032
:10371000361BAF41002F07DB002F11DA3C4B3D4A2F
:103720003F213D4800F0BEFF012676423B4FF3E7C4
:10373000374B384A3F21384800F0B4FF002F4FDBA9
:1037400043465A68EFF3108472B6136859424B41EE
:10375000D9B20791002BF8D1BFF35F8F1F3302AAB4
:103760009446634404930023039302934B460193CE
:103770005346009332003B004046FFF70FFD031E07
:10378000B2D1020041464968BFF35F8F00250D604A
:1037900084F31088002B29D01F2302A98C46634490
:1037A0001B78002BB2D112021043002B20D05B46B5
:1037B000002B1DD04946D04704000D0003000B43E9
:1037C0001DD00029A4DB00F007FA06000F1EAFDBB6
:1037D00036196F41002FB1DA012676420F4FADE75F
:1037E0000B4B0C4A3F210C4800F05CFF012040428B
:1037F0000BB0F0BCBB46B246A946A046F0BD079848
:10380000F6E7C04688A100102CA4001034A10010D7
:10381000E4900010D4A3001000910010FFFFFF7F80
:10382000F8B50400002900D162E04268EFF310858A
:1038300072B6136858424341D8B2002BF9D1BFF396
:103840005F8FCBB22268567BB3421BD10120002888
:1038500048D0206988422BD0090AC9B2002B2ED04B
:103860002068007B83422AD8581EE668305C884274
:103870002BD000206368BFF35F8F00221A6085F3AE
:103880001088F8BD002B0DD0167BB3420AD85E001D
:10389000F618033E1768BC466644B678002ED6D0AC
:1038A0000120D4E7134B144A6821144800F0FAFEB3
:1038B0002C21134B134AFF31134800F0F3FE134B36
:1038C000134A4121104800F0EDFE1900100000F0ED
:1038D00047FC0028CED199210E4B0A4A49000A48DC
:1038E00000F0E0FE23698B42C4D100232361C1E7CD
:1038F0000020C6E7ACA1001074A40010C8A10010FD
:1039000044A30010BCA3001034A1001088A1001033
:103910002CA4001068A30010407D7047F0B587B05C
:1039200006000F00EFF30583002B1FD1062464422D
:10393000E517A4197D418D4202D803D1844201D9F3
:1039400000240025002D14DB0494059500F044F9B3
:1039500002000B1E13DBA41A9D41002D17DC14D0AE
:103960003000390000F044F907B0F0BD234800F002
:1039700033FF234B234A3F21234800F093FE204B83
:10398000204A3F21204800F08DFE002CE8D0FFF7B0
:103990007DFE0023029301931C4B0093049A059B28
:1039A000FFF78AFE002818DADAE7002300E0002398
:1039B000002BD5D1164B1A68EFF3108172B613683D
:1039C000002BFCD0BFF35F8F114B1B68BFF35F8FE1
:1039D00000221A6081F3108820BF0499059A0D4BCC
:1039E0005B6A9A42E3D80B48806A884203D29A42C3
:1039F000DBD00123DCE70123DAE7C0466CA300102B
:103A0000E4900010D4A30010009100100D300010BD
:103A1000DC1C00200040054070B504000D0000F0E3
:103A2000DBF802000B1E0ADB200029008018594138
:103A300000290ADB00290CDBFFF770FF70BD084B83
:103A4000084A3F21084800F02DFE01204042074966
:103A5000F0E7034B034A3F21034800F023FEC04632
:103A6000E4900010D4A3001000910010FFFFFF7F2E
:103A700010B5FA2292000023002102F06FFBFFF73D
:103A8000CBFF10BD70B584B005000C00EFF30583CB
:103A9000002B1ED1FFF7FAFD002302930193224B66
:103AA00000932A002300FFF707FE061E23DD20BF38
:103AB000FFF7ECFD3100FFF7B3FE1C4B5B6A9C4245
:103AC0002DD81A4A926AAA422CD29C4225D00120B3
:103AD00026E0164B5B6A994209D8144A926A8242E0
:103AE00007D2994201D001201AE0002018E00020FE
:103AF00016E0012014E00D4B5B6A9C4209D80B4A8A
:103B0000926AAA4207D29C4201D0012008E000201C
:103B100006E0002004E0012002E0002000E0002098
:103B200004B070BD0120FBE70D30001000400540DF
:103B300070B5EFF305801038EFF3108C72B61A4BA6
:103B40001B68002BFBD0BFF35F8F01221300834063
:103B500016494B6316490B60164909780C00C4409E
:103B6000224214D0114A546A8200134D5259944291
:103B700006D38200114C125999430E4B197007E07D
:103B80000A4A031D9B0099589950002200E0002228
:103B9000BFF35F8F044B002119608CF31088002A5B
:103BA00000D0904770BDC046280100D000400540BD
:103BB0003C700540381D0020F81C00209C1400209B
:103BC00010B50100024A0348FEF706FE10BDC046CC
:103BD00098A40010301D0020044B5B6A034A906AD1
:103BE0001900536A9942F9D17047C0460040054018
:103BF000084B5B6A01E0074B5B6A8B42FBD301E039
:103C0000044B5B6A8B4203D1024B9B6A8342F7D31E
:103C10007047C0460040054070B504000D00FFF736
:103C2000DBFF02000B0020002900801859418B4265
:103C300002D804D1824202D901204042C117002992
:103C400002DBFFF7D5FF70BD024B034A3F2103485B
:103C500000F028FDE49000105CA500100091001019
:103C600070B504000D00EFF3108672B61B4B1B6895
:103C7000002BFBD0BFF35F8F002D1CD02000FEF780
:103C80009FFE174B83420BD019002000FEF7B2FEB7
:103C900001212000FEF784FE0123A340114A136096
:103CA000A400114BE550BFF35F8F0C4B00221A604C
:103CB00086F3108870BDA2000B4B0021D150012269
:103CC000A2400A490B7893430B7005492000FEF788
:103CD000D5FF00212000FEF763FEE4E7280100D0B5
:103CE000313B0010386005409C140020381D002036
:103CF000F0B5DE4600B584B00400150001921E0048
:103D00000293FFF769FF03958E4202D84ED1854298
:103D10004CD9EFF3108B72B6274B1B68002BFBD0EE
:103D2000BFF35F8F254A17780125A540EBB23B43CF
:103D30001370234B5D63221D92000199D150A200A4
:103D40002049029850501B6A2B4212D11C4B1B6C0D
:103D50002B4208D00020BFF35F8F174B00221A6060
:103D60008BF3108823E0184B184AC521184800F03F
:103D700099FCFFF731FF8E4214D802D1039B834296
:103D800010D80E4B1B78BB420ED00D4B1D625D63ED
:103D90001F2004400123A3400E4A1360074B1F70ED
:103DA0001E38D8E70020D6E70120D4E7012004B070
:103DB00080BCBB46F0BDC046280100D0381D0020A5
:103DC00000400540F81C0020BCA4001040A50010D5
:103DD000E0A4001080E200E0EFF3108C72B60B4B11
:103DE0001B68002BFBD0BFF35F8F01238340084A81
:103DF000136208490A789A430A70BFF35F8F034B36
:103E000000221A608CF310887047C046280100D049
:103E100000400540381D002010B500291ED0037B4E
:103E200099421BD84B005B18033B0468A4466344CB
:103E3000002919D0002A1DD0914221D0002A25D076
:103E4000047BA24222D8046850008018033820184E
:103E50008170197800291FD11A7010BD104B114ABA
:103E60006821114800F01EFC104B114A6F310E48BA
:103E700000F018FC0F4B0E4A70210B4800F012FCAA
:103E80000D4B0B4A7121084800F00CFC044B054A0D
:103E90006821054800F006FC41701A70DDE7C04655
:103EA000ACA100107CA60010C8A1001030A2001028
:103EB00068A600103CA2001048A2001070B50600D1
:103EC0000D001400002914D0002A14D080687368F3
:103ED0009847002806D0220029003000FFF79CFFF9
:103EE000280007E02A0021003000FFF795FF20009E
:103EF00000E0100070BD0800FCE7000010B50023D2
:103F0000437301338373037BC3730123027B9A42A0
:103F100014D9002B0CD0027B934209D85A00D21836
:103F2000033A01688C4662440133DBB25370EDE71B
:103F30000B4B0C4A68210C4800F0B4FB002A09D056
:103F4000924207D8016853009A18033A8A1800234E
:103F5000537010BD024B034A6821034800F0A2FBD6
:103F6000ACA100107CA60010C8A1001010B5017310
:103F700042608360FFF7C2FF10BD000070B504000F
:103F8000081E00D170BD002934D0237B994231D85E
:103F90004B005B18033B2268944663445A78002A1E
:103FA000F0D02DD0237B9A422AD853009B18033B94
:103FB00021688C4663445D7800215970002825D023
:103FC000237B984222D843001B18033B21688C4670
:103FD00063440021597001002000FFF76FFF0600C5
:103FE00029002000FFF7CAFF020031002000FFF780
:103FF00065FFC7E7084B094A6821094800F052FBF2
:10400000054B064A6821064800F04CFB024B034A68
:104010006821034800F046FBACA100107CA600100C
:10402000C8A1001070B505000C00160000292FD0A3
:1040300034D0037B994231D84B005B18033B0268B4
:10404000944663445A78002A2ED19A78002A31D1B6
:104050001978FFF793FF0300002E0AD0EA7B002AAD
:104060002ED1AA7B002A03D1EA7B002A3BD1AC7374
:10407000EC73002B3DD1002C4FD02B7B9C424CD8B5
:104080002B6861000C19033C1C190023637070BD80
:10409000254B264A3821264800F004FB254B264AAA
:1040A0006821264800F0FEFA254B204A3A21204894
:1040B00000F0F8FA234B1D4A3B211D4800F0F2FAAC
:1040C000002A0AD0297B8A4207D851008A18033A6D
:1040D00029688C4662445470C3E7164B164A68211F
:1040E000164800F0DFFA184B104A4221104800F041
:1040F000D9FA002B0BD02A7B934208D843001B1817
:10410000033B2A689446634400229A70B3E7094B44
:10411000094A6821094800F0C5FA064B064A682199
:10412000064800F0BFFAC04674A5001054A600105F
:104130007CA50010ACA100107CA60010C8A1001046
:10414000D0A50010F8A500100CA3001070B5040055
:104150000A00457B2900FFF765FF6073280070BDEA
:1041600070B50400002967D0437B8B420ED0002934
:1041700011D0037B99420ED84B005B18033B0268B9
:10418000D0188378002B0CD1002056E00121FFF7D6
:10419000DDFF012051E0294B294A6821294800F020
:1041A00081FA002B20D0227B93421DD85A00D318CD
:1041B000033B2268D2182568EB5C8B421AD0002B97
:1041C0001BD0227B934218D85A00D318033B226895
:1041D000D21853788B4216D0002BF0D11A4B1B4AC1
:1041E0006B211B4800F05EFA144B154A68211548F4
:1041F00000F058FA4378137007E0104B104A68211A
:10420000104800F04FFA43785370002383704370D6
:1042100001222000FFF706FF0200617B814205D0EA
:104220002000FFF74BFE6073012006E0094B074AB0
:104230007121074800F036FA002070BDACA10010D3
:104240007CA60010C8A10010809F00103CA60010A2
:104250007CA500101CA60010F8B5DE4657464E4659
:104260004546E0B505000F0092460A9A934250D3A6
:104270001A0E91461E020A9A00233000494601F0A8
:1042800015FC80466C006419A400304B9C466444C5
:104290006368834200D260602B1FDBB29B46012B18
:1042A0003DD9C0239B012343802212011A60AB0039
:1042B000274A9958002907D0506901F0B9FB431CDF
:1042C0005800C0180338FDD253465A0123685A409B
:1042D000E0231A4080235B0123431A605A46012AD7
:1042E00028D980239B012343802212011A60434670
:1042F0006360424600233000494601F0D7FBAD0021
:10430000134B58510120F0BCBB46B246A946A0460B
:10431000F8BD104B104A3321104800F0C3F9012FAB
:10432000BFD1C0239B01234303221A60A368DB078C
:10433000FCD5C9E72168794003220A401A60A268C7
:104340000123BB401342FAD0CBE7C04600800040B7
:10435000D415002088A60010FCA600109CA6001012
:1043600030B583B00C2000F011F9FEF715FA0028E3
:104370000DD0002304E099002D4A2E4888500133C7
:10438000092BF8D92A4B2C4A5A6203B030BD2B4B6B
:1043900000229A6700F06CF9294B01221A60274B22
:1043A0005B6C012BFBD1274B03221A60234B9B6BC9
:1043B000012BFBD1013300930433234A012123480D
:1043C00000F054F805230093214A0121214800F010
:1043D0004DF8214B0093002202210420FFF73CFFFF
:1043E0001E4D00952B00002201210520FFF734FF10
:1043F000104C00942300002200210720FFF72CFF1F
:1044000000942300002200210820FFF725FF0A4B1B
:1044100000932300002200210920FFF71DFF0095D3
:104420002B00002200210620FFF716FFADE7C04653
:10443000D4150020006CDC021BB700000080004097
:104440003CB0004030B00040002F6859008002406E
:10445000008C864700C00240001BB700405973071C
:104460008000014BC0587047D4150020F0B5C646F7
:1044700000B504000E0017001D00374801F0D8FAFF
:104480008046364BFA18364B9A4239D8010038002C
:1044900001F0CEFA0200103A98235B009A4235D818
:1044A0006B1E062B38D8069B013B062B34D83F09E0
:1044B000474537D32D04069B1A0315432368002B69
:1044C00036DB284B9C4244D080225201264B1A6096
:1044D000264B1A60264B9B6811009943FAD126603F
:1044E000A060231DC02292011A4321231360236878
:1044F000002BFCDAE5600823136080BCB846F0BDF1
:104500001C4B1D4A11211D4800F0CCF81C4B1A4AC7
:1045100019211A4800F0C6F81A4B174A1C211748EF
:1045200000F0C0F8184B144A2321144800F0BAF8E0
:1045300022683F231340B342C3D1A3681B051B0D60
:104540008342BED1E368EE22D2021340AB42B8D11F
:10455000D3E780229201B9E7001BB70080E84BD374
:1045600080F8A93200C0024000E0004000F00040A6
:1045700000C000400CA700104CA800106CA7001051
:10458000C8A70010E4A7001030A8001080239B00EB
:104590000343014AD362704700800540024B1A680A
:1045A000024B5A607047C046701A002000800540D8
:1045B00010B50200164B8020C0051860154B164838
:1045C000186000290AD0154BE021C9041960002A9F
:1045D00009D1124B802212061A6010BD0C4BE0214B
:1045E000C9041960F3E753019B1A98008018000171
:1045F0000B4B186080235B04984202D3084B094A96
:104600001A60FFF7CBFF054B8022D2051A60E4E762
:1046100000B0054008200140FCFF010000A005405B
:10462000701A0020FFFFFF0010B5030010000C4AB5
:104630008024E4051460002B0DD001221343094AA5
:10464000094CD461094C5C401462516293620021B0
:10465000FFF7AEFF10BD034B0022DA61F7E7C0465B
:1046600000B0054000800540D3C007B02D3FF84F93
:10467000064BAA2212011A602F22DA60044B054A67
:104680001A60024B5B68002BFBDA70470040024067
:104690000060024000B0FA0000BEFDE710B5FFF771
:1046A000FBFF000010B582B00C001900002A0CD0EE
:1046B000084B002A0BD00192009323000200064809
:1046C00001F024FF0120FFF7E7FF044BF1E7034A65
:1046D000F1E7C04658A8001068A80010E09000104C
:1046E00070B52B4B2B4A1A602B4B2C4A1A602C4B63
:1046F0009A682A4B9343FAD12A4C01E008CC984798
:10470000294B9C42FAD3FFF72BFE234B274A1A6012
:10471000234B9B68DB43DB01FAD1254B40229A6790
:104720005A671A67DA66234C09E0234B234A87212C
:104730002348FFF7B7FF2000FEF718FC0834214B91
:104740009C4209D22368002BF5D0012BEDD120002B
:10475000FEF719FC0834F2E71B4CA1681B4DC02280
:10476000280001F06DFDA560EFF30583002B00D05C
:1047700000BEFEF773F8FEF7CFFBFEF767FF144CA1
:1047800001E008CC9847134B9C42FAD370BDC04659
:1047900000E00040BFCDFBFE00F00040FE7F3C008B
:1047A00000C00040E00E0020F00E0020FFFFFF01DF
:1047B00000F00140D80E002098A8001028A9001091
:1047C000B8A80010E00E002000ED00E0000000207E
:1047D000F00E0020F80E00200FB400B583B008489A
:1047E00001F064FE049B002B07D005A9019118007D
:1047F00001F06CFE034801F059FE0120FFF74CFF69
:1048000018A90010709500109A4200D28854704781
:10481000704710B5002802D00B684968984710BD52
:104820000100002007E083001B185B00501C08609B
:104830001078C01830380A681378303BDBB2092B87
:10484000F1D97047F0B5DE4657464E464546E0B5CD
:1048500083B093461F000C9B9A460D9C0E9B994675
:104860000F9B9B0703D0B8460F00060022E0019281
:10487000A34688464E46B9460700B44207D2551CA7
:104880004B4641462020B84701342A00F5E73D0059
:104890004F465C46019B9B46B1464646B8463700AC
:1048A0002E0007E0013C551C5346185D4346390075
:1048B000B0472A00002CF5D135003E0047460F9B3B
:1048C0009B0707D4100003B0F0BCBB46B246A94614
:1048D000A046F0BDB0464E46B9462F005D46531B7C
:1048E000B342EFD2541C4B4641462020B847220029
:1048F000F5E7F0B5CE46474680B585B09446984674
:104900000C9D0D9C0EAB1B789946109A119B129E24
:10491000B7071CD4002B0CD0F7070AD54F46002F41
:1049200002D10C37374204D0013B02E030272F552B
:104930000134944201D21F2CF8D9F70707D59C42C5
:1049400005D21F2C03D830272F550134F5E7F70681
:1049500015D5770505D4002C03D0944224D09C4271
:1049600022D00F9A102A2BD00F9A102A30D00F9AEB
:10497000022A35D01F2C02D830222A5501341F2C90
:1049800005D84A46002A31D02D222A5501340396F3
:1049900002930194009543466246FFF753FF05B02A
:1049A000C0BCB946B046F0BD621E012C06D00F9FB8
:1049B000102F01D01400D4E7023CD2E71400D0E756
:1049C000B206D1D41F2CCFD878222A550134D1E792
:1049D000B206CCD51F2CCAD858222A550134C9E7B3
:1049E0001F2CC7D860322A550134C3E7720703D59C
:1049F0002B222A550134CAE73207C8D520222A556E
:104A00000134C4E7F0B5DE4657464E464546E0B5AC
:104A100093B081468A46089209931CAB10CB1B7851
:104A20009B461E9D219B9846002C03D11023424695
:104A30009A4390468023DB0046461E4042461A4277
:104A400012D0002C22D000260EE03033D9B2771CD1
:104A50000AAB99552900200000F0EAFFAC4216D3BA
:104A60001F2F14D83E0004002900200000F0E0FFB2
:104A7000CBB2092BE9D94246920605D54121C91886
:104A8000C9B20A39C9B2E2E76121F8E72700434613
:104A90000693209B05931F9B049303955B4602930B
:104AA00001970AAB0093099B089A51464846FFF7C5
:104AB00020FF13B0F0BCBB46B246A946A046F0BDED
:104AC000F0B5DE4657464E464546E0B595B00890EF
:104AD00009910A920B931E9E1F9C20AB1B789B464C
:104AE000229B9946239D269B9A463300234303D15C
:104AF000103352469A4392468023DB0057461F40AC
:104B000052461A4219D0330023432DD0002714E017
:104B10003033DAB27B1C98460CABDA554A462B0090
:104B20003000210000F0C2FFA5421FD819D0434633
:104B30001F2B1BD8474606000C004A462B003000AE
:104B4000210000F0B3FFD3B2092BE1D952469206FF
:104B500005D54122D218D2B20A3AD2B2DAE761229E
:104B6000F8E7B145E3D901E00023984653460693A0
:104B7000259B0593249B04934B4603935B4602932A
:104B8000434601930CAB00930B9B0A9A0999089832
:104B9000FFF7AFFE15B0F0BCBB46B246A946A04633
:104BA000F0BD0000F0B5DE4657464E464546E0B53E
:104BB00091B083468A460C9298461A9C08941B9D95
:104BC000099522002B002000290001F0EAF90028B5
:104BD00000D0E5E001225242D74B2000290001F02D
:104BE000DBF9002800D0DBE001225242D34B200049
:104BF000290001F0BBF9002800D0D1E000220023F9
:104C0000089E3000099D290001F0B0F9002800D06D
:104C1000DDE008980999069007918023DB001E9A31
:104C20001A400D921E9A1A4201D106231C9306982F
:104C3000079904000D000A000600024300D1D1E0EC
:104C4000080D4005400DBE4CA44660440A03120BFB
:104C5000BC4B13431F0001F0B7F9BB4ABB4B01F03B
:104C600046F9BB4ABB4B01F023F904000D000022BA
:104C7000B94B3000390001F016F9B84AB84B01F0D1
:104C800036F902000B002000290001F011F901F0B3
:104C9000B3F9814601F098F904000D00B14AB24B16
:104CA00001F025F90022B14B01F002F901F0A4F95D
:104CB0000600AF4AAF4B2000290001F018F90400AC
:104CC0000D00300001F080F9AB4AAC4B01F00FF958
:104CD00002000B002000290001F0E5F804000D009F
:104CE00002000B0001F003F90A900B91A44BF3189A
:104CF00000261F0522002B002000290001F0D8F813
:104D00000E900F9122002B0000208021C90501F098
:104D1000CAF804000D0000229A4B0A980B9901F082
:104D2000CCF80022984B01F0C3F802000B000A985F
:104D30000B9901F0C2F80022944B01F0B9F802007F
:104D40000B000A980B9901F0B8F802000B00200044
:104D5000290001F0ADF802000B000E980F9901F048
:104D6000ACF80022774B01F0A3F832003B0001F0D1
:104D7000BEF806000F0004000D00069A079B01F024
:104D80000BF9002830D001235B429C46E14400220D
:104D90007D4B3000390001F090F804000D0023E055
:104DA0001E9B04931D9B03931C9B0293089A099BD3
:104DB0000092019343460C9A5146584600F0FCF885
:104DC00011B0F0BCBB46B246A946A046F0BD0023D8
:104DD000002406930794069680231B069C46654490
:104DE00007951AE7002399464B466333C62B1ED816
:104DF00004261E9B1B0526D52B0023430FD0644A97
:104E0000644B0698079901F0BFF8002879D000227A
:104E1000614B0698079901F0A9F8002871D01C9BF6
:104E20004B4506DD4A46981A431E1C9303E00526AF
:104E3000DFE700231C938023DB001E9A1A431E9297
:104E40000026002399461D9B9E4264D29F1B02238D
:104E50001E9A1A400A921E9A134202D0002E00D0C7
:104E600000274B46002B07D022002B0006980799FD
:104E700001F023F806900791002200230898099971
:104E800001F074F8002848D1444B1E9A1340049353
:104E900003971C9B0293069B079C00930194434637
:104EA0000C9A5146584600F087F8002E00D187E74B
:104EB0001E9B9B063DD54525441C4346020051469A
:104EC0002800D8474B46DA179B1853400522059215
:104ED000013E0496002203920A3202924A46D00F03
:104EE000019000934346220051465846FFF78AFD41
:104EF0000A9B002B00D163E702005F460C9E1D9DBC
:104F000054E01C9B002B9ED00D9B002B9BD01C9B28
:104F1000013B1C9397E7002799E7069C079D220019
:104F2000290080200006844661440B000692079306
:104F3000AAE76525C0E7C046FFFFEF7FFFFFEFFF51
:104F400001FCFFFF0000F03FFB799F501344D33F6B
:104F5000B3C8608B288AC63F0000F83F61436F6387
:104F6000A787D23F71A379094F930A400000E03F21
:104F70001655B5BBB16B0240EF39FAFE422EE63F43
:104F8000FF03000000002C400000244000001840F7
:104F90002D431CEBE2361A3F80842E41FFF7FFFFC2
:104FA000541C434651462020B8472200931BAB4275
:104FB000F6D3100004E7C046F0B5DE4657464E462D
:104FC0004546E0B595B00690079193469946209FD7
:104FD0001E9A1F9B1000190000F0E3FF002831D13A
:104FE00001225242BF4B1E981F9900F0BFFF0028BC
:104FF00037D101225242BC4B1E981F9900F0CCFFC2
:1050000000283DD10022B94B1E981F9900F0C4FF23
:10501000002850D10022B64B1E981F9900F0A6FF21
:10502000002848D1002200231E981F9900F09EFFFF
:10503000002850D100239846229B5B0500D4B6E09F
:10504000002458E0229B0393219B029303230193A6
:10505000A84B00934B465A4607990698FFF7F2FB78
:105060000EE1229B0393219B029304230193A24B05
:1050700000934B465A4607990698FFF7E3FBFFE07B
:105080000423229A1A4022990B4210D09B4B002AEB
:105090000FD0042222990391219902910192009349
:1050A0004B465A4607990698FFF7CCFBE8E0944B2D
:1050B000EDE70322EEE7229B0493219B03930297E3
:1050C0001E9B1F9C009301944B465A4607990698D5
:1050D000FFF768FDD4E01E9A1F9B0020002100F01E
:1050E000E2FE1E901F9101239846A5E70CAB3022EB
:1050F0001A55013F01341F2C01D8092FF6D81E98EC
:105100001F9900F079FF050000F05EFF02000B0020
:105110001E981F9900F0C7FEFA007A4B9B181A6878
:105120005B680A920B9300F0E2FE0890099100F090
:1051300087FF060000F044FF02000B000898099961
:1051400000F0B1FE0890099100226F4B00F024FF9F
:1051500000282ED00136300000F032FF02000B0094
:105160000A980B9900F008FF002801D001350026AD
:10517000002F2CD1280000F027FF02000B001E9802
:105180001F9900F090FE06000F0000225E4B00F019
:10519000EDFE002846D100225B4B3000390000F0C4
:1051A000FBFE00283ED1EB073CD501353AE006274F
:1051B00046E70022544B0898099900F0D7FE0028D2
:1051C000D6D1002E01D0F307D2D50136D0E7AA46BA
:1051D0001F2C11D8013F0A21300000F029FC651C6A
:1051E00030310CAB19550A21300000F021FC092E9A
:1051F0000ED906002C00EBE755461F2C0CD87B1E61
:10520000002F09D00CAA302111551F000134F4E7FA
:105210002B0055461C00F0E71F2C03D80CAB2E22A8
:105220001A5501341F2C10D80A21280000F0D8FB91
:10523000661C30310CAB19550A21280000F0D0FB58
:10524000051E01D03400EDE734000323229A1340F9
:10525000012B1CD01F2C06D84346002B32D00CABA0
:105260002D221A550134229B0393219B0293019412
:105270000CAB00934B465A4607990698FFF7E2FAA3
:1052800015B0F0BCBB46B246A946A046F0BD219B76
:10529000002B13D04346002B02D10C3313420FD006
:1052A000219B013B2193190003E00CAB30221A55DE
:1052B00001348C42CED21F2CF7D9CBE72199F8E7E5
:1052C0002199F6E7229B5B0704D50CAB2B221A55DC
:1052D0000134C8E7229B1B07C5D50CAB20221A5509
:1052E0000134C0E7FFFFEFFFFFFFEF7F65CDCD414A
:1052F00065CDCDC144A9001048A900103CA90010FB
:1053000038A9001030AB00100000E03FF0B5DE46D9
:1053100057464E464546E0B593B082468B4690468A
:105320001193002900D1EBE200275546119B187814
:10533000002800D1E7E2252809D07C1C43463A002A
:105340005946A847119B013311932700EEE701331B
:1053500011930024119A11780B00203BD8B2102829
:1053600003D88300D048C3589F460B00303BDBB2C4
:10537000092B2CD92A292FD000230A93119B1A78A4
:105380002E2A39D000239A46119A1378683BD9B255
:10539000122976D88B00C549CB589F4601231C4360
:1053A00001321192D6E702231C4301321192D1E758
:1053B00004231C4301321192CCE708231C43013221
:1053C0001192C7E710231C4301321192C2E711A8C2
:1053D000FFF726FA0A90D1E71C9B1A1D1C92186849
:1053E000002804DB0A90119B01331193C6E70223C6
:1053F0001C4343420A93F6E78022D20014435A1C0E
:1054000011925A781300303BDBB2092B04D92A2AB7
:1054100007D000239A46B7E711A8FFF701FA8246A2
:10542000B2E71C9B1A1D1C921868002804DB8246F8
:10543000119B01331193A7E70020F8E780235B005D
:105440002343511C119152786C2A01D01C0018E0A2
:10545000C0239B001C430131119112E080232343A0
:10546000511C11915278682A01D01C0009E0C02318
:105470001C430131119104E080235B001C43013285
:105480001192119B18780300253BDAB2532A00D9F8
:105490002CE29300864AD3589F4680239B001C43EE
:1054A00001321192EDE780235B001C43013211921F
:1054B000E7E7782809D0582838D06F2838D06228F4
:1054C00038D010239C430A2600E01026582833D0F9
:1054D000692803D0642801D00C229443630501D5C8
:1054E0000122944369282AD0642828D0A30500D536
:1054F0009FE0E30500D5B8E0630600D4CAE01C9A3B
:10550000111D1C911168FF220A4005940A9B049307
:1055100053460393029600230193009243463A00B8
:1055200059462800FFF76EFA070027E01026CDE75E
:105530000826CBE70226C9E720221443C8E7A305C3
:1055400020D4E30550D4630666D51C9A111D1C9126
:105550001168FF220A40D317D118594005940A9BBD
:105560000493534603930296D20F0192009143464F
:105570003A0059462800FFF745FA0700119B01330E
:105580001193D3E61C9BDA1D07218A4311000831D1
:105590001C91116853689C46DB170C930D930C9A71
:1055A0000D9B100048400E90624653400F930E989A
:1055B0000F990C9A0D9B801A99410E900F910894A7
:1055C0000A9B07935346069304960023059363466C
:1055D000DA0F02920090019143463A0059462800A2
:1055E000FFF76EFA0700C9E71C9A111D1C9112689B
:1055F000D317D118594005940A9B0493534603933B
:105600000296D20F0192009143463A005946280073
:10561000FFF7F8F90700B1E7230605D51C9A111D1D
:105620001C910023D25E96E71C9A111D1C911268F2
:1056300091E71C9BDA1D07218A43110008311C9158
:1056400008940A9B079353460693049600230593F8
:105650000293136854680093019443463A005946F4
:105660002800FFF72DFA070088E71C9A111D1C91EE
:1056700005940A9B049353460393029600230193D7
:105680001368009343463A0059462800FFF7BAF9D9
:10569000070073E723060DD51C9A111D1C91126893
:1056A0001204120C31E7C04650A9001094A9001052
:1056B000E0A900101C9A111D1C91126825E74628CC
:1056C0001AD01C9B0733072293431A0008321C92FE
:1056D00004940A9A0392524602925C681B680093F3
:1056E000019443463A0059462800FFF765FC07003D
:1056F000119B0133119319E620231C43E1E767282E
:1057000001D0472802D180231B011C43452801D02A
:10571000472801D120231C431C9B073307229343B6
:105720001A0008321C9204940A9A0392524602927A
:105730005C681B680093019443463A005946280070
:10574000FFF730FA0700119B01331193EEE50223B6
:105750001A002240924623421FD001241C9B1A1D8E
:105760001C927A1C9146187843463A005946A8473D
:105770005346002B16D1119B013311934F46D5E5AB
:10578000561C434659462020B847230032005C1C73
:105790009D42F5D83D001700E0E701233A002F00B5
:1057A0000A9DF4E74A46A9460A9D06E0571C43466F
:1057B00059462020C84734003A00661CA542F5D857
:1057C0004D469146D7E71C9B1A1D1C921B689946B3
:1057D0005346002B00D1013B4E4601E00136130039
:1057E0003278002A02D05A1E002BF7D14B46F21A0B
:1057F00010928023DB0026001E401C4203D052453D
:1058000001D95346109302231A0022400B922342DF
:1058100005D03A0037004C46A946554620E03A00EC
:10582000109B5F46B3462E0006E0551C43463900E8
:105830002020B04723002A005C1C0A999942F4D822
:1058400035005E46BB46109437004C46A946554687
:1058500006E01D000134561C43465946C847320035
:105860002078002804D0002FF4D06B1E002DF0D13A
:1058700017004D460B9B002B03D1119B0133119355
:1058800054E50A9F109B06E0561C434659462020CB
:10589000A847230032005C1C9F42F5D81700ECE7B4
:1058A00021231C431C9B1A1D1C921B68009305940A
:1058B0000823049353460393102302930023019378
:1058C00043463A0059462800FFF79CF80700119B11
:1058D000013311932AE57C1C43463A0059462520A2
:1058E000A847119B0133119327001FE57C1C4346F9
:1058F0003A005946A847119B01331193270015E53B
:105900000A4B9A4610E5AA46474502D343465A1E1B
:1059100000E03A00434659460020D047380013B013
:10592000F0BCBB46B246A946A046F0BD11480010E7
:105930000EB410B585B0010007AC08CC0394012269
:10594000009452420348FFF7E1FC05B010BC08BCCC
:1059500003B018470948001000B585B002900391C4
:105960000121009313004A4202A90248FFF7CEFC2E
:1059700005B000BD1348001001480421014B184731
:10598000700E0020A959001010B5010018231B88C3
:1059900014221088984710BD10B5010018231B88E9
:1059A00016221088984710BDF0B5C64600B507000E
:1059B0000E0000250123984600E00135B5420AD2C9
:1059C000AC003C192068FFF7DFFF20600028F4D10D
:1059D00000239846F1E7404680BCB846F0BD000081
:1059E000124A936F9B0815D29066D166002905D0A4
:1059F000FFE7FFE7FFE7516F106F704704B58021A5
:105A00000906C2175140002800D0C84303F000FB2C
:105A1000002104BDF0B5146E556E576F166FFFF779
:105A2000E3FF1466556657671667F0BD000000D0A7
:105A3000114A936F9B0813D210665166002905D056
:105A4000FFE7FFE7FFE7516F106F704704B50028CD
:105A500001D00020C04303F0DBFA002104BDC046A2
:105A6000F0B5146E556E576F166FFFF7E5FF1466AD
:105A7000556657671667F0BD000000D094464A4A45
:105A8000926F9208624601D228E0C046F0B5464EB9
:105A9000346E756E776F366F00F020F89446424A88
:105AA00014665566576716676246F0BD94463E4ACF
:105AB000926F9208624601D254E0C046F0B53A4E69
:105AC000346E756E776F366F00F04CF89446364A38
:105AD00014665566576716676246F0BD002B24DBD7
:105AE00011D000293EDA00B5C943404200D101314E
:105AF00000F038F8C943404200D10131DB43524243
:105B000000D1013300BD002AEBD1002801D10029CA
:105B100005D00020C90FC90701D1C043410800B515
:105B200003F066FA0022002300BD00B500290ADB5D
:105B3000DB43524200D1013300F014F8C943404224
:105B400000D1013100BDC943404200D10131DB43E6
:105B5000524200D1013300F005F8DB43524200D13C
:105B6000013300BD002923D1002B18D1002A0CD00D
:105B7000BC460D4F38667A6600210023FFE7FFE739
:105B8000FFE77A6F386F67467047002801D00748F3
:105B9000010000B503F02CFA0022002300BD020032
:105BA0000B00002000217047000000D0FFFFFFFF26
:105BB000002B00D0BFE0130C28D1002AE7D080B41E
:105BC000114F39667A66FFE7FFE730B4040C7B6F4C
:105BD000396F1B0423433B667A66FFE7FFE7FFE765
:105BE000C04684B27B6F3D6F1B0423433B667A66DD
:105BF000FFE7FFE7C04600232C042D0C7A6F386FB7
:105C000000196941B0BC7047000000D0F0B594465F
:105C10000025140E01D112020835140F01D1120112
:105C20000435940F01D192000235D40F01D15200F6
:105C30000135D40B0134254F7C66254C3C660E0C97
:105C400093B2FFE7FFE7FFE73C6F6643360C77034D
:105C5000BE467343DF0B5B04C01AB941130C734398
:105C6000DB18C91ACE086643360CB64493B27343A8
:105C70001F0F1B01C01AB941130C73431F0B1B05E7
:105C8000C01AB941860D8F023E436643360C092D7A
:105C900024DB520A7243801A7703460A6643360CA5
:105CA00016235B1BDE40DF40BF1964466643821B40
:105CB0007046043506330100D940A840C01900D30E
:105CC0000131A24206D20023F0BD0000000000D046
:105CD000FFFFFFFF121B0130F3D3F1E709277F1B02
:105CE000FE406446A2B27243801A00D20139220CEF
:105CF0007243130C1204821A99410B00704604354A
:105D000013370100F940A840801900D30131002B5E
:105D100002D1A2420AD2F0BD013000D30131121BE0
:105D2000FAD2013BF8D1A24200D2F0BD013000D33B
:105D30000131121BF7E7F0B51C0C00D080E00CB469
:105D400000251C0A04D11B02160E3343120208352B
:105D50001C0B04D11B01160F3343120104359C0B9D
:105D600004D19B00960F334392000235DC0B02D125
:105D700092185B4101351C00971864410134464F6D
:105D80007C66464C3C660E0CFFE7FFE7FFE7C0462B
:105D90003C6F6643360C7703BE4697B27743C01B11
:105DA00000D20139C01B00D201399FB27743C91B11
:105DB000C91B170C77437E04FF0B801BB941CE082B
:105DC0006643360C0C2D33DBB644120B1F053A43E9
:105DD0001B0B97B27743C01B00D201399FB27743A8
:105DE000C91B170C77433E043F0C801BB941860D3D
:105DF0008F023E43664329277F1BFE400C3D7746BA
:105E0000AF40BF1930BCA2B2ABB272437343801A29
:105E10009941220C7243130C1204801A994102001A
:105E20000B000137001BA941F9D2781E0021F0BDFB
:105E30000C277F1BFE4077467F0BAF40FF19E0E742
:105E400000245D1C07D0144F7D663966FFE7FFE72D
:105E5000FFE7FFE73C6F95B29EB265436643401B88
:105E6000B141150C1E0C6543664336042F0C3E43AE
:105E70002D04401BB141994204D202000B002000C6
:105E80000021F0BD01D19042F7D3801A994101342D
:105E90009942F2D3F6E70000000000D0FFFFFFFFB9
:105EA00048404140484018B4134B5B68019308BD1B
:105EB00018B4114B1B68019308BD94460F4A926FAA
:105EC000920805D2624618B40B4BDB68019308BDFB
:105ED0000A4AF0B5146E556E576F166F6246FFF79B
:105EE000F2FF064A1466556657671667F0BD18B488
:105EF000014B9B68019308BDD81A0020000000D018
:105F0000FFB550404240504059404B40594000E09E
:105F1000FFB5154F4C00640D03D0BC4204D10C03F7
:105F200014D80020090D09055C00640D03D0BC42A3
:105F300004D11C030AD800221B0D1B0501264B406F
:105F400009D44B4003D58B4200D18242FFBD994218
:105F5000FCD19042FFBD0B43DB1803431343F5D044
:105F6000C9434918FFBD0000FF07000000B5FFF757
:105F7000CFFF804100BDC04600B5FFF7C9FF01D982
:105F8000002000BD012000BD00B5FFF7B9FF01D919
:105F9000002000BD012000BD00B5FFF7B1FF80412A
:105FA00000BD012040054A00121804D85A001218FA
:105FB00001D8002070470120704700207047000082
:105FC0000021002805D17047C1174840401AFAD077
:105FD000C90713B5064B1B6898470CBC441CA2406C
:105FE0001005120B0349091B09051943114310BD84
:105FF000D81B00201F04000010B54C00620D802348
:10600000D218DB00D21A5B057E2A10DD9E3A13DA25
:10601000CC170903490819435242D14064000134A6
:106020001532202A05DAD0400843604310BD002015
:1060300010BD0846604310BDC80FC018013810BD20
:1060400018B4024B5B6A019308BD0000D81A002007
:1060500010B50148FEF7C0FB80AB001070B51323EC
:106060001C78012C14D0012C14DC022C02DC1F4AF9
:106070001F4B9A641F48FFF787FC1F4B186070BDC9
:1060800099001E481A4A885001331F2BF8D9EAE7B5
:106090000023FAE71A48FFF77FFC05001948FFF7CD
:1060A0007BFC023803789B007F2B19DD80222900BE
:1060B0000F4800F0C5F8022CD7D1134B1A88B5232E
:1060C0001B029A4209D1114B1A88114B9A4204D1F2
:1060D000104B1A88104B9A42C7D00020FEF77CFB69
:1060E0000E4B0F4A32210F48FEF7DCFA29610010EF
:1060F000D81A00204C330000D81B0020516000103B
:10610000534400005346000054380000D8380000C3
:10611000494600009C3800005946000098AB00102A
:1061200050AC0010ECAB001007B56046002800D161
:1061300000BE01880A0A0230DF2AFAD1C9B28208F9
:1061400004D3028840880004104300E00068024A3B
:106150005050039007BD0000D81A0020514343431C
:10616000C9188C46110C83B24B4310B4040C614324
:1061700092B280B2504362431C041B0C001910BC45
:1061800059411304120CC01851416144704700007A
:1061900010B50148FEF720FBE090001070B5132306
:1061A0001E781848FFF7F8FB0500012E11D0012ECC
:1061B00009DDAB1E1B789B007F2B1DDD8022290093
:1061C000114800F03DF81148FFF7DEFB104B186056
:1061D00070BD542201000C4800F032F8002300E0AA
:1061E00001331F2BE3D89A00074C1259002AF7D12C
:1061F0009A0008481051F3E7074B084A4221084823
:10620000FEF750FA53460000DC1B00204C33000020
:10621000D81B00209161001064AC0010FCAC001091
:1062200098AC001001480421014B1847800E002053
:10623000A9590010014B1B6818470000800E002070
:10624000014B5B6818470000800E002010B503006A
:10625000080011001B68984710BD0000F8B5070042
:106260000D001600437D002B02D0002400200CE01E
:1062700003681100280098472DE03B7D10E00221C3
:1062800015483B689847601C0134B44214DA002C6E
:10629000F3DD2B19013B1B780D3B5A425341DBB216
:1062A0002A5D0A2AF0D1002BEED1A042E7DA211AAA
:1062B00028183B689847E2E7B04203DA311A2818F9
:1062C0003B689847002E06DDAD19013D2B780D3B4C
:1062D0005A4253413B75F8BD8CAD001070B50500B6
:1062E0000368002B16D00C4B1C6805E0290004C97C
:1062F0002000FFF7B3FF2469002C09D02368002B8E
:10630000F9D0064B1B68002BF0D0A342F3D1EDE788
:1063100000232B6070BDC046641600206C16002060
:1063200070B505000C000B68802B05D021684B1C54
:1063300023606418257170BD0800FFF7CFFFF5E7F3
:1063400010B5FDF749FC02000B1E0BDB0D480021C8
:1063500012184B41002B0BDB002B0DDB0A4802F01F
:106360008FFE10BD094B0A4A3F210A48FEF79AF9F1
:1063700001225242084BEFE7044B054A3F210548F2
:10638000FEF790F940420F00D80E0020E490001074
:1063900074AD001000910010FFFFFF7F10B50248A0
:1063A00002F01EFE10BDC046D80E0020F0B5CE464D
:1063B000474680B583B006000D0090461C00FFF7ED
:1063C000BFFF81466B1C05D0002C08D0194F1A4B1B
:1063D0001C6807E0300002F0BBFD0500F4E7174F32
:1063E000F5E72469002C17D02368002BF9D0144B53
:1063F0001B68002B01D0A342F3D12A0031002000FA
:10640000B8474346002BECD06B46D91D0A230B70CE
:1064100001222000B847E4E74B46002B07D16B1E52
:106420009D41E8B203B0C0BCB946B046F0BDFFF72D
:10643000B5FFF4E74D620010641600205D620010A5
:106440006C16002010B582B004006B46D81D047095
:10645000002300220121FFF7A9FF200002B010BD98
:10646000094A01E010331A001368002B08D0834258
:10647000F8D1002907D1036913600023036102E00A
:10648000002900D0106070476416002010B5064B3C
:106490001C6801E098472469002C03D06368002B36
:1064A000F8D1F8E710BDC0466416002070B50500AD
:1064B00002F04EFD04000023012201002800FFF736
:1064C00075FFFFF7E3FF200070BD000070B5A2B0BC
:1064D00004000E00FFF734FF050000230193330092
:1064E000220001A90848FFF737FA040001A8FFF7C6
:1064F000F5FEFFF7CBFF002D02D1200022B070BDCA
:10650000FFF74CFFF9E7C046216300100FB400B558
:1065100083B004A901C90191FFF7D8FF03B008BCFB
:1065200004B0184710B500F037F910BD70470000EF
:10653000014B00221A707047321D00204B79FF2B4F
:106540000CD18B79002B0BD1CB79012B0AD1082AE6
:106550000AD98A78054B1A70092000E0002070479C
:106560000020FCE70020FAE70020F8E7321D0020B9
:106570000120704770B504000D000348FFF704FACE
:1065800003002900200098475542000010B501295A
:1065900026D1117953791B020B43124909788B429A
:1065A00001D000201DE05378012B03D0022B10D026
:1065B000002016E09178D3781B021943DB0506D53D
:1065C0004B0A012098407F231940FFF7D3FF00209A
:1065D000F9E7642200210020FEF726F8012000E000
:1065E000012010BD321D00200123037000487047B8
:1065F00090AD001010B50B784878000218438A78E7
:1066000012041043CB781B0603439622D200934218
:1066100000D010BD00210800FFF7ACFF024B18604E
:10662000024B19607047C046B8150020BC15002009
:1066300010B5024B1878FCF7BBF910BD361D0020D1
:1066400070B5134B1B68002B1DD0114B1968EFF36D
:10665000108372B60A68002AFCD0BFF35F8F0C4922
:106660004B6000220B4802700968BFF35F8F0A601D
:1066700083F3108800240025074B1878FCF798F95D
:106680002000290070BDFA24A4000025F4E7C046CC
:10669000AC1A0020371D0020361D002010B584B034
:1066A00000212D4802F0BCFC00283AD12B4B1B687E
:1066B000002B3ED0294B1968EFF3108272B60B689D
:1066C000002BFCD0BFF35F8F24494A602448037835
:1066D00001246340DBB2012404700968BFF35F8FBB
:1066E0000020086082F31088002B22D0FCF7CEFF38
:1066F0000400FDF771FA02000B1E1CDBFA2080007B
:10670000002112184B41002B1BDB002B1DDB01214C
:10671000029100210191134900912000FCF7CCFF68
:1067200007E001200021404201F0F0F80A4802F0A1
:1067300057FC04B010BD0C4B0C4A3F210C48FDF730
:10674000B1FF012252420B4BDFE7074B074A3F21C3
:106750000748FDF7A7FFC046E01C0020AC1A002048
:10676000371D002041660010E49000103CAE001080
:1067700000910010FFFFFF7F10B5054B186800283F
:1067800004D0044B1968002200F0E6FD10BDC0469D
:10679000B8150020BC15002010B584B0D0231B060E
:1067A0001C68FCF773FFFDF7B7F8A0422AD1324B03
:1067B0001B7801F093FD3148FCF7D8FB0120FCF772
:1067C000B9FBC0B22E4C20702E49FCF713F920788B
:1067D0000121FCF7E5F80520FCF7FAF8041E17D0B4
:1067E000002229490520FCF72FF9FCF747F80100A2
:1067F0002648FCF7D7FB01212548FFF731FE200092
:1068000004B010BD234B244AB2212448FDF74AFFAF
:10681000FCF73CFF0400FDF7DFF902000B1E1BDB59
:10682000FA208000002112184B41002B1ADB002BAC
:106830001CDB0121029100210191194900912000E6
:10684000FCF73AFFC443E40F082200210F48FFF78A
:10685000F1FC002CD3D0CEE7124B134A3F21134852
:10686000FDF720FF01225242114BE0E70D4B0E4A8B
:106870003F210E48FDF716FFF8B40010E01C002081
:10688000361D00209D66001031660010AC1A0020F5
:10689000900E0020449F00102CAE0010A8AD0010F8
:1068A00041660010E49000103CAE00100091001012
:1068B000FFFFFF7F10B5002001F030FA10BD00008F
:1068C00070B505000C00FFF7F5FF002845D000204B
:1068D00001F046FA002843D0FDF77EF902000B1EB6
:1068E00021DB2248002112184B41002B21DB002B19
:1068F00023DB1F4802F0C4FB002834D0FFF7DAFF87
:10690000002804D0002001F02BFA00281BD1012020
:106910000021404200F0FAFF03246442144802F0D0
:106920005FFB200070BD134B134A3F211348FDF756
:10693000B9FE01225242124BD9E70E4B0E4A3F21BB
:106940000E48FDF7AFFE22002900002001F014FAE6
:10695000041EE3D103246442E0E703246442E0E739
:1069600003246442DDE703246442DAE740420F0077
:10697000E01C0020E49000103CAE001000910010DC
:10698000FFFFFF7FF0B5C64600B580460C00FDF75F
:1069900023F902000B1E0FDB3748002112184B4170
:1069A000002B0FDB002B11DB344802F069FB0028C1
:1069B00012D180BCB846F0BD314B324A3F2132483B
:1069C000FDF770FE01225242304BEBE72C4B2D4A73
:1069D0003F212D48FDF766FEFFF76CFF002849D1E7
:1069E0002B4B0020002118605960244802F0F8FA6F
:1069F000DFE701200021404200F088FF002001F085
:106A0000CFF9FFF757FF0028EFD0002001F040FA40
:106A1000002820D0A542E8DA661B002001F038FAF1
:106A20000200864200DC3200002AE2D043465919B7
:106A3000002001F011FA060001200021404200F080
:106A400065FF002001F0ACF9AD19FDF7C5F8104B5A
:106A500018605960DEE7FDF7BFF80D4B1E685F68F0
:106A60000C4A002392197B419942BED8D2D1904260
:106A7000D0D9BAE70025CDE740420F00E01C002046
:106A8000E49000103CAE001000910010FFFFFF7F6B
:106A9000F80F002020A1070000487047D4AE001076
:106AA0000048704780AE001010B50400154B1B78ED
:106AB000002B0ED0002C11D1134B144A5A80012305
:106AC00001335B001BB2C022920013430E480380C7
:106AD00010BD11210B4800F025F8EBE7052C0ED86E
:106AE000A4000B4BE4580023122BE9D8E25C002AE7
:106AF000E6D00133590004484252DBB2F4E70020EB
:106B0000E6E7C0461C1D00203C16002009040000DA
:106B1000E8AE001010B5024800F034F810BDC046D1
:106B2000D01A002010B5002901D000230AE0114B33
:106B3000114A1F311148FDF7B5FD00240DE0373231
:106B4000C25401334A1E9A420FD90F2B0DD85A084E
:106B50000B4CA25CDC07F0D40424224114000F2269
:106B60002240092AEBDC3032EAE7C0180023037028
:106B700010BDC04600AF00106CAF001008AF001091
:106B8000D01A002070B588B0040004AD0026049629
:106B90000922002105A8FFF74DFB009609220021DC
:106BA00001A8FFF747FB4B232B700D2269462800F5
:106BB00002F006FA002304E05A1D69468A5CE2549A
:106BC0000133072BF8DD08B070BD000002007F2004
:106BD0001040D209400080184001014BC018704796
:106BE0007016002010B5038B3F333F2293430229D8
:106BF00015D0124C2268C260D31823609C0610D1B5
:106C00000F4C6240634080246401A3420FD8890680
:106C1000114380231B0619434368196010BD5B00B4
:106C2000E7E7084B084A54210848FDF73BFD084BAD
:106C3000054A56210548FDF735FDC046A81A002033
:106C4000000010503CB1001070B200106CB1001088
:106C5000DCB10010F8B505000E001400FFF7B6FF18
:106C60007F232B40EF0985707A427A4142700022DF
:106C7000C2700683C476012F0DD0DA0012498C460B
:106C800062448260826800211160002B09D1436058
:106C90000E4BC360F8BDDA000D498C466244826039
:106CA000F0E7012F09D0013BDB000A4A9446634418
:106CB00043602100FFF796FFECE7013BDB00064A4B
:106CC000944663444360F4E7840010500001105080
:106CD000800010500C0010500800105070B50C00CF
:106CE0001500FFF773FF2A00210000F00DF970BDB9
:106CF00010B5002804D101210520FBF751FE10BD7D
:106D0000D521034B034A49000348FDF7CBFCC0469D
:106D100024B2001060B200106CB1001010B5002851
:106D200005D1002200218020FFF7D8FF10BDDB2114
:106D3000024B034A49000348FDF7B4FC24B200109B
:106D400050B200106CB10010024B80225202DA6483
:106D50007047C0460020115070B5041E26D100F0C7
:106D6000ADF8164D0C23AB67FF2215490520FBF744
:106D70006BFE402200211348FFF75CFA00224021FD
:106D80000020FFF767FF002240218020FFF762FF0D
:106D900002F096F901232B6480239B05EB6490237A
:106DA000094AEA502000FFF7CFFF70BD8621074B4C
:106DB000074AFF310748FDF775FCC0460000115037
:106DC000110600207016002010D0010024B200101F
:106DD00084B200106CB100100B785B0602D14B78C6
:106DE000052B00D070478A78014B1A60FAE7C0463D
:106DF0000000115010B50C0000280DD109796379FD
:106E00001B020B435B05590DE2789207920FA078A5
:106E1000FFF720FF012010BDFC21034B034AFF3187
:106E20000348FDF73FFCC04624B2001040B20010FA
:106E30006CB1001010B502F043F910BD10B504009C
:106E4000080011001A00002C03D1FFF747FF0120B2
:106E500010BD034B034A04490448FDF723FCC04618
:106E600024B2001030B200100A0200006CB1001011
:106E700010B508004B0605D1CB09012B0AD0022220
:106E8000054B9A66FFF7A2FE80221201002102F054
:106E90000FF910BD0122F3E70020115010B50800D2
:106EA0004B0600D110BDFFF791FE0023C3700022F6
:106EB000014902F0FDF8F5E7FFF7FFFF10B5802369
:106EC0005B040C4A13600C4A13600C4B9A688023D5
:106ED0005B049343F9D10A4C9C2200212000FFF768
:106EE000A9F98022520100210648FFF7A3F90923DE
:106EF000636710BD00E0004000F0004000C00040AB
:106F0000000011500000105070B504000D00160074
:106F1000837E002B17D1A6820023E3820133A37660
:106F20002561200002F084F8002804D0094A90234B
:106F300080218902D150200002F03AF8002805D0C3
:106F40000123237770BD02F0ABF8E4E7200002F0E4
:106F50009FF8F7E70020115070B5050000240CE001
:106F600063001B19DA00184B1B689B18002B2AD0F2
:106F70005B68280098470134E4B2144B1B78A342A5
:106F800010D3134A002A0BD0A342E9D8E31ADBB28C
:106F9000002B18D15A00D218D2000E4B9B18E5E7EF
:106FA0002300F5E70C4C532200212000FFF742F9A3
:106FB000E01C1022FF21FFF73DF9200013302022B2
:106FC000FF21FFF737F970BD281000202D1D00208C
:106FD000E965001030B400108013002010B5FFF7F1
:106FE000BBFF00F0F1FD10BD70B505000C001600F0
:106FF000C86800F0F3FDE3683200012128009847DB
:1070000070BD0000F0B5DE4657464E46C0B582B0B2
:1070100000900139C8B2FFF743FD002800D18CE091
:1070200043789A46022B00D089E0C5796A11013B6A
:107030004B491A4014010A781027BA4322430A70B8
:10704000AD112B405B01D2B22024A24313430B703D
:10705000060009368278C478240214430419A64233
:1070600064D273780B2B09D001239B467378042BD1
:107070006CD1A31B9BB29946002525E0F3789B4673
:107080003378F618F2E76F007F19FB00354A17686E
:10709000FF182BE02B0022E0BA68334B9A4234D120
:1070A000D34632E02E482B00019F3A0031001330C6
:1070B00001F0A2F9BC4666442C4B1B78AB42CED201
:1070C00000203DE00135EDB2284B1B78AB42F3D3F5
:1070D000274A002ADED0AB42D5D8EB1ADBB2002B10
:1070E00036D15F00FB18DB00224FFF18002F31D094
:1070F0004A4631000098BB68984701900828E1D9BA
:107100008145DFD35B46012BC6D000229345C9D908
:10711000B3789B18DBB21249C918C978FF291BD173
:107120000F49CB18DD700132D2B2EFE7124B002BC2
:1071300014D000E000BF012002E0002000E00020A9
:1071400002B0E0BCBB46B246A946F0BD0020F7E75E
:107150000020F5E70020F3E70020F1E70120EFE74A
:107160008013002028100020AD7F00102D1D00206E
:10717000E965001030B400100000000070B5050093
:107180000C00CB7888780F2B50D89A002E498A585B
:107190009746FFF781FC020012232100280000F02F
:1071A000D9FC44E0294B002B42D000E000BF021E76
:1071B00040D08178C3781B020B432100280000F0E7
:1071C000C9FC34E0022B09D0214B002B34D000E065
:1071D00000BF0200002A05D1002028E0FFF760FC74
:1071E0000200F7E79178D3781B020B4321002800B7
:1071F00000F0B0FC1BE02379617909021943FFF725
:1072000053FC021E1AD003782100280000F0A2FCD3
:107210000DE0104B002B13D000E000BF021E11D078
:1072200003782100280000F095FC00E0002070BDEC
:107230000020FCE70020FAE70020F8E70020F6E74E
:107240000020F4E70020F2E7A4B3001000000000E3
:107250000000000000000000024B5878431E9841D7
:10726000C0B2704780130020024B18784007C00F4F
:107270007047C04680130020034B1878FF38431E28
:107280009841C0B27047C046CC0E002070B50400D3
:10729000FFF7F2FF061E01D0300070BD532200211F
:1072A0002348FEF7C7FF234D2800FBF75FFE224B64
:1072B0001D60224D28001430FBF77EFE280001F0EF
:1072C000F0FB1F4B1D601F4B002B04D01E48FFF727
:1072D0008BF91E4B186000250BE06B005B19DA0080
:1072E0001A4B1B689B18002BD6D01B68984701359A
:1072F000EDB2154B1B78AB4210D3124A002A0BD0CB
:10730000AB42EAD8EB1ADBB2002BC5D15A00D21837
:10731000D2000F4B9B18E6E72B00F5E70D4B1C70D6
:107320002000FFF719FD2000FFF7E2FC0126B3E77C
:107330008013002038130020D4130020B00E00204A
:10734000D8130020E96500102D1D00202810002012
:1073500030B40010CC0E0020F0B585B007000E0050
:10736000150001AC0C2200212000FEF763FF08236A
:107370006370029703962900200001F079FE05B0A2
:10738000F0BD000070B50C00094B1D788B787022A1
:107390001A4201D0002070BD064B9978200000F001
:1073A000EFFF0028F7D021002800FFF723FDF2E7C8
:1073B000CC0E002080130020F8B5CE46474680B59D
:1073C00081460C0017001E00089B9846002504E02B
:1073D000099A13702378E4180135AF4214DD6378FD
:1073E000052B16D1E1788907890FB14213D121000D
:1073F0004846FFF7C7FF002807D0A378DA09012A1B
:10740000E6D042461370E5E70120C0BCB946B0465D
:10741000F8BD0020F9E70020F7E7000010B57F2055
:107420000840C909400040183030044908180330AA
:10743000034B196800F05EFF10BDC04680130020AA
:10744000D413002010B57F200840C909400040181F
:107450003030044908180330034B196800F072FFFC
:1074600010BDC04680130020D4130020F8B5CE46CE
:10747000474680B5194800787F250D40CE096F003A
:10748000174CE419A4193034E478E40704D500203B
:10749000C0BCB946B046F8BD114CE419A419302758
:1074A000B946A1444C46E4780127BC4667463C43B4
:1074B00027004C46E770FFF7C1FC0028E8D16D00BB
:1074C000074B5D19AE193036F37801229343F37000
:1074D000F37803329343F370DAE7C046CC0E002012
:1074E0008013002070B50F4B18787F240C40CD0915
:1074F00062000D4B9B185B193033DB789B0700D57E
:1075000070BDFFF7B5FC6300074CE4186419303414
:10751000E37802221343E370E37801221343E3701C
:10752000EEE7C046CC0E00208013002070B50F4B54
:1075300018787F240C40CD0962000D4B9B185B1915
:107540003033DB789B0700D470BDFFF7A7FC6300E6
:10755000074CE41864193034E37802229343E37053
:10756000E378013A9343E370EEE7C046CC0E002087
:10757000801300207F220A40CB095200034989185A
:10758000C9183031C8788007C00F704780130020B9
:10759000F0B5C64600B582B005000C00002000F032
:1075A0001DFB237860221340602B00D185E1402B26
:1075B0000FD02278D206D20E012A00D1C9E0022AC9
:1075C00000D10FE1002A11D0002002B080BCB846E3
:1075D000F0BDC74B002B00D171E1180000F0FEFA9E
:1075E00022000121280000E000BFEEE7202B0AD096
:1075F000002B00D06BE16378092B00D969E19B0077
:10760000BC4AD3589F4623790F2B00D959E1BA4A77
:10761000D318DB78B94A002A05D0B94A12789342C8
:1076200011D39B1ADBB2002B00D04CE15900CB18D0
:10763000DB00B449C918002900D146E12200280026
:10764000FFF7D2FCC1E75900CB18DB00AE4A116846
:10765000C918F0E7200000F0C7FAA1782800FFF76A
:107660005DFBA54A137802210B4313700120ACE7A0
:10767000A14B5B786A460632137001232100280073
:1076800000F068FA0120A0E7A6789B4B5B78DBB29C
:10769000B34205D0984B5B78002B09D1002E13D153
:1076A000954B5E702100280000F038FA01208CE72D
:1076B0002800FFF7BFFB904FBB7898462800FFF7E4
:1076C0004BFC4346BB70E9E731002800FFF79AFC0A
:1076D0000028E5D179E721002800FFF74FFD74E786
:1076E000A278E3781B021343012B01D000206CE742
:1076F000814A137808210B4313702100280000F001
:107700000DFA012061E7A278E3781B021343012BF5
:1077100001D0002059E7784A137808218B43137071
:107720002100280000F0FAF901204EE7724B1A7888
:107730005109920801230B4002210A4013436A4673
:107740000632138002232100280000F003FA0120F2
:107750003BE723790F2B00D9BDE0674AD318D978CE
:10776000664B002B05D0664B1B78994228D3C91A6B
:10777000C9B2002900D0B0E04B005B18DB006149C2
:10778000C918002900D1AAE022002800FFF72CFC2C
:10779000002800D019E7237860221A4200D014E7AD
:1077A00063780A3B012B00D90FE700F017FA6378E2
:1077B0000A2B0CD02100280000F0B0F9012004E7CA
:1077C0004B005B18DB00504A1168C918D9E76B46BB
:1077D0009A1D0023137001332100280000F0BAF92C
:1077E0000120F2E621797F220A40CE09702008426A
:1077F00077D15200404882189219D27C3F48002825
:1078000005D03F480078824212D3121AD2B2002A21
:1078100015D15600B218D2003A4EB618002B10D02F
:10782000002E60D0220031002800FFF7DDFBCCE6FF
:107830005600B218D20034480668B618EEE70026A3
:10784000ECE76378012B12D0032B10D0002B01D072
:107850000020BAE62800FFF78DFE6B469A1D1080C7
:1078600002232100280000F075F90120ADE6A77879
:10787000E27812023A4304D1012B1AD02800FFF714
:1078800031FE002E31D0220031002800FFF7ACFB82
:10789000002000F0A3F9184A3423D35CDB07D80F8B
:1078A000002B00D091E62100280000F037F90120DC
:1078B0008BE62800FFF73AFEE3E7002085E600208C
:1078C00083E6002081E600207FE600207DE60020A0
:1078D0007BE6002079E6002077E6002075E60020B0
:1078E00073E6002071E600206FE601206DE6C046D9
:1078F00000000000E4B3001080130020E9650010D0
:107900002D1D002030B400102810002030B585B0A7
:1079100000F0E9FC002808D105B030BD01AC2078AA
:10792000FFF75CFB22795D4B9A705D4B1C68210070
:1079300014316269EFF3108072B61368002BFCD02B
:10794000BFF35F8F486001A9200001F04DF8626924
:10795000A369BFF35F8F0021116083F310880028B3
:10796000DAD001AB5B78082BDFD89B004D4AD358A7
:107970009F4601AB1878FFF731FB4B4B002BD4D05F
:1079800000E000BFD1E7454B1A78012401210A43EA
:107990001A703322995CA1439954995C0420814365
:1079A00099540132995CA1439954995C814399544B
:1079B00001AB187802A9FFF7EBFD0028B5D101ACA7
:1079C00020780021FFF754FA20788021FFF750FA41
:1079D000ABE701AB19797F220A40CC0950002F4B4D
:1079E0001B181B193033D8780125A843D870D878D4
:1079F0000335A843D870002A1FD05200274B9A188D
:107A00001219D37C294A002A05D0294A12789342B8
:107A10001AD39B1ADBB2002B00D07DE75A00D21894
:107A2000D200244B9B18002B00D175E71C6901A8DC
:107A30004279039B0078A04777E701A84279039B2E
:107A4000007800F0DFF870E75A00D218D2001A4B25
:107A50001B689B18E7E7114B1B78DB0700D464E732
:107A6000164B002B00D160E70C4B18780007C00FB5
:107A700000E000BF59E7094B1B78DB0700D454E74F
:107A80000F4B002B00D150E700E000BF4DE7029BF9
:107A9000002B00D149E70398984746E78013002060
:107AA000D81300200CB4001000000000E96500109D
:107AB0002D1D002030B40010281000200000000010
:107AC00000000000F8B50500124B9F89DE89B91B44
:107AD00089B20B1C402900D940239CB20D4B1B7866
:107AE0005BB2002B08DB0021B74211D00A4A230009
:107AF0002800FFF7BBFCF8BDB74201D18021F3E7B6
:107B0000044B996822000448FEF79AFB8021EBE7BA
:107B10000022ECE7041300204013002070B506009B
:107B20000C000B4D08222800FEF78AFB0023AB60F7
:107B3000EB81AB810023E356002B06DB8021002381
:107B400000223000FFF792FC70BD0021F7E7C0462D
:107B500004130020F0B5C64600B580460C001600A0
:107B60001D00184F08223800FEF76AFBBE60002394
:107B7000FB81A379E179090219430B1CA94200D9C1
:107B80002B1C99B20F4A9381A279E3791B0213430C
:107B900009D0002901D0002E12D04046FFF792FFF5
:107BA00080BCB846F0BD0023E356002B06DB8021E5
:107BB000002300224046FFF759FCF1E70021F7E7D8
:107BC0000020EDE70413002010B514220021024824
:107BD000FEF730FB10BDC04604130020014B1861B6
:107BE0007047C0460413002010B50100044C082261
:107BF0002000FEF725FB0023A360E381A38110BDD5
:107C00000413002070B505001C00C9092D4B1B781A
:107C1000DB098B4211D0002C50D12B4B002B02D012
:107C20002849FFF7D9F8274B1B69002B03D0254AB9
:107C3000032128009847012070BD224B1B785BB2BE
:107C4000002B07DB1F4B9868002839D022001F4902
:107C5000FEF7F6FAA2B21B49CB89D3189BB2CB81AF
:107C60008A6812198A60CA88934201D03F2C21D8B1
:107C7000144B1B69002B05D0124A0221280098479B
:107C800000280DD00F4B1B785BB2002B06DB802148
:107C9000002300222800FFF7E9FBCDE70021F7E7EA
:107CA00000212800FFF7E4F880212800FFF7E0F822
:107CB0000120C1E72800FFF705FFBDE70020BBE773
:107CC0000020B9E704130020D96D001040130020F4
:107CD00070B5040005001035280000F06FFE3F2845
:107CE00001D8002070BDE1780020FFF797FB002845
:107CF000F8D0280000F062FE3F2808D992239B00AC
:107D0000E218E17840230020FFF7B0FBEAE7E178D2
:107D10000020FFF797FB0020E4E7000010B5040007
:107D2000FFF79AFA00280CD10022002A11D0B223C2
:107D30009B0063430948C0180379DB070BD501207A
:107D400008E0FFF791FA002801D10122EDE70022B7
:107D5000EBE7002010BD0020FCE7C0462C100020FF
:107D600010B5B2239B0058431030024BC01800F0EE
:107D7000F4FD10BD2C10002070B5B2239B005843B9
:107D8000064BC51892B21030C01800F04EFE040029
:107D90002800FFF79DFF200070BDC0462C1000207A
:107DA00070B50500FFF758FA002804D10023002B16
:107DB00009D1002070BDFFF757FA002801D1012337
:107DC000F5E70023F3E7B224A4006C432034214BF1
:107DD000E4180434200000F0C0FD002801D1002088
:107DE000E8E7B22292006A431A4B9B189978002068
:107DF000FFF714FB002801D10020DBE7B226B60014
:107E00006E43A2239B009C466644124BF618402208
:107E10003100200000F009FE041E0ED0B2208000C8
:107E200068430C4D2D18A978230032000020FFF77D
:107E30001DFB00280CD02000BCE7B2208000684366
:107E4000044D2D18A9780020FFF7FCFA0020B1E7B7
:107E50000020AFE72C10002070B50500B224A4006C
:107E600044432034094BE418043492B2200000F05B
:107E700013FE0600200000F070FD3F2801D83000FE
:107E800070BD2800FFF78CFFF9E7C0462C100020DA
:107E900010B5B2239B0058432030034BC018043068
:107EA00000F08CFD10BDC0462C100020F0B5CE4671
:107EB000474680B583B0B222920000212848FEF7E1
:107EC000B9F90026002E04D003B0C0BCB946B046B4
:107ED000F0BD234FB224A40074433D19FF236B71FE
:107EE000002398461F4AEA8001222A81AB72EB7276
:107EF00008232B7321003831C919F8339946200023
:107F00001030C0194346009301334A4600F0E7FCA5
:107F100021003931FF31C91920002030C019043047
:107F2000012300934A4600F0DAFC8E239B00E318FD
:107F30009946B9444846FBF719F84346EB614B466E
:107F40002B6290239B009C466444E4192000FBF7BD
:107F50000DF82C6343466B630136F6B2B2E7C046B8
:107F60002C10002000C2FFFF70B50025002D00D0AE
:107F700070BDB224A4006C430B4EA0190522002151
:107F8000FEF758F920001030801900F08AFD2034E7
:107F9000A4190434200000F084FD0121200000F029
:107FA0009FFD0135EDB2E1E72C100020F0B583B064
:107FB00006004B79022B50D18B79022B51D1002333
:107FC000002B08D00027002F4DD08B783B700C7809
:107FD0000C19092511E0B224A4005C4325480019BE
:107FE0008078002802D00133DBB2E9E7214FE7199E
:107FF000E9E721784D19ADB264186378242B01D1DB
:108000009542F6D9052B09D06378042B02D1637908
:108010000A2B10D03800FFF75BFE1FE02100300074
:10802000FFF7B0F9002820D0A3787B70227855198B
:10803000ADB2A418E8E721784D19ADB26118BB1CA8
:108040000193FB1C0093022302223000FFF7B4F9D6
:1080500000280CD00E35ADB2DCE70025280003B0B7
:10806000F0BD0025FAE70025F8E70025F6E7002532
:10807000F4E7C0462C100020F8B5140012786023F5
:108080001340202B00D07FE0444A0025002D00D073
:108090007CE01678277963791B023B439E4206D029
:1080A0000135EDB2B2239B009C466244EEE7637853
:1080B000222B31D009D8202B11D0212B03D101291B
:1080C00023D0012061E000205FE0232B05D10129AE
:1080D00049D003294CD0012057E0002055E0012968
:1080E00003D0032908D001204FE0063207232100E6
:1080F000FFF730FD012048E0294B002B48D0911DAF
:108100002800FEF777FA01203FE00632072321001E
:10811000FFF720FD012038E0012903D0032906D014
:10812000012032E02100FFF7F9FC01202DE0A178C9
:10813000E3781B020B430120190001400E005C088C
:10814000044013714B425941C9B22432100000F06F
:10815000C7FC144B002B1DD022003100280000E08A
:1081600000BF012011E02100FFF7D8FC01200CE046
:108170000D4B002B10D0A378E17809021943280099
:1081800000E000BF012000E00020F8BD0020FCE777
:108190000120FAE70120F8E70120F6E72C10002083
:1081A000F56500100000000000000000F0B5D646A4
:1081B00000B582B001900F0000930024002C0ED077
:1081C000002C00D07CE0EB78BB4216D0AB78BB42F1
:1081D0004DD00124200002B080BCBA46F0BDB225CB
:1081E000AD006543394BED18EB78BB42E8D0AB7876
:1081F000BB42E5D00134E4B2E0E710239A46AA443A
:1082000092239B00E9186B461A88504600F044FC04
:108210002F4B002B1BD06B79FF2B18D0002600E0D2
:108220000136009B9E4212D26A79AB1992218900D5
:108230008C4663441B789A42F2D1504600F0A2FB70
:108240000028EDD16979200000E000BFE8E7214B6C
:10825000002B04D0504600F095FB002803D02800E6
:10826000FFF736FDB2E72000FEF786FAF7E71A4B74
:10827000002B02D0200000E000BF2000FFF790FD9F
:10828000002801D00124A5E72800243000F065FB78
:10829000002817D1009B002B16D09B0601D001248B
:1082A00098E7A9780198FFF7B9F8041E01D10124D5
:1082B00090E7A978002300220198FFF7D7F889E713
:1082C000002487E7012485E7012483E72C100020A0
:1082D00000000000796700100000000010B50020C9
:1082E000FEF7D4FF10BD10B5FEF7C6FF002800D082
:1082F000012010BD70B504000D000378DB07DE0F10
:10830000002B1CD103785B071AD4012149422800B5
:1083100000F09EFE2378DB0704D423785B070CD59E
:10832000002600E00026002E03D023780422134309
:108330002370280000F054FE02E00126F3E7002637
:10834000300070BD70B504000E00012149423000BC
:1083500000F07EFE23785B070BD40025002D03D0B0
:108360002378042293432370300000F039FE280064
:1083700070BD2378DB0701D50025EFE70125EDE788
:1083800010B5047943791B0223435B055B0DC2786A
:108390009207920F022A0FD0032A19D0012A01D086
:1083A000002010BD022904D0124A9A421AD301209B
:1083B000F7E78022D200F8E7022903D0402B15D836
:1083C0000120EEE78022920093420DD10120E8E7E0
:1083D000022904D040229A420AD30120E1E78022F8
:1083E000D200F8E70020DCE70020DAE70020D8E739
:1083F0000020D6E7FF03000030B58A1801E00C78B2
:10840000091991420AD24C78052CF8D18D787A342A
:108410002C4064000419ED096355F0E730BD0300FA
:108420008A1890B2814202D85A00904203DB5B0066
:108430009BB2C01A80B2704770B505000800AC88C6
:108440009A420BD3D11A89B200291ED08C4210D285
:10845000944209D8131B9BB26B810AE0D11A89B2EE
:108460006600891989B2EFE7A21893B2F4E71B1BE3
:108470009BB29C42FBD92968EA885204520C5343B0
:10848000C918FDF7DDFE012070BD0020FCE7F0B546
:1084900083B0060093080CE00B784D782D021D4345
:1084A0008C7824042543CB781B062B43336004319E
:1084B0003B005F1EBFB2002BEED10333100018400B
:1084C0001A4201D103B0F0BD00230193020001A8BC
:1084D000FDF7B6FE019B3360F4E7F0B5DE46574684
:1084E0004E464546E0B583B005008A460CA909789A
:1084F0008488E01A80B21C1B1419A4B2EF887F0490
:108500007E0C07007743BFB27443A4B2A346734303
:108510002C68A0469844002908D001291AD003B03D
:10852000F0BCBB46B246A946A046F0BD904205D37A
:10853000724341465046FDF783FEF0E73A0041465C
:108540005046FDF77DFE2968380050445A46FDF735
:1085500077FEE4E7904206D3724392B2414650461A
:10856000FFF795FFDBE703233A009A439146414624
:108570005046FFF78CFF43464B4403213A000A4024
:108580000F4230D00421891A89B2081C594500D9FC
:108590005846C7B2FF2101405846441AA1B28B4643
:1085A0000021019101A804E01A78027001300A004C
:1085B0000133511EC9B2002AF6D1296804E00A78B5
:1085C000027001301F0001317B1EDBB2002FF6D19B
:1085D0005346019A1A605B46002BA0D05A4650467B
:1085E000FFF755FF9BE72968F5E7F0B5C64600B5EC
:1085F00082B01E0008AB1B8809AC277884889E4295
:108600000FD3F51AADB2002D1FD0AC4205D2B44243
:1086100010D8331B9BB24381250095420FD3150020
:108620000DE0F51AADB2A8466500AC464546654476
:10863000ADB2E8E7A619B3B2EDE71B1B9BB29C42B3
:10864000FBD900972A00FFF748FF280002B080BC42
:10865000B846F0BDF0B583B004000D0016001F0051
:108660000069002803D00121494200F0F1FC238970
:108670009BB2628901970092320029002000FFF727
:10868000B4FF0500618989B2A0882A00FFF7C7FE00
:1086900060812069002801D000F0A2FC280003B00E
:1086A000F0BD70B582B01600950809E00B68037044
:1086B0001D0A45701D0C85701B0EC370043025000B
:1086C0006C1EA4B2002DF1D1032332001A401E42C9
:1086D00001D102B070BD0B68019301A9FDF7B0FD97
:1086E000F7E7F0B5DE4657464E464546E0B583B05F
:1086F00005008A460CA90878AC88E11A89B21C1BCF
:108700001419A4B2EF887F047E0C0F007743BFB228
:108710007443A4B2A34673432C68A046984400282F
:1087200008D001281AD003B0F0BCBB46B246A94617
:10873000A046F0BD914205D3724351464046FDF735
:108740007FFDF0E73A0051464046FDF779FD286885
:10875000390051445A46FDF773FDE4E7914206D3D0
:10876000724392B251464046FFF79BFFDBE703237B
:108770003A009A43914651464046FFF792FF4346DE
:108780004B4403213A000A400F422ED00421891A9B
:1087900089B2081C594500D95846C7B2FF2101408B
:1087A0005846441AA1B28B4651460968019101A965
:1087B00004E00A781A70013102000133501EC0B281
:1087C000002AF6D1286804E00A78027001311F00FF
:1087D00001307B1EDBB2002FF6D15B46002BA2D00E
:1087E0005A465146FFF75DFF9DE72868F5E7F0B56B
:1087F00085B006000391151E029300D16DE0C0689C
:10880000002803D00121494200F022FC3489A4B29F
:10881000718989B2F379DB091AD1B3888C420FD3FD
:10882000611A89B28B4211D95B1A9BB22F1C9D42EF
:1088300000D91F1CBFB2002F47D0B288230035E0FB
:10884000611A89B25A00891889B2EBE70023EDE773
:10885000B788AF420ED8029B002B21D1ED1BF388C5
:108860005B045A0C6A43039B9C46944463460393FF
:108870000C00E0E78C420DD3631A9BB25B197A00BF
:1088800093420FDB7A1B92B23800FFF7C8FD040059
:108890002F00D0E7631A9BB27A009B189BB2EDE7DA
:1088A0000C00C8E72F00C6E79B1A9BB29A42FBD97F
:1088B000029A00923A0003993000FFF712FFB08845
:1088C0003A002100FFF7ABFD3081F068002801D0AD
:1088D00000F086FB380005B0F0BD1700FAE7F0B5F0
:1088E00083B00400019116001D0008AB1F7880239F
:1088F0001B029A422DD8C068002803D001214942AA
:1089000000F0A6FB2069002803D00121494200F0B5
:108910009FFB019B2360A6806D046B0CE288D20B49
:10892000D5031D43E580FB01E2797F2717401F43F4
:10893000E771002363812381E068002801D000F003
:108940004FFB2069002806D000F04AFB012003B04D
:10895000F0BD0020FBE70120F9E7818803899BB285
:10896000428992B2934207D39B1A9BB2081C994248
:1089700000D9181C80B270479B1A9BB24A009B1802
:108980009BB2F3E7030000895B89C01A4342584158
:10899000C0B27047818803899BB2428992B29342E8
:1089A00006D39B1A9BB200208B424041C0B2704755
:1089B0009B1A9BB24A009B189BB2F4E782880389FA
:1089C0009BB2408980B2834206D31B1A9BB29A4263
:1089D00008D9D31A98B270471B1A9BB250001B18C3
:1089E0009BB2F4E70020F6E770B504000D000069C3
:1089F000002803D00121494200F02AFB228992B2CB
:108A000063899BB229002000FFF716FD05006189EC
:108A100089B282B2A088FFF702FD60812069002838
:108A200001D000F0DDFA280070BD10B50023FFF77B
:108A300011FE10BDF8B504000E00C068002803D078
:108A40000121494200F004FB2589ADB22000FFF767
:108A5000A1FF002802D0E779FF0916D0A2882B00D9
:108A600001E09B1A9BB29A42FBD9E2885204520C55
:108A700053432168C8183100FDF7E2FBA0880122AA
:108A80002900FFF7CCFC20810127E068002801D0F5
:108A900000F0A6FA3800F8BD10B50023FFF7A7FED6
:108AA00010BD10B50400C068002803D00121494260
:108AB00000F0CEFA2069002803D00121494200F0DD
:108AC000C7FA002363812381E068002801D000F009
:108AD00087FA2069002801D000F082FA012010BD39
:108AE00070B504000D00C068002803D00121494280
:108AF00000F0AEFA2069002803D00121494200F0BD
:108B0000A7FAED01E3797F2119402943E171E0687B
:108B1000002801D000F064FA2069002801D000F09C
:108B20005FFA012070BDF0B5DE4657464E46454619
:108B3000E0B585B0060010001C0002930EAB1A7859
:108B400003920F9D109F33680022DA6633685960E4
:108B500033680132DA66A246002398469B46002419
:108B60002BE03279002A31D001222FE0039900292D
:108B700001D000212EE001212CE03800A84703009D
:108B80000443E4B2002B06D13268526BD20602D401
:108B9000002DF2D1F6E7002B09D13268802151581F
:108BA0008B4600291FD1002C2FD1C1451ED0002C8F
:108BB00033D101229446E0440198D0452DDA029A3F
:108BC000013A91464246002ACBD000229202C1458A
:108BD000CCD0002149020A43411C01910078316840
:108BE00002430A61D4E7526D01240EE0039A002A81
:108BF000DDD10AE03800A84703000443E4B2002BAB
:108C000006D13268526B920502D4002DF2D1F6E7FC
:108C1000002BCCD13268126EC9E7002C09D0002B92
:108C200015D15B46002B16D0DB0718D45B461B071B
:108C300009D5039B3371404605B0F0BCBB46B24634
:108C4000A946A046F0BD02235B429846F1E7012306
:108C50005B429846EDE702235B429846E9E7022330
:108C60005B429846E5E70000F0B5D6464F464646DB
:108C7000C0B505000C000520FBF7F2FB06006008FC
:108C800080192100FCF7D4FE070043009946814477
:108C900005214846FCF7CCFE80463B1A9A46284BF5
:108CA0009C4224D8700080192649FCF7C1FE441C60
:108CB0004346023BA34221D32B680022DA6629688F
:108CC0000A680423534006221A4080235B010B43A9
:108CD0001A602B685246DA612B6842461A624B468C
:108CE0004F2B11D950214846FCF7A2FE0DE0700031
:108CF00080191549FCF79CFE441CD9E7134B144A14
:108D00005D211448FBF7CEFC0120A0232A68D05037
:108D10002A6811007C31D06F44402404240C802345
:108D20005B010B431C602B680122DA6639003000BE
:108D3000FCF77EFEE0BCBA46B146A846F0BDC04690
:108D40003F420F008096980040787D0148B40010A3
:108D5000C4B4001068B4001010B5114B98421CD078
:108D60001022104B1A60104B1A60104B9B681400B5
:108D70009C43231EF9D104710268D46602686624FC
:108D8000FF3414600268D36302689363883303225C
:108D90000468E250FFF768FF10BD0822E1E7C04613
:108DA000D00E002000E0004000F0004000C0004075
:108DB00030B585B008AC2578002402940194009564
:108DC000FFF7B1FE05B030BDF0B5DE4657464E4662
:108DD0004546E0B583B0824688460620FBF740FB57
:108DE00053465B68022213400193042353449B467D
:108DF000C0239B0159460B431A6002248146474613
:108E000000E02C00FE2C1FD84B4600930026A51C2A
:108E100028023A0000230021FDF7A0F9002903D120
:108E2000B142EED14845ECD94E46B84680256D009A
:108E3000012D0ED96F1E210079433000FCF7F8FD9B
:108E4000404506D83D00F3E74E46B84680256D0004
:108E5000EEE753461C616B1E1B02524612685340DC
:108E6000FF2212021340802040015246104303604B
:108E700080239B015A461343019A1A6029006143DB
:108E80003000FCF7D5FD03B0F0BCBB46B246A946A6
:108E9000A046F0BD70B50400174B984228D0802240
:108EA0009202164B1A60164B1A60164B9B68100004
:108EB0009843FAD12000FFF787FF656802210D4033
:108EC000231DC02292011A431160266807227240B6
:108ED000CF26164080225201224316608022920142
:108EE00013431D602434144303222260196070BDB3
:108EF00080225202D5E7C04600C0034000E0004097
:108F000000F0004000C0004030B5032A0CD9030037
:108F10000B439B0719D103680C68A34215D1043A8F
:108F200004300431032AF6D8551E002A0BD0002342
:108F300003E05A1C9D4206D01300C25CCC5CA242E6
:108F4000F7D0101B00E0002030BD551EEFE7C046F3
:108F500010B583070AD00300032102E001330B425E
:108F600005D01A78002AF9D1181A10BD0300196823
:108F70000C4A0D4C8A188A4322420FD15968094A7B
:108F800004338A188A43224208D15968054A0433B7
:108F90008A188A432242F1D000E001331A78002A6D
:108FA000FBD1E1E7FFFEFEFE80808080F8B5C04681
:108FB00001B40248844601BC604700BF0908002094
:108FC00001B40248844601BC604700BF550400203C
:108FD00001B40248844601BC604700BFC70C0020B2
:108FE00001B40248844601BC604700BF3102002042
:108FF00001B40248844601BC604700BF050D002053
:1090000001B40248844601BC604700BF9D030020B4
:1090100001B40248844601BC604700BF050D002032
:1090200001B40248844601BC604700BFC100002073
:1090300001B40248844601BC604700BFDD07002040
:1090400001B40248844601BC604700BFE50200202D
:1090500001B40248844601BC604700BFC90100203A
:1090600001B40248844601BC604700BF8D0C00205B
:1090700001B40248844601BC604700BF8D0A00204D
:1090800001B40248844601BC604700BF950100203E
:1090900001B40248844601BC604700BFB509002006
:1090A00001B40248844601BC604700BF510900205A
:1090B00001B40248844601BC604700BF5D0900203E
:1090C00001B40248844601BC604700BF2D05002062
:1090D0004B657920707265737365643A2025630A65
:1090E0000000000075735F73696E63655F626F6F88
:1090F00074203C3D20494E5436345F4D41580000A9
:10910000433A2F50726F6772616D2046696C6573C8
:109110002F5261737062657272792050692F5069A5
:10912000636F2053444B2076312E352E312F7069DA
:10913000636F2D73646B2F7372632F636F6D6D6F2D
:109140006E2F7069636F5F626173652F696E636C08
:109150007564652F7069636F2F74797065732E68FD
:10916000000000000A57616974696E6720666F72BB
:1091700020636172640A0D0053656C656374696EE7
:109180006720636172640A0D000000005049434388
:109190002064756D703A200A0D0000005569642046
:1091A00069733A2000000000257820000A0D0000B5
:1091B00041757468656E7469636174696F6E20537C
:1091C0007563636573730A0D000000004175746870
:1091D000656E7469636174696F6E204661696C6560
:1091E000640A0D000A474F5420494E534944452014
:1091F0005448452046554E4354494F4E0000000008
:1092000057616974696E6720666F7220636172646A
:1092100000000000436172642064657465637465D6
:10922000642C2073656C656374696E67206361727A
:1092300064000000436172642073656C656374654B
:109240006400000056616C6964206361726420648C
:1092500065746563746564000A5041535345442046
:109260005448452031535420464F52204C4F4F50C4
:10927000000000000A474F5420494E5349444520FE
:1092800031535420494600000A474F5420494E5359
:1092900049444520324E4420494600003332204E96
:1092A0006962626C65733A20000000002530325814
:1092B000200000004D61782050726F6475637473F4
:1092C0003A000000547970652025643A2025640A2C
:1092D000000000004572726F722072656164696EF1
:1092E000672074686520626C6F636B2E000000005D
:1092F0004572726F722061757468656E746963611E
:1093000074696E672074686520626C6F636B2E00F1
:10931000496E76616C69642063617264206465746F
:1093200065637465640000004661696C656420745F
:109330006F2073656C656374206361726400000064
:109340000A46494E495348454400000050726F6434
:109350007563746F20446573636F6E6F6369646FC8
:109360000000000050726F647563746F203200005B
:1093700050726F647563746F2033000050726F64B5
:109380007563746F2034000050726F647563746F7E
:109390002035000050726F647563746F20310000D7
:1093A0001408001004080010180800100808001025
:1093B0000C080010100800105479706525643A20DC
:1093C00025640A00500800108E080010A60800103E
:1093D000BE080010D608001025640000496E7661B2
:1093E0006C6964207479706500000000494E475232
:1093F0004553415354453A00524554495241535400
:10940000453A0000CC09001040090010A8090010DE
:10941000B2090010BA090010C4090010494E56459F
:109420004E544152494F20564143494F00000000DD
:10943000203A2920000000000A5245534554494E65
:109440004720494E56454E544F52590043415041D2
:10945000434944414420444500000000424F4445F4
:1094600047413A005449504F20313A200000000053
:109470005449504F20323A20000000005449504FC8
:1094800020333A20000000005449504F20343A2045
:10949000000000005449504F20353A2000000000E1
:1094A00043414E54494441442041435455414C00AA
:1094B000454E20424F444547413A0000494E4752ED
:1094C000455341523A204100524554495241523A83
:1094D0002042000043484543415220494E56454EE4
:1094E000543A20430000000056414349415220496C
:1094F0004E56454E543A2044000000000A5245534F
:10950000455420444520494E56454E544152494FFA
:10951000000000000A434845434B494E4720494E4E
:1095200056454E544F52590050726F647563742003
:10953000496E666F726D6174696F6E3A000000006B
:109540005469706F2064652050726F647563746F26
:109550003A2025730A00000043616E7469646164F7
:109560002064652050726F647563746F3A202564BF
:109570000A00000050726563696F20556E6974615E
:1095800072696F3A2025640A00000000507265631A
:10959000696F2064652056656E74613A2025640AFF
:1095A000000000000A46494E4953484544204B45B7
:1095B00059424F41524400004572726F72206C65EF
:1095C00079656E646F20656C20626C6F7175652EB5
:1095D000000000004553504552414E444F20544135
:1095E000470000002E2E2E004269656E76656E697A
:1095F000646F20616C00000073697374656D6100B5
:10960000646520696E76656E746172696F00000032
:109610000A4269656E76656E69646F20616C2073BD
:10962000697374656D6120646520696E76656E741A
:109630006172696F00000000494E53455254452045
:109640005441524A4554410044452041444D494EFD
:109650004953545241444F52000000000A496E677A
:10966000726573652050494E206465207365677587
:1096700072696461643A2000496E6772657365209F
:1096800050494E0064652073656775726964616452
:109690003A0000000A50494E207365637265746F8A
:1096A0003A202575000000000A50494E20636F7271
:1096B000726563746F212E0050494E20494E434F0E
:1096C00052524543544F3A00494E54454E5445205A
:1096D0004445204E5545564F3A0000003A280000B8
:1096E0000A494E54454E54414C4F204445204E5556
:1096F00045564F0041646D696E206175746F7269E3
:109700007A61646F00000000636F6E206578697491
:109710006F2100000A0A41646D696E697374726199
:10972000646F7220617574656E74696361646F2023
:10973000636F6E20C3A97869746F0000506F722048
:109740006661766F722C0000496E64697175653AC6
:10975000000000004361706163696461640000009F
:109760006465206C6120626F6465676100000000C1
:109770000A0A436170616369646164206465206200
:109780006F646567613A00007469706F20313A2038
:1097900025750A007469706F20323A2025750A0019
:1097A0007469706F20333A2025750A007469706FF0
:1097B00020343A2025750A007469706F20353A20EC
:1097C00025750A0000B01F0000C01F0000D01F0058
:1097D00000E01F0000F01F00080052501A520A005B
:1097E0007570646174655F75735F73696E63655FDF
:1097F000626F6F7400000000556E6B6E6F776E20A5
:109800006572726F720000004572726F7220696E2D
:1098100020636F6D6D756E69636174696F6E2E0084
:10982000436F6C6C6973696F6E20646574656374F3
:1098300065642E0054696D656F757420696E2063D0
:109840006F6D6D756E69636174696F6E2E000000D7
:109850004120627566666572206973206E6F7420A0
:1098600062696720656E6F7567682E00496E746562
:10987000726E616C206572726F7220696E207468FE
:109880006520636F64652E2053686F756C64206E6D
:109890006F742068617070656E2E0000496E76618D
:1098A0006C696420617267756D656E742E000000CE
:1098B000546865204352435F4120646F6573206E96
:1098C0006F74206D617463682E00000053756363CC
:1098D0006573732E0000000041204D4946415245FA
:1098E000205049434320726573706F6E6465642035
:1098F00077697468204E414B2E0000004E1C00100A
:10990000761C00105A1C00105E1C0010621C001017
:10991000661C00106A1C00106E1C0010C81C001091
:10992000D01C0010DC1C0010DC1C0010BC1C001043
:10993000DC1C0010DC1C0010DC1C0010C01C001023
:10994000E01C0010DC1C0010DC1C0010DC1C0010F3
:10995000DC1C0010DC1C0010DC1C0010CC1C0010F7
:10996000CC1C0010DC1C0010DC1C0010DC1C0010E7
:10997000DC1C0010DC1C0010DC1C0010C41C0010DF
:10998000DC1C0010DC1C0010DC1C0010DC1C0010B7
:10999000DC1C0010DC1C0010DC1C0010D41C0010AF
:1099A000DC1C0010DC1C0010DC1C0010DC1C001097
:1099B000DC1C0010DC1C0010DC1C0010DC1C001087
:1099C000DC1C0010DC1C0010DC1C0010DC1C001077
:1099D000DC1C0010DC1C0010DC1C0010DC1C001067
:1099E000DC1C0010DC1C0010DC1C0010DC1C001057
:1099F000DC1C0010DC1C0010DC1C0010DC1C001047
:109A0000DC1C0010DC1C0010DC1C0010DC1C001036
:109A1000DC1C0010DC1C0010DC1C0010D81C00102A
:109A2000556E6B6E6F776E20747970650000000064
:109A30005049434320636F6D706C69616E74207789
:109A40006974682049534F2F4945432031383039D4
:109A50003220284E464329004D4946415245204D6B
:109A6000696E692C2033323020627974657300008E
:109A70004D494641524520314B4200004D49464137
:109A8000524520344B4200004D4946415245205535
:109A90006C7472616C69676874206F7220556C74A5
:109AA00072616C6967687420430000004D4946414B
:109AB000524520506C7573004D4946415245205423
:109AC0004E503358585800005049434320636F6D3F
:109AD000706C69616E7420776974682049534F2FE8
:109AE0004945432031343434332D340053414B2025
:109AF000696E6469636174657320554944206973B4
:109B0000206E6F7420636F6D706C6574652E00003D
:109B1000001D0010FC1C0010281D00100C1D001062
:109B2000101D0010141D0010181D00101C1D001029
:109B3000201D00104669726D77617265205665724E
:109B400073696F6E3A20307800000000253032587B
:109B500000000000203D2028636C6F6E65290D0019
:109B6000203D2076302E300D00000000203D207674
:109B7000312E300D00000000203D2076322E300DB9
:109B800000000000203D2028756E6B6E6F776E29F7
:109B90000D0000005741524E494E473A20436F6D29
:109BA0006D756E69636174696F6E206661696C754D
:109BB00072652C20697320746865204D46524335C8
:109BC00032322070726F7065726C7920636F6E6EC6
:109BD00065637465643F0D004361726420554944B8
:109BE0003A000000436172642053414B3A20000068
:109BF000205049434320747970653A2000000000EA
:109C0000202000002575000020202020202020009A
:109C10005043445F41757468656E7469636174652F
:109C20002829206661696C65643A20004D494641E7
:109C300052455F526561642829206661696C6564DC
:109C40003A200000205B2000205D200020496E7635
:109C500065727465642061636365737320626974FF
:109C60007320646964206E6F74206D617463682171
:109C7000200000002056616C75653D3078000000C2
:109C8000204164723D307800536563746F722042E6
:109C90006C6F636B20202030202031202032202068
:109CA000332020203420203520203620203720204B
:109CB000203820203920313020313120203132200D
:109CC0003133203134203135202041636365737393
:109CD000426974730D0000005061676520203020D8
:109CE00020312020322020330D00000044756D709B
:109CF000696E67206D656D6F727920636F6E746534
:109D00006E7473206E6F7420696D706C656D656E16
:109D100074656420666F72207468617420504943D2
:109D20004320747970652E0D000000007570646129
:109D300074655F75735F73696E63655F626F6F747F
:109D4000000000004E6F207370696E6C6F636B7360
:109D50002061726520617661696C61626C650000EA
:109D600064656C7461203E3D202D323034382026ED
:109D7000262064656C7461203C3D203230343620EE
:109D8000262620212864656C746120262031290054
:109D9000433A2F50726F6772616D2046696C65732C
:109DA0002F5261737062657272792050692F506909
:109DB000636F2053444B2076312E352E312F70693E
:109DC000636F2D73646B2F7372632F7270325F63D6
:109DD0006F6D6D6F6E2F68617264776172655F6918
:109DE00072712F6972712E63000000002128646572
:109DF0006C7461203E3E20313175290063757272AA
:109E0000656E74203D3D205F5F756E68616E646CA9
:109E100065645F757365725F697271207C7C206315
:109E2000757272656E74203D3D2068616E646C656C
:109E3000720000006972715F68616E6465725F63D1
:109E40006861696E5F667265655F736C6F745F6889
:109E5000656164203E3D2030000000007674616240
:109E60006C655F68616E646C6572203D3D205F5F6C
:109E7000756E68616E646C65645F757365725F6949
:109E800072710000212828282875696E7470747218
:109E90005F7429767461626C655F68616E646C657D
:109EA0007229202D20282875696E747074725F7471
:109EB000296972715F68616E646C65725F63686165
:109EC000696E5F736C6F747329202D20312925739F
:109ED000697A656F6628737472756374206972712C
:109EE0005F68616E646C65725F636861696E5F7301
:109EF0006C6F74292900000030783163203D3D20CB
:109F0000282A696E7374293E3E31317500000000C5
:109F100021657863657074696F6E207C7C2065783C
:109F200063657074696F6E203D3D206E756D202BEA
:109F300020565441424C455F46495253545F495262
:109F40005100000066616C736500000069735F7307
:109F500068617265645F6972715F7261775F686181
:109F60006E646C657228736C6F745F68616E646C8C
:109F700065722900657863657074696F6E00000012
:109F8000666F756E640000004E6F207573657220F9
:109F9000495251732061726520617661696C61621A
:109FA0006C6500006972715F6164645F7461696C03
:109FB0005F746F5F667265655F6C69737400000043
:109FC000696E736572745F6272616E63685F616E01
:109FD000645F6C696E6B00006972715F72656D6FB2
:109FE00076655F68616E646C657200006D616B65BB
:109FF0005F6272616E6368007265736F6C76655F35
:10A000006272616E636800006972715F6164645FAF
:10A010007368617265645F68616E646C657200008C
:10A020006972715F7365745F6578636C7573697667
:10A03000655F68616E646C6572000000746F7461C6
:10A040006C000000433A2F50726F6772616D2046BA
:10A05000696C65732F5261737062657272792050FA
:10A06000692F5069636F2053444B2076312E352E73
:10A07000312F7069636F2D73646B2F7372632F635D
:10A080006F6D6D6F6E2F7069636F5F73796E632F85
:10A090006D757465782E63006D74782D3E636F72F4
:10A0A000652E7370696E5F6C6F636B006C6F636BB2
:10A0B0005F69735F6F776E65725F69645F76616C0D
:10A0C0006964286D74782D3E6F776E657229000083
:10A0D0006D74782D3E656E7465725F636F756E7416
:10A0E000000000006D757465785F65786974000024
:10A0F0006D757465785F656E7465725F626C6F63B1
:10A100006B5F756E74696C007570646174655F7502
:10A11000735F73696E63655F626F6F740000000048
:10A1200072742D3E616C61726D5F6964203D3D20EB
:10A1300069640000433A2F50726F6772616D204668
:10A14000696C65732F526173706265727279205009
:10A15000692F5069636F2053444B2076312E352E82
:10A16000312F7069636F2D73646B2F7372632F636C
:10A170006F6D6D6F6E2F7069636F5F74696D652FA2
:10A1800074696D652E630000696420262620696469
:10A19000203C3D20706F6F6C2D3E686561702D3ED8
:10A1A0006D61785F6E6F64657300000069642026DE
:10A1B00026206964203C3D20686561702D3E6D61FC
:10A1C000785F6E6F64657300433A2F50726F6772E9
:10A1D000616D2046696C65732F52617370626572A0
:10A1E00072792050692F5069636F2053444B207659
:10A1F000312E352E312F7069636F2D73646B2F7381
:10A2000072632F636F6D6D6F6E2F7069636F5F7513
:10A2100074696C2F696E636C7564652F7069636F08
:10A220002F7574696C2F70686561702E680000006E
:10A23000706172656E745F69640000006368696CC8
:10A24000645F696400000000706172656E745F692C
:10A250006420213D206368696C645F6964000000CC
:10A260002170685F636F6E7461696E735F6E6F6497
:10A270006528706F6F6C2D3E686561702C2072656B
:10A280007573655F6964290072656D6F7665645FDB
:10A290006964203D3D206E6578745F69640000004C
:10A2A00063616C6C6261636B00000000706F6F6CC7
:10A2B0002D3E616C61726D5F696E5F70726F677267
:10A2C000657373203D3D206D616B655F7075626CD9
:10A2D00069635F69642869645F686967682C206ED8
:10A2E0006578745F696429006964202626202170DE
:10A2F000685F636F6E7461696E735F6E6F6465280B
:10A30000686561702C20696429000000216865611E
:10A31000702D3E667265655F7461696C5F6964008B
:10A3200064656661756C745F616C61726D5F706F9E
:10A330006F6C5F696E697469616C697A65642829FC
:10A3400000000000616C61726D5F696420213D2036
:10A35000706F6F6C2D3E616C61726D5F696E5F70C6
:10A36000726F677265737300726300004174746585
:10A370006D7074656420746F20736C6565702069FE
:10A380006E73696465206F6620616E206578636511
:10A390007074696F6E2068616E646C65723B2075C5
:10A3A000736520627573795F7761697420696620CF
:10A3B000796F75206D75737400000000616C6172B7
:10A3C0006D5F706F6F6C5F63616E63656C5F616C16
:10A3D00061726D007570646174655F75735F736938
:10A3E0006E63655F626F6F7400000000616C617284
:10A3F0006D5F706F6F6C5F616C61726D5F63616CDC
:10A400006C6261636B0000006765745F656E7472F7
:10A4100079000000616C61726D5F706F6F6C5F67D7
:10A4200065745F64656661756C7400006765745F70
:10A43000656E7472795F69645F68696768000000BF
:10A4400070685F667265655F6E6F6465000000002E
:10A4500070685F6164645F6368696C645F6E6F6499
:10A460006500000070685F696E736572745F6E6F7F
:10A470006465000070685F6765745F6E6F64650097
:10A480006164645F616C61726D5F756E6465725F5B
:10A490006C6F636B000000004861726477617265E5
:10A4A00020616C61726D20256420616C726561644D
:10A4B0007920636C61696D656400000074696D6585
:10A4C000725F68772D3E696E747320262031752087
:10A4D0003C3C20616C61726D5F6E756D0000000028
:10A4E000433A2F50726F6772616D2046696C6573D5
:10A4F0002F5261737062657272792050692F5069B2
:10A50000636F2053444B2076312E352E312F7069E6
:10A51000636F2D73646B2F7372632F7270325F637E
:10A520006F6D6D6F6E2F68617264776172655F74B5
:10A53000696D65722F74696D65722E63000000008D
:10A5400068617264776172655F616C61726D5F737F
:10A5500065745F7461726765740000007570646192
:10A5600074655F75735F73696E63655F626F6F7447
:10A5700000000000726F6F745F696400433A2F50EF
:10A58000726F6772616D2046696C65732F526173DB
:10A590007062657272792050692F5069636F205321
:10A5A000444B2076312E352E312F7069636F2D7319
:10A5B000646B2F7372632F636F6D6D6F6E2F706995
:10A5C000636F5F7574696C2F70686561702E6300CE
:10A5D0002170685F6765745F6E6F64652868656188
:10A5E000702C20726F6F745F6964292D3E736962ED
:10A5F0006C696E67000000002170685F6765745FBA
:10A600006E6F646528686561702C20726F6F745F6F
:10A610006964292D3E706172656E74006E65775FA6
:10A620007375625F7472656520213D206865617095
:10A630002D3E726F6F745F696400000070685F7216
:10A64000656D6F76655F616E645F667265655F6E8E
:10A650006F64650070685F72656D6F76655F616ECF
:10A66000795F68656164000070685F6164645F635E
:10A6700068696C645F6E6F646500000070685F6796
:10A6800065745F6E6F6465007372635F6672657197
:10A69000203E3D206672657100000000433A2F5055
:10A6A000726F6772616D2046696C65732F526173BA
:10A6B0007062657272792050692F5069636F205300
:10A6C000444B2076312E352E312F7069636F2D73F8
:10A6D000646B2F7372632F7270325F636F6D6D6F77
:10A6E0006E2F68617264776172655F636C6F636B14
:10A6F000732F636C6F636B732E630000636C6F6307
:10A700006B5F636F6E6669677572650076636F5F16
:10A7100066726571203E3D20285049434F5F504C82
:10A720004C5F56434F5F4D494E5F465245515F4B1C
:10A73000485A202A204B485A292026262076636F23
:10A740005F66726571203C3D20285049434F5F5041
:10A750004C4C5F56434F5F4D41585F465245515FE9
:10A760004B485A202A204B485A290000433A2F5080
:10A77000726F6772616D2046696C65732F526173E9
:10A780007062657272792050692F5069636F20532F
:10A79000444B2076312E352E312F7069636F2D7327
:10A7A000646B2F7372632F7270325F636F6D6D6FA6
:10A7B0006E2F68617264776172655F706C6C2F7068
:10A7C0006C6C2E63000000006662646976203E3D7A
:10A7D000203136202626206662646976203C3D20A2
:10A7E0003332300028706F73745F64697631203EB5
:10A7F0003D203120262620706F73745F64697631A6
:10A80000203C3D2037292026262028706F73745F56
:10A8100064697632203E3D203120262620706F73F9
:10A82000745F64697632203C3D20372900000000C7
:10A830007265665F66726571203C3D202876636FA5
:10A840005F66726571202F2031362900706C6C5F55
:10A85000696E6974000000002C2066756E6374696F
:10A860006F6E3A2000000000617373657274696F47
:10A870006E2022257322206661696C65643A206629
:10A88000696C6520222573222C206C696E65202559
:10A8900064257325730A000031203D3D2028756929
:10A8A0006E747074725F74296C2D3E7370696E5F84
:10A8B0006C6F636B00000000433A2F50726F677239
:10A8C000616D2046696C65732F52617370626572A9
:10A8D00072792050692F5069636F2053444B207662
:10A8E000312E352E312F7069636F2D73646B2F738A
:10A8F00072632F7270325F636F6D6D6F6E2F706950
:10A90000636F5F72756E74696D652F72756E7469B1
:10A910006D652E63000000000A2A2A2A2050414E4D
:10A920004943202A2A2A0A0072756E74696D655F90
:10A93000696E697400000000666E6900666E692BBE
:10A94000000000006E616E00666E692D0000000060
:10A95000BA5300106A5300106A530010C453001019
:10A960006A5300106A5300106A5300106A530010B3
:10A970006A5300106A5300106A530010B05300105D
:10A980006A530010A65300106A5300106A53001057
:10A990009C5300105C540010825400109A54001014
:10A9A000825400103C540010825400108254001055
:10A9B00082540010825400108254001082540010FF
:10A9C00082540010785400108254001082540010F9
:10A9D000825400108254001082540010A6540010BB
:10A9E000D6580010EC580010EC580010EC5800102D
:10A9F000EC580010EC580010EC580010EC58001007
:10AA0000EC580010EC580010EC580010EC580010F6
:10AA1000EC580010EC580010EC580010EC580010E6
:10AA2000EC580010EC580010EC580010EC580010D6
:10AA3000EC580010EC580010EC580010EC580010C6
:10AA4000EC580010EC580010EC580010EC580010B6
:10AA5000EC580010EC580010EC580010EC580010A6
:10AA6000FE560010BE560010FE560010EC580010A6
:10AA7000EC580010EC580010EC580010EC58001086
:10AA8000EC580010EC580010EC580010EC58001076
:10AA9000EC580010EC580010EC580010EC58001066
:10AAA000EC580010EC580010EC580010B254001094
:10AAB000EC580010EC580010EC580010EC58001046
:10AAC000EC580010EC580010EC580010EC58001036
:10AAD000EC580010B25400104E570010B254001041
:10AAE000FE560010BE560010FE560010EC58001026
:10AAF000B2540010EC580010EC580010EC58001044
:10AB0000EC580010EC580010B2540010A05800107F
:10AB1000EC580010EC580010C6570010EC5800100C
:10AB2000B2540010EC580010EC580010B254001051
:10AB3000000000000000F03F000000000000244082
:10AB400000000000000059400000000000408F405D
:10AB5000000000000088C34000000000006AF840C8
:10AB60000000000080842E4100000000D0126341EC
:10AB70000000000084D797410000000065CDCD4162
:10AB80006D697373696E6720646F75626C652066AA
:10AB9000756E6374696F6E002A282875696E743843
:10ABA0005F74202A29726F6D5F646174615F6C6FDE
:10ABB0006F6B757028726F6D5F7461626C655F6337
:10ABC0006F6465282753272C2027462729292D32F3
:10ABD00029202A2034203E3D2053465F5441424CD8
:10ABE000455F56325F53495A45000000433A2F50A3
:10ABF000726F6772616D2046696C65732F52617365
:10AC00007062657272792050692F5069636F2053AA
:10AC1000444B2076312E352E312F7069636F2D73A2
:10AC2000646B2F7372632F7270325F636F6D6D6F21
:10AC30006E2F7069636F5F646F75626C652F646FF0
:10AC400075626C655F696E69745F726F6D2E63000B
:10AC50005F5F61656162695F646F75626C655F69A2
:10AC60006E6974002A282875696E74385F74202A0A
:10AC700029726F6D5F7461626C652D3229202A2004
:10AC800034203E3D2053465F5441424C455F56328E
:10AC90005F53495A45000000433A2F50726F677264
:10ACA000616D2046696C65732F52617370626572C5
:10ACB00072792050692F5069636F2053444B20767E
:10ACC000312E352E312F7069636F2D73646B2F73A6
:10ACD00072632F7270325F636F6D6D6F6E2F70696C
:10ACE000636F5F666C6F61742F666C6F61745F6910
:10ACF0006E69745F726F6D2E630000005F5F616547
:10AD00006162695F666C6F61745F696E697400008F
:10AD10004465627567000000626F6F74325F77325E
:10AD20003571303830000000312E352E31000000F2
:10AD30007069636F5F770000696E76656E746F721D
:10AD4000790000004D6179203234203230323400F5
:10AD500006005250BBFF3CB630AD0010060052500A
:10AD6000E182887F18AD001006005250D3F0754282
:10AD700010AD00107570646174655F75735F736901
:10AD80006E63655F626F6F74000000000D0A000063
:10AD90002D650010316500103D6500108D650010B7
:10ADA0007165001000000000433A2F50726F677207
:10ADB000616D2046696C65732F52617370626572B4
:10ADC00072792050692F5069636F2053444B20766D
:10ADD000312E352E312F7069636F2D73646B2F7395
:10ADE00072632F7270325F636F6D6D6F6E2F70695B
:10ADF000636F5F737464696F5F7573622F737464DC
:10AE0000696F5F7573622E63000000005553422026
:10AE1000737464696E202F207374646F75740000FE
:10AE20000600525053B4F4A10CAE00107374646960
:10AE30006F5F7573625F696E69740000757064613D
:10AE400074655F75735F73696E63655F626F6F745E
:10AE5000000000005261737062657272792050695F
:10AE6000000000005069636F00000000426F6172D3
:10AE70006420434443000000526573657400000081
:10AE800009025400030100807D080B000202020049
:10AE9000000904000001020200040524002001054D
:10AEA0002401000104240202052406000107058193
:10AEB0000308001009040100020A0000000705024F
:10AEC0000240000007058202400000090402000061
:10AED000FF00010512010002EF0201408A2E0A0064
:10AEE00000010102030100000000000054AE001048
:10AEF00064AE00101C1D00206CAE001078AE001077
:10AF00006C656E203E203000433A2F50726F67729E
:10AF1000616D2046696C65732F5261737062657252
:10AF200072792050692F5069636F2053444B20760B
:10AF3000312E352E312F7069636F2D73646B2F7333
:10AF400072632F7270325F636F6D6D6F6E2F7069F9
:10AF5000636F5F756E697175655F69642F756E6982
:10AF60007175655F69642E63000000007069636F2E
:10AF70005F6765745F756E697175655F626F617239
:10AF8000645F69645F737472696E6700666C617395
:10AF9000685F6F666673202B20636F756E74203C4C
:10AFA0003D205049434F5F464C4153485F53495AF7
:10AFB000455F425954455300433A2F50726F6772B0
:10AFC000616D2046696C65732F52617370626572A2
:10AFD00072792050692F5069636F2053444B20765B
:10AFE000312E352E312F7069636F2D73646B2F7383
:10AFF00072632F7270325F636F6D6D6F6E2F686159
:10B000007264776172655F666C6173682F666C61EC
:10B0100073682E6300000000636F6E6E6563745F7B
:10B02000696E7465726E616C5F666C617368202610
:10B030002620666C6173685F657869745F786970F3
:10B0400020262620666C6173685F72616E67655F9B
:10B05000657261736520262620666C6173685F6681
:10B060006C7573685F63616368650000636F6E6E23
:10B070006563745F696E7465726E616C5F666C6146
:10B08000736820262620666C6173685F6578697432
:10B090005F78697020262620666C6173685F726134
:10B0A0006E67655F70726F6772616D20262620661D
:10B0B0006C6173685F666C7573685F636163686514
:10B0C00000000000636F6E6E6563745F696E746587
:10B0D000726E616C5F666C61736820262620666CF8
:10B0E0006173685F657869745F78697020262620CF
:10B0F000666C6173685F666C7573685F63616368D3
:10B1000065000000666C6173685F646F5F636D6407
:10B1100000000000666C6173685F72616E67655F56
:10B1200070726F6772616D00666C6173685F7261E7
:10B130006E67655F65726173650000002828756938
:10B140006E747074725F7420296E6578745F6275B6
:10B15000666665725F70747220262030623131310C
:10B160003131317529203D3D20300000433A2F50C8
:10B17000726F6772616D2046696C65732F526173DF
:10B180007062657272792050692F5069636F205325
:10B19000444B2076312E352E312F7069636F2D731D
:10B1A000646B2F6C69622F74696E797573622F738B
:10B1B00072632F706F727461626C652F726173704D
:10B1C000626572727970692F7270323034302F6418
:10B1D00063645F7270323034302E630068775F646E
:10B1E0006174615F6F6666736574286E6578745FFD
:10B1F0006275666665725F70747229203C3D2055E9
:10B2000053425F445052414D5F4D41580000000091
:10B21000556E68616E646C656420495251203078C7
:10B2200025780A007268706F7274203D3D203000EE
:10B230006463645F656470745F78666572000000C3
:10B240006463645F656470745F6F70656E000000B6
:10B250006463645F7365745F6164647265737300D3
:10B260006463645F696E745F656E61626C65000043
:10B270005F68775F656E64706F696E745F616C6C38
:10B280006F6300006463645F696E697400000000AE
:10B2900021286275665F6374726C202620555342C4
:10B2A0005F4255465F4354524C5F46554C4C290013
:10B2B000433A2F50726F6772616D2046696C6573F7
:10B2C0002F5261737062657272792050692F5069D4
:10B2D000636F2053444B2076312E352E312F706909
:10B2E000636F2D73646B2F6C69622F74696E79754F
:10B2F00073622F7372632F706F727461626C652F4B
:10B3000072617370626572727970692F7270323017
:10B3100034302F7270323034305F7573622E6300B8
:10B320006275665F6374726C2026205553425F42DB
:10B3300055465F4354524C5F46554C4C000000004C
:10B3400065702025642025732077617320616C72FD
:10B350006561647920617661696C61626C65000089
:10B3600043616E277420636F6E74696E7565207813
:10B37000666572206F6E20696E6163746976652000
:10B380006570202564202573000000006F7574002F
:10B39000696E000073796E635F65705F62756666E3
:10B3A000657200002C72001092710010C4710010C0
:10B3B000F67100102C7200102C7200101272001026
:10B3C000C47100102C7200102C7200102C7200102E
:10B3D0002C7200102C7200102C7200102C720010B5
:10B3E000A47100102C77001006770010D27800109E
:10B3F000E0760010D278001054760010D676001057
:10B40000D278001070760010887600102A7900102B
:10B410001C790010727900102A790010567A0010F9
:10B42000767A001086790010D27900108E7A00109A
:10B43000AD7E0010697F0010AD7F00107980001094
:10B44000AD810010000000007364615F74785F6874
:10B450006F6C645F636F756E74203C3D206C636E2F
:10B4600074202D2032000000433A2F50726F677213
:10B47000616D2046696C65732F52617370626572ED
:10B4800072792050692F5069636F2053444B2076A6
:10B49000312E352E312F7069636F2D73646B2F73CE
:10B4A00072632F7270325F636F6D6D6F6E2F6861A4
:10B4B0007264776172655F6932632F6932632E63EC
:10B4C000000000006932635F7365745F62617564D8
:08B4D0007261746500000000C8
:10B4D800D8970010AC020010A002001094020010CF
:10B4E80050AD0010880200105CAD001068AD00106F
:04B4F80020AE001072
:10B4FC0003000068EFF3108C72B60268002AFCD0CF
:10B50C00BFF35F8F04229A56002A0BDB002910D060
:10B51C000A6000201B68BFF35F8F00221A608CF357
:10B52C0010887047D0221206127852B21A7101207C
:10B53C00F0E70020EEE70000F8B5CE46474680B5B0
:10B54C000400170098460368002B20D0D0231B065C
:10B55C001B785BB299462668EFF3108C72B635688F
:10B56C00002DFCD0BFF35F8F04256557002D14DB35
:10B57C002368BFF35F8F00221A608CF310883800A9
:10B58C00414600F0E9FD0028E5D000200FE00A4B11
:10B59C000A4A85210A4800F0CFFD4B4623712368E7
:10B5AC00BFF35F8F00221A608CF310880120C0BC9F
:10B5BC00B946B046F8BDC04698A00010F0A00010E7
:10B5CC0044A0001070B582B0060015001C0001A943
:10B5DC00FFF78EFF002807D1019B5BB2D022120629
:10B5EC00127852B2934201D102B070BD2A002300EE
:10B5FC003000FFF7A1FFF7E7F8B506000F0000F0E9
:10B60C00A3FD04000D1E12DBFA2292000023380069
:10B61C00002100F0A9FD22002B0012184B41002B39
:10B62C000BDB002B0DDB3000FFF786FFF8BD084B62
:10B63C00084A3F21084800F07FFD01225242074B87
:10B64C00EFE7034B034A3F21034800F075FDC0466A
:10B65C00E490001008A1001000910010FFFFFF7F84
:10B66C0010B50268EFF3108172B61368002BFCD092
:10B67C00BFF35F8F0423C356002B0ADBFF23037138
:10B68C000368BFF35F8F00221A6081F3108840BFFC
:10B69C0010BD034B034AB421034800F04DFDC046D6
:10B6AC00ACA00010E4A0001044A00010094B1B78C3
:10B6BC00002B08D00CE09A0080214905511808682D
:10B6CC000549505001333F2BF5DD024B01221A7016
:10B6DC007047C0462F1D0020B014002010B5024B3F
:10B6EC000133984710BDC046B014002000280AD082
:10B6FC0003231B02054A12685340C02292001340D8
:10B70C00034A136070470223F3E7C0460C800140E4
:10B71C000C900140F0B5D6464F464646C0B50400E5
:10B72C000D000A1880239B039A4232D818273B88B5
:10B73C00142630881D49984781463B8830881C491F
:10B74C00984780463B8830881A49984782463B8800
:10B75C0030881949984706004B46002B1FD04346AA
:10B76C00002B1CD05346002B19D0002817D0FFF704
:10B77C009DFFC847C0478022D823520229002000D1
:10B78C00D047B047FFF7AAFFE0BCBA46B146A8467F
:10B79C00F0BD0A4B0A4A41210A4800F0CDFC0A4B85
:10B7AC00074A4921074800F0C7FCC046494600003B
:10B7BC004558000052450000464300008CAF001075
:10B7CC0028B10010B8AF001018B00010F8B5DE4664
:10B7DC0057464E464546E0B504008B4615001218F8
:10B7EC0080239B039A4231D818273B881426308833
:10B7FC001C49984781463B8830881B4998478046AE
:10B80C003B8830881949984782463B8830881849CC
:10B81C00984706004B46002B1ED04346002B1BD0EE
:10B82C005346002B18D0002816D0FFF73FFFC8470F
:10B83C00C0472A0059462000D047B047FFF74EFFBB
:10B84C00F0BCBB46B246A946A046F8BD094B0A4A15
:10B85C0058210A4800F070FC094B074A6021074840
:10B86C0000F06AFC494600004558000052500000A8
:10B87C00464300008CAF001014B10010B8AF00109C
:10B88C006CB00010F0B5D6464F464646C0B5070022
:10B89C000E00150018239A461B8814229046108817
:10B8AC0028499847814653461B88424610882649AA
:10B8BC009847040053461B884246108823499847F2
:10B8CC0080464B46002B0CD0002C0AD0002808D008
:10B8DC00FFF7ECFEC847A0470020FFF707FF2A0040
:10B8EC000FE01B4B1B4A80211B4800F025FC002B52
:10B8FC0007D0002A05D0C0235B051B6E3370013ABC
:10B90C0001362B00134312D0C0235B059C6A08231D
:10B91C002340A107EBD5002DE9D0511B0D29E6D80A
:10B92C003878C02149050866013D0137DFE7012061
:10B93C00FFF7DCFEC047FFF7D1FEE0BCBA46B146CC
:10B94C00A846F0BD4946000045580000464300009B
:10B95C00C4B0001004B10010B8AF001010B5002333
:10B96C0008E00133DA000021084811508446624493
:10B97C005160DBB20E2BF4D9F02292000021044866
:10B98C0000F002FC034B044A1A6010BD000010507A
:10B99C00B0160020A81A002080011050F0B5CE4639
:10B9AC00474680B585B0234B9F6D0024012603E0EC
:10B9BC00B74376000134E4B2002F36D01F2C34D8B4
:10B9CC003E42F6D01C4B9E656308994601236340AA
:10B9DC0001221A4090464B465D0045446D01174BC1
:10B9EC00ED18280000F042FA0028E1D04B465B002D
:10B9FC0043445B01114AD3189A789146DB8A9846E6
:10BA0C000C22002101A800F0BFFB07236A465371EA
:10BA1C006B464A461A7243460393012101A800F073
:10BA2C004DFA280000F0ACF9C2E705B0C0BCB9462D
:10BA3C00B046F0BD000011500030115070160020BF
:10BA4C00F0B585B0684A9823D55880239B022C000A
:10BA5C001C401D424AD0654B9A6A654B1A60002403
:10BA6C00002609E0634B99183C3100230B7000F061
:10BA7C00B9F93E000134E4B20F2C17D8A201100022
:10BA8C0020305C4BC0189B183B331B78022BF1D138
:10BA9C00584B9B183A331F78002FEBD0554B9B1803
:10BAAC003C331B78002BDDD13E00E3E7002E08D1A0
:10BABC00514B1B78002B04D1504A903380218902C2
:10BACC00D150494B9C6C6405640D0C22002101A8DB
:10BADC0000F05AFB00236A4613710333537102942E
:10BAEC00012101A800F0EAF98024A402EB0609D494
:10BAFC00EB0329D580235B021C4301AB404A1A801F
:10BB0C0000260BE010231C43FFF748FFF0E701ABC6
:10BB1C00985D00F049FB0123C3700136012EF6D964
:10BB2C0001AE0C220021300000F02EFB06237370B6
:10BB3C00344A02AB03CA03C30121300000F0BEF942
:10BB4C002E4B802292021A65EB0407D46B041ED490
:10BB5C002B042FD4AC4241D105B0F0BD80235B0146
:10BB6C001C43214B00221A60FFF7F8FE01AE0C2299
:10BB7C000021300000F008FB01237370012130001C
:10BB8C0000F09CF91D4B802212031A65DEE780231E
:10BB9C00DB011C4301AE0C220021300000F0F4FA52
:10BBAC00042373700121300000F088F9134B10222C
:10BBBC001A65CDE780231B021C4301AE0C22002129
:10BBCC00300000F0E1FA052373700121300000F021
:10BBDC0075F90A4B802212011A65BBE721006940F6
:10BBEC00094800F0E9FAC046000011500040054039
:10BBFC0068160020701600202E1D002000301150F9
:10BC0C000080FFFF0000105010B20010094B1B6C9D
:10BC1C009B070CD48378DB09012B01D0002007E0B3
:10BC2C00C37E022B01D0002002E0012000E00020A6
:10BC3C007047C0460000115010B5FFF7E7FF002811
:10BC4C0009D0064B9B6A064A12689B1A054A944611
:10BC5C006344C62B00D810BD0020FCE70040054013
:10BC6C0068160020E0FCFFFFF8B504000F00838A83
:10BC7C00028B1E1C934200D9161CB6B29B1BA382CE
:10BC8C008025ED003543E378002B13D08022920100
:10BC9C00154301225340E3706378002B0CD0A38A28
:10BCAC00002B02D18023DB011D43002F00D02D047B
:10BCBC002800F8BD0022EBE7B801E3689C4660441D
:10BCCC003200216900F068FA23699C4666442661BB
:10BCDC0080231B021D43E2E770B5040083681B68D8
:10BCEC00002900D01B0C9D05AD0D6278002A12D1E5
:10BCFC001B0409D4E38A5B19E382238BAB4201D981
:10BD0C000023A382280070BD81210F4B0F4A4900EC
:10BD1C000F4800F011FA1B040ED58901E3689C460C
:10BD2C0061442A00206900F037FAE38A5B19E38248
:10BD3C0023695B192361E0E70A21064B034AFF31B3
:10BD4C00034800F0F9F9C04690B2001094B300100B
:10BD5C00B0B2001020B3001010B5040083681B684B
:10BD6C000021FFF7B9FF63681B685B0002D5238BCA
:10BD7C00834200D010BD01212000FFF7ADFFF9E791
:10BD8C00002383768382C3820361704710B5002938
:10BD9C0002D083681B681940002A0FD01143530549
:10BDAC000CD5826813685B050BD40B4B0B401360EE
:10BDBC00FFE7FFE7FFE7FFE7FFE7FFE783681960AF
:10BDCC0010BD83787F211940DB099B00034A9A58E8
:10BDDC00034800F0F1F9C046FFFBFFFFA80E00205E
:10BDEC0040B3001070B5040043681E680021FFF7D3
:10BDFC003BFF80256D010543194B1B6C0222110082
:10BE0C0019401A4202D1A378DB0906D0002906D0CA
:10BE1C00A3785B0616D1002302E0012300E0002387
:10BE2C00A28A002A01D0002B0ED00E4B1E4080237C
:10BE3C009B053343626813602A0000212000FFF742
:10BE4C00A5FF70BD0123EBE701212000FFF70CFFDC
:10BE5C000543054B1E40A023DB053343EAE7C046F0
:10BE6C0000001150FFFFFFAFFFFFFFDF70B50400B4
:10BE7C00857E002D06D0FFF76FFFA38A002B0BD118
:10BE8C00280070BD83787F211940DB099B00094A8B
:10BE9C009A58094800F090F92000FFF7CDFE051ED6
:10BEAC0003D0012323770025EAE72000FFF79AFF50
:10BEBC00E6E7C046A80E002060B3001030B585B090
:10BECC0005004378042B00D159E006D8022B2BD067
:10BEDC00032B00D0CBE0002483E0052B00D0C6E080
:10BEEC00704B1B78DB0748D56E4A137804218B43C3
:10BEFC0013706D4B1C68210014316269EFF31080D4
:10BF0C0072B61368002BFCD0BFF35F8F486029001A
:10BF1C00200000F031F96269A369BFF35F8F002143
:10BF2C00116083F3108828E05E4B1A7801218A4354
:10BF3C001A701A7801318A431A7000225A701A78D2
:10BF4C0002318A431A70584B1C6821001431626903
:10BF5C00EFF3108072B61368002BFCD0BFF35F8F29
:10BF6C0048602900200000F007F96269A369BFF35B
:10BF7C005F8F0021116083F3108805B030BD494BF1
:10BF8C001B78DB07F9D5474A137804210B43137050
:10BF9C00454B1C68210014316269EFF3108072B6B6
:10BFAC001368002BFCD0BFF35F8F48602900200082
:10BFBC0000F0E2F86269A369BFF35F8F00211160A2
:10BFCC0083F31088D9E763001B19DA00374B1B6821
:10BFDC009B1818E023000FE0287869689847013413
:10BFEC00E4B2334B1B78A34213D3324A002AF1D06C
:10BFFC00A342E8D8E31ADBB2002BF0D15A00D218D6
:10C00C00D2002D4B9B18002BE9D05B69002BE3D1A0
:10C01C00E5E7244B1B785B07AFD5224A1378042144
:10C02C008B4313700C22002101A800F0ADF82B7883
:10C03C006A461371052353711B4B1C682100143184
:10C04C006269EFF3108072B61368002BFCD0BFF35B
:10C05C005F8F486001A9200000F08EF86269A36927
:10C06C00BFF35F8F0021116083F3108885E70E4BBF
:10C07C001C68210014316269EFF3108072B61368EA
:10C08C00002BFCD0BFF35F8F48602900200000F02C
:10C09C0073F86269A369BFF35F8F0021116083F3AA
:10C0AC0010886AE780130020D81300202810002085
:10C0BC002D1D0020E965001030B4001010B50400EF
:10C0CC001000002205E0E3689B07FCD58B5CA360A5
:10C0DC0001328242F7D300E0A368E3685B07FBD42C
:10C0EC00E368DB06FCD400E0A368E3685B07FBD4E1
:10C0FC000123236210BDF0B5070018001D001C00C1
:10C10C0008E0002C06D0FE68730703D5BB681370DB
:10C11C00013C013226002E430BD0002DF1D0FE68DD
:10C12C00B307EED52B000833A342EAD9B960013D21
:10C13C00E7E7F0BD7047C04601B40248844601BC35
:10C14C00604700BFA546001001B40248844601BCFC
:10C15C00604700BFD93B001001B40248844601BCC3
:10C16C00604700BF853A001001B40248844601BC08
:10C17C00604700BF5D61001001B40248844601BCF9
:10C18C00604700BF358A001001B40248844601BCE8
:10C19C00604700BF3562001001B40248844601BC00
:10C1AC00604700BF4162001001B40248844601BCE4
:10C1BC00604700BFCD6B001001B40248844601BC3F
:10C1CC00604700BFD94700100A0000000B000000B8
:10C1DC000C0000000D000000313233413435364282
:10C1EC00373839432A302344050000000100000091
:10C1FC00030000000200000004000000E89500109D
:10C20C00F895001000960010309400100600000005
:10C21C000700000008000000090000002A2A2A2A52
:10C22C0000100000000000000000010000000000F1
:10C23C0000000000000002000000000000000000F0
:10C24C000000030000000000000000000000FF00E0
:10C25C000000000001B5486801318E460047704669
:10C26C0009380149884701BD292E0010540E0020C1
:10C27C0000000000F80E0020FC150020000000005B
:10C28C00000000000C160020000000000000000060
:10C29C001000000000000000000000000000000082
:10C2AC00503300004C330000543300005233000074
:10C2BC004D5300004D430000533400004334000044
:10C2CC008569001000000000C16800101D66001098
:10C2DC0000000000000100008CB3001090B30010AF
:10C2EC00DC13002010000C00000000000000000017
:10C2FC00000000000000000000000000FF00000033
:10C30C00004004400000000000000000000000009D
:10C31C0025620010795900105D6000109D610010BD
:08C32C00E5020010156B001082
:04000005100001E9FD
:00000001FF
