
C:/Users/pc/Desktop/inventory 8/inventory/inventory/build/inventory.elf:     file format elf32-littlearm

Sections:
Idx Name          Size      VMA       LMA       File off  Algn
  0 .boot2        00000100  10000000  10000000  00001000  2**0
                  CONTENTS, ALLOC, LOAD, READONLY, CODE
  1 .text         00008fd0  10000100  10000100  00001100  2**3
                  CONTENTS, ALLOC, LOAD, READONLY, CODE
  2 .rodata       00002408  100090d0  100090d0  0000a0d0  2**3
                  CONTENTS, ALLOC, LOAD, READONLY, DATA
  3 .binary_info  00000024  1000b4d8  1000b4d8  0000c4d8  2**2
                  CONTENTS, ALLOC, LOAD, READONLY, DATA
  4 .ram_vector_table 000000c0  20000000  20000000  0000e000  2**2
                  ALLOC
  5 .data         00000e38  200000c0  1000b4fc  0000d0c0  2**4
                  CONTENTS, ALLOC, LOAD, READONLY, CODE
  6 .uninitialized_data 00000000  20000ef8  20000ef8  0000def8  2**0
                  CONTENTS
  7 .scratch_x    00000000  20040000  20040000  0000def8  2**0
                  CONTENTS
  8 .scratch_y    00000000  20041000  20041000  0000def8  2**0
                  CONTENTS
  9 .bss          00000e44  20000ef8  20000ef8  0000e000  2**3
                  ALLOC
 10 .heap         00000800  20001d3c  20001d3c  0000def8  2**2
                  CONTENTS, READONLY
 11 .stack_dummy  00000800  20041000  20041000  0000e700  2**5
                  CONTENTS, READONLY
 12 .ARM.attributes 00000028  00000000  00000000  0000ef00  2**0
                  CONTENTS, READONLY
 13 .comment      00000049  00000000  00000000  0000ef28  2**0
                  CONTENTS, READONLY
 14 .debug_info   0002ef61  00000000  00000000  0000ef71  2**0
                  CONTENTS, READONLY, DEBUGGING, OCTETS
 15 .debug_abbrev 00007ae5  00000000  00000000  0003ded2  2**0
                  CONTENTS, READONLY, DEBUGGING, OCTETS
 16 .debug_loc    0001e9df  00000000  00000000  000459b7  2**0
                  CONTENTS, READONLY, DEBUGGING, OCTETS
 17 .debug_aranges 000016f0  00000000  00000000  00064398  2**3
                  CONTENTS, READONLY, DEBUGGING, OCTETS
 18 .debug_ranges 00005148  00000000  00000000  00065a88  2**3
                  CONTENTS, READONLY, DEBUGGING, OCTETS
 19 .debug_line   0001cac7  00000000  00000000  0006abd0  2**0
                  CONTENTS, READONLY, DEBUGGING, OCTETS
 20 .debug_str    00008b7f  00000000  00000000  00087697  2**0
                  CONTENTS, READONLY, DEBUGGING, OCTETS
 21 .debug_frame  0000358c  00000000  00000000  00090218  2**2
                  CONTENTS, READONLY, DEBUGGING, OCTETS

C:/Users/pc/Desktop/inventory 8/inventory/inventory/build/inventory.elf:     file format elf32-littlearm


Disassembly of section .boot2:

10000000 <__boot2_start__>:
10000000:	4b32b500 	.word	0x4b32b500
10000004:	60582021 	.word	0x60582021
10000008:	21026898 	.word	0x21026898
1000000c:	60984388 	.word	0x60984388
10000010:	611860d8 	.word	0x611860d8
10000014:	4b2e6158 	.word	0x4b2e6158
10000018:	60992100 	.word	0x60992100
1000001c:	61592102 	.word	0x61592102
10000020:	22f02101 	.word	0x22f02101
10000024:	492b5099 	.word	0x492b5099
10000028:	21016019 	.word	0x21016019
1000002c:	20356099 	.word	0x20356099
10000030:	f844f000 	.word	0xf844f000
10000034:	42902202 	.word	0x42902202
10000038:	2106d014 	.word	0x2106d014
1000003c:	f0006619 	.word	0xf0006619
10000040:	6e19f834 	.word	0x6e19f834
10000044:	66192101 	.word	0x66192101
10000048:	66182000 	.word	0x66182000
1000004c:	f000661a 	.word	0xf000661a
10000050:	6e19f82c 	.word	0x6e19f82c
10000054:	6e196e19 	.word	0x6e196e19
10000058:	f0002005 	.word	0xf0002005
1000005c:	2101f82f 	.word	0x2101f82f
10000060:	d1f94208 	.word	0xd1f94208
10000064:	60992100 	.word	0x60992100
10000068:	6019491b 	.word	0x6019491b
1000006c:	60592100 	.word	0x60592100
10000070:	481b491a 	.word	0x481b491a
10000074:	21016001 	.word	0x21016001
10000078:	21eb6099 	.word	0x21eb6099
1000007c:	21a06619 	.word	0x21a06619
10000080:	f0006619 	.word	0xf0006619
10000084:	2100f812 	.word	0x2100f812
10000088:	49166099 	.word	0x49166099
1000008c:	60014814 	.word	0x60014814
10000090:	60992101 	.word	0x60992101
10000094:	2800bc01 	.word	0x2800bc01
10000098:	4700d000 	.word	0x4700d000
1000009c:	49134812 	.word	0x49134812
100000a0:	c8036008 	.word	0xc8036008
100000a4:	8808f380 	.word	0x8808f380
100000a8:	b5034708 	.word	0xb5034708
100000ac:	20046a99 	.word	0x20046a99
100000b0:	d0fb4201 	.word	0xd0fb4201
100000b4:	42012001 	.word	0x42012001
100000b8:	bd03d1f8 	.word	0xbd03d1f8
100000bc:	6618b502 	.word	0x6618b502
100000c0:	f7ff6618 	.word	0xf7ff6618
100000c4:	6e18fff2 	.word	0x6e18fff2
100000c8:	bd026e18 	.word	0xbd026e18
100000cc:	40020000 	.word	0x40020000
100000d0:	18000000 	.word	0x18000000
100000d4:	00070000 	.word	0x00070000
100000d8:	005f0300 	.word	0x005f0300
100000dc:	00002221 	.word	0x00002221
100000e0:	180000f4 	.word	0x180000f4
100000e4:	a0002022 	.word	0xa0002022
100000e8:	10000100 	.word	0x10000100
100000ec:	e000ed08 	.word	0xe000ed08
	...
100000fc:	7a4eb274 	.word	0x7a4eb274

Disassembly of section .text:

10000100 <__VECTOR_TABLE>:
10000100:	20042000 	.word	0x20042000
10000104:	100001f7 	.word	0x100001f7
10000108:	100001c3 	.word	0x100001c3
1000010c:	100001c5 	.word	0x100001c5
10000110:	100001c1 	.word	0x100001c1
10000114:	100001c1 	.word	0x100001c1
10000118:	100001c1 	.word	0x100001c1
1000011c:	100001c1 	.word	0x100001c1
10000120:	100001c1 	.word	0x100001c1
10000124:	100001c1 	.word	0x100001c1
10000128:	100001c1 	.word	0x100001c1
1000012c:	100001c7 	.word	0x100001c7
10000130:	100001c1 	.word	0x100001c1
10000134:	100001c1 	.word	0x100001c1
10000138:	100001c9 	.word	0x100001c9
1000013c:	100001cb 	.word	0x100001cb
10000140:	100001cd 	.word	0x100001cd
10000144:	100001cd 	.word	0x100001cd
10000148:	100001cd 	.word	0x100001cd
1000014c:	100001cd 	.word	0x100001cd
10000150:	100001cd 	.word	0x100001cd
10000154:	100001cd 	.word	0x100001cd
10000158:	100001cd 	.word	0x100001cd
1000015c:	100001cd 	.word	0x100001cd
10000160:	100001cd 	.word	0x100001cd
10000164:	100001cd 	.word	0x100001cd
10000168:	100001cd 	.word	0x100001cd
1000016c:	100001cd 	.word	0x100001cd
10000170:	100001cd 	.word	0x100001cd
10000174:	100001cd 	.word	0x100001cd
10000178:	100001cd 	.word	0x100001cd
1000017c:	100001cd 	.word	0x100001cd
10000180:	100001cd 	.word	0x100001cd
10000184:	100001cd 	.word	0x100001cd
10000188:	100001cd 	.word	0x100001cd
1000018c:	100001cd 	.word	0x100001cd
10000190:	100001cd 	.word	0x100001cd
10000194:	100001cd 	.word	0x100001cd
10000198:	100001cd 	.word	0x100001cd
1000019c:	100001cd 	.word	0x100001cd
100001a0:	100001cd 	.word	0x100001cd
100001a4:	100001cd 	.word	0x100001cd
100001a8:	100001cd 	.word	0x100001cd
100001ac:	100001cd 	.word	0x100001cd
100001b0:	100001cd 	.word	0x100001cd
100001b4:	100001cd 	.word	0x100001cd
100001b8:	100001cd 	.word	0x100001cd
100001bc:	100001cd 	.word	0x100001cd

100001c0 <isr_invalid>:
100001c0:	be00      	bkpt	0x0000

100001c2 <isr_nmi>:
100001c2:	be00      	bkpt	0x0000

100001c4 <isr_hardfault>:
100001c4:	be00      	bkpt	0x0000

100001c6 <isr_svcall>:
100001c6:	be00      	bkpt	0x0000

100001c8 <isr_pendsv>:
100001c8:	be00      	bkpt	0x0000

100001ca <isr_systick>:
100001ca:	be00      	bkpt	0x0000

100001cc <__unhandled_user_irq>:
100001cc:	f3ef 8005 	mrs	r0, IPSR
100001d0:	3810      	subs	r0, #16

100001d2 <unhandled_user_irq_num_in_r0>:
100001d2:	be00      	bkpt	0x0000

100001d4 <binary_info_header>:
100001d4:	7188ebf2 	.word	0x7188ebf2
100001d8:	1000b4d8 	.word	0x1000b4d8
100001dc:	1000b4fc 	.word	0x1000b4fc
100001e0:	10000234 	.word	0x10000234
100001e4:	e71aa390 	.word	0xe71aa390

100001e8 <_entry_point>:
100001e8:	2000      	movs	r0, #0
100001ea:	491f      	ldr	r1, [pc, #124]	; (10000268 <hold_non_core0_in_bootrom+0xa>)
100001ec:	6008      	str	r0, [r1, #0]
100001ee:	c806      	ldmia	r0!, {r1, r2}
100001f0:	f381 8808 	msr	MSP, r1
100001f4:	4710      	bx	r2

100001f6 <_reset_handler>:
100001f6:	481d      	ldr	r0, [pc, #116]	; (1000026c <hold_non_core0_in_bootrom+0xe>)
100001f8:	6800      	ldr	r0, [r0, #0]
100001fa:	2800      	cmp	r0, #0
100001fc:	d12f      	bne.n	1000025e <hold_non_core0_in_bootrom>
100001fe:	a40d      	add	r4, pc, #52	; (adr r4, 10000234 <data_cpy_table>)
10000200:	cc0e      	ldmia	r4!, {r1, r2, r3}
10000202:	2900      	cmp	r1, #0
10000204:	d002      	beq.n	1000020c <_reset_handler+0x16>
10000206:	f000 f812 	bl	1000022e <data_cpy>
1000020a:	e7f9      	b.n	10000200 <_reset_handler+0xa>
1000020c:	4918      	ldr	r1, [pc, #96]	; (10000270 <hold_non_core0_in_bootrom+0x12>)
1000020e:	4a19      	ldr	r2, [pc, #100]	; (10000274 <hold_non_core0_in_bootrom+0x16>)
10000210:	2000      	movs	r0, #0
10000212:	e000      	b.n	10000216 <bss_fill_test>

10000214 <bss_fill_loop>:
10000214:	c101      	stmia	r1!, {r0}

10000216 <bss_fill_test>:
10000216:	4291      	cmp	r1, r2
10000218:	d1fc      	bne.n	10000214 <bss_fill_loop>

1000021a <platform_entry>:
1000021a:	4917      	ldr	r1, [pc, #92]	; (10000278 <hold_non_core0_in_bootrom+0x1a>)
1000021c:	4788      	blx	r1
1000021e:	4917      	ldr	r1, [pc, #92]	; (1000027c <hold_non_core0_in_bootrom+0x1e>)
10000220:	4788      	blx	r1
10000222:	4917      	ldr	r1, [pc, #92]	; (10000280 <hold_non_core0_in_bootrom+0x22>)
10000224:	4788      	blx	r1
10000226:	be00      	bkpt	0x0000
10000228:	e7fd      	b.n	10000226 <platform_entry+0xc>

1000022a <data_cpy_loop>:
1000022a:	c901      	ldmia	r1!, {r0}
1000022c:	c201      	stmia	r2!, {r0}

1000022e <data_cpy>:
1000022e:	429a      	cmp	r2, r3
10000230:	d3fb      	bcc.n	1000022a <data_cpy_loop>
10000232:	4770      	bx	lr

10000234 <data_cpy_table>:
10000234:	1000b4fc 	.word	0x1000b4fc
10000238:	200000c0 	.word	0x200000c0
1000023c:	20000ef8 	.word	0x20000ef8
10000240:	1000c334 	.word	0x1000c334
10000244:	20040000 	.word	0x20040000
10000248:	20040000 	.word	0x20040000
1000024c:	1000c334 	.word	0x1000c334
10000250:	20041000 	.word	0x20041000
10000254:	20041000 	.word	0x20041000
10000258:	00000000 	.word	0x00000000
1000025c:	4770      	bx	lr

1000025e <hold_non_core0_in_bootrom>:
1000025e:	4809      	ldr	r0, [pc, #36]	; (10000284 <hold_non_core0_in_bootrom+0x26>)
10000260:	f005 fb92 	bl	10005988 <rom_func_lookup>
10000264:	4700      	bx	r0
10000266:	0000      	.short	0x0000
10000268:	e000ed08 	.word	0xe000ed08
1000026c:	d0000000 	.word	0xd0000000
10000270:	20000ef8 	.word	0x20000ef8
10000274:	20001d3c 	.word	0x20001d3c
10000278:	100046e1 	.word	0x100046e1
1000027c:	10000f61 	.word	0x10000f61
10000280:	1000469d 	.word	0x1000469d
10000284:	00005657 	.word	0x00005657

10000288 <__bi_50>:
10000288:	50520006 5360b3ab 1000ad28              ..RP..`S(...

10000294 <__bi_38>:
10000294:	50520006 02031c86 1000ad38              ..RP....8...

100002a0 <__bi_30>:
100002a0:	50520006 9da22254 1000ad44              ..RPT"..D...

100002ac <__bi_22>:
100002ac:	50520005 68f465de 1000c334              ..RP.e.h4...

100002b8 <_init>:
100002b8:	b5f8      	push	{r3, r4, r5, r6, r7, lr}
100002ba:	46c0      	nop			; (mov r8, r8)

100002bc <__do_global_dtors_aux>:
100002bc:	b510      	push	{r4, lr}
100002be:	4c06      	ldr	r4, [pc, #24]	; (100002d8 <__do_global_dtors_aux+0x1c>)
100002c0:	7823      	ldrb	r3, [r4, #0]
100002c2:	2b00      	cmp	r3, #0
100002c4:	d107      	bne.n	100002d6 <__do_global_dtors_aux+0x1a>
100002c6:	4b05      	ldr	r3, [pc, #20]	; (100002dc <__do_global_dtors_aux+0x20>)
100002c8:	2b00      	cmp	r3, #0
100002ca:	d002      	beq.n	100002d2 <__do_global_dtors_aux+0x16>
100002cc:	4804      	ldr	r0, [pc, #16]	; (100002e0 <__do_global_dtors_aux+0x24>)
100002ce:	e000      	b.n	100002d2 <__do_global_dtors_aux+0x16>
100002d0:	bf00      	nop
100002d2:	2301      	movs	r3, #1
100002d4:	7023      	strb	r3, [r4, #0]
100002d6:	bd10      	pop	{r4, pc}
100002d8:	20001008 	.word	0x20001008
100002dc:	00000000 	.word	0x00000000
100002e0:	100090d0 	.word	0x100090d0

100002e4 <frame_dummy>:
100002e4:	4b04      	ldr	r3, [pc, #16]	; (100002f8 <frame_dummy+0x14>)
100002e6:	b510      	push	{r4, lr}
100002e8:	2b00      	cmp	r3, #0
100002ea:	d003      	beq.n	100002f4 <frame_dummy+0x10>
100002ec:	4903      	ldr	r1, [pc, #12]	; (100002fc <frame_dummy+0x18>)
100002ee:	4804      	ldr	r0, [pc, #16]	; (10000300 <frame_dummy+0x1c>)
100002f0:	e000      	b.n	100002f4 <frame_dummy+0x10>
100002f2:	bf00      	nop
100002f4:	bd10      	pop	{r4, pc}
100002f6:	46c0      	nop			; (mov r8, r8)
100002f8:	00000000 	.word	0x00000000
100002fc:	2000100c 	.word	0x2000100c
10000300:	100090d0 	.word	0x100090d0

10000304 <gpio_callback>:
10000304:	b510      	push	{r4, lr}
10000306:	f002 f89b 	bl	10002440 <debounce_time_passed>
1000030a:	2800      	cmp	r0, #0
1000030c:	d100      	bne.n	10000310 <gpio_callback+0xc>
1000030e:	bd10      	pop	{r4, pc}
10000310:	f002 f8be 	bl	10002490 <pico_keypad_get_key>
10000314:	1e04      	subs	r4, r0, #0
10000316:	d0fa      	beq.n	1000030e <gpio_callback+0xa>
10000318:	0001      	movs	r1, r0
1000031a:	480b      	ldr	r0, [pc, #44]	; (10000348 <gpio_callback+0x44>)
1000031c:	f006 f8f6 	bl	1000650c <__wrap_printf>
10000320:	4b0a      	ldr	r3, [pc, #40]	; (1000034c <gpio_callback+0x48>)
10000322:	701c      	strb	r4, [r3, #0]
10000324:	4b0a      	ldr	r3, [pc, #40]	; (10000350 <gpio_callback+0x4c>)
10000326:	2201      	movs	r2, #1
10000328:	701a      	strb	r2, [r3, #0]
1000032a:	f003 fc55 	bl	10003bd8 <time_us_64>
1000032e:	2900      	cmp	r1, #0
10000330:	db03      	blt.n	1000033a <gpio_callback+0x36>
10000332:	4b08      	ldr	r3, [pc, #32]	; (10000354 <gpio_callback+0x50>)
10000334:	6018      	str	r0, [r3, #0]
10000336:	6059      	str	r1, [r3, #4]
10000338:	e7e9      	b.n	1000030e <gpio_callback+0xa>
1000033a:	4b07      	ldr	r3, [pc, #28]	; (10000358 <gpio_callback+0x54>)
1000033c:	4a07      	ldr	r2, [pc, #28]	; (1000035c <gpio_callback+0x58>)
1000033e:	213f      	movs	r1, #63	; 0x3f
10000340:	4807      	ldr	r0, [pc, #28]	; (10000360 <gpio_callback+0x5c>)
10000342:	f004 f9af 	bl	100046a4 <__assert_func>
10000346:	46c0      	nop			; (mov r8, r8)
10000348:	100090d0 	.word	0x100090d0
1000034c:	20001d34 	.word	0x20001d34
10000350:	20001d33 	.word	0x20001d33
10000354:	20001000 	.word	0x20001000
10000358:	100090e4 	.word	0x100090e4
1000035c:	100097e0 	.word	0x100097e0
10000360:	10009100 	.word	0x10009100

10000364 <i2c_write_byte>:
10000364:	b500      	push	{lr}
10000366:	b085      	sub	sp, #20
10000368:	220f      	movs	r2, #15
1000036a:	446a      	add	r2, sp
1000036c:	7010      	strb	r0, [r2, #0]
1000036e:	2300      	movs	r3, #0
10000370:	9300      	str	r3, [sp, #0]
10000372:	3301      	adds	r3, #1
10000374:	2127      	movs	r1, #39	; 0x27
10000376:	4802      	ldr	r0, [pc, #8]	; (10000380 <i2c_write_byte+0x1c>)
10000378:	f008 fd1a 	bl	10008db0 <i2c_write_blocking>
1000037c:	b005      	add	sp, #20
1000037e:	bd00      	pop	{pc}
10000380:	20000ed0 	.word	0x20000ed0

10000384 <lcd_toggle_enable>:
10000384:	b5d0      	push	{r4, r6, r7, lr}
10000386:	0004      	movs	r4, r0
10000388:	2696      	movs	r6, #150	; 0x96
1000038a:	00b6      	lsls	r6, r6, #2
1000038c:	2700      	movs	r7, #0
1000038e:	0030      	movs	r0, r6
10000390:	0039      	movs	r1, r7
10000392:	f003 fb41 	bl	10003a18 <sleep_us>
10000396:	2004      	movs	r0, #4
10000398:	4320      	orrs	r0, r4
1000039a:	b2c0      	uxtb	r0, r0
1000039c:	f7ff ffe2 	bl	10000364 <i2c_write_byte>
100003a0:	0030      	movs	r0, r6
100003a2:	0039      	movs	r1, r7
100003a4:	f003 fb38 	bl	10003a18 <sleep_us>
100003a8:	2304      	movs	r3, #4
100003aa:	0020      	movs	r0, r4
100003ac:	4398      	bics	r0, r3
100003ae:	f7ff ffd9 	bl	10000364 <i2c_write_byte>
100003b2:	0030      	movs	r0, r6
100003b4:	0039      	movs	r1, r7
100003b6:	f003 fb2f 	bl	10003a18 <sleep_us>
100003ba:	bdd0      	pop	{r4, r6, r7, pc}

100003bc <lcd_send_byte>:
100003bc:	b570      	push	{r4, r5, r6, lr}
100003be:	230f      	movs	r3, #15
100003c0:	0005      	movs	r5, r0
100003c2:	439d      	bics	r5, r3
100003c4:	b26d      	sxtb	r5, r5
100003c6:	b249      	sxtb	r1, r1
100003c8:	430d      	orrs	r5, r1
100003ca:	2308      	movs	r3, #8
100003cc:	431d      	orrs	r5, r3
100003ce:	b2ed      	uxtb	r5, r5
100003d0:	0104      	lsls	r4, r0, #4
100003d2:	430c      	orrs	r4, r1
100003d4:	b264      	sxtb	r4, r4
100003d6:	431c      	orrs	r4, r3
100003d8:	b2e4      	uxtb	r4, r4
100003da:	0028      	movs	r0, r5
100003dc:	f7ff ffc2 	bl	10000364 <i2c_write_byte>
100003e0:	0028      	movs	r0, r5
100003e2:	f7ff ffcf 	bl	10000384 <lcd_toggle_enable>
100003e6:	0020      	movs	r0, r4
100003e8:	f7ff ffbc 	bl	10000364 <i2c_write_byte>
100003ec:	0020      	movs	r0, r4
100003ee:	f7ff ffc9 	bl	10000384 <lcd_toggle_enable>
100003f2:	bd70      	pop	{r4, r5, r6, pc}

100003f4 <lcd_clear>:
100003f4:	b510      	push	{r4, lr}
100003f6:	2100      	movs	r1, #0
100003f8:	2001      	movs	r0, #1
100003fa:	f7ff ffdf 	bl	100003bc <lcd_send_byte>
100003fe:	bd10      	pop	{r4, pc}

10000400 <lcd_set_cursor>:
10000400:	b510      	push	{r4, lr}
10000402:	2800      	cmp	r0, #0
10000404:	d106      	bne.n	10000414 <lcd_set_cursor+0x14>
10000406:	3180      	adds	r1, #128	; 0x80
10000408:	0008      	movs	r0, r1
1000040a:	b2c0      	uxtb	r0, r0
1000040c:	2100      	movs	r1, #0
1000040e:	f7ff ffd5 	bl	100003bc <lcd_send_byte>
10000412:	bd10      	pop	{r4, pc}
10000414:	31c0      	adds	r1, #192	; 0xc0
10000416:	0008      	movs	r0, r1
10000418:	e7f7      	b.n	1000040a <lcd_set_cursor+0xa>

1000041a <lcd_string>:
1000041a:	b510      	push	{r4, lr}
1000041c:	0004      	movs	r4, r0
1000041e:	e003      	b.n	10000428 <lcd_string+0xe>
10000420:	3401      	adds	r4, #1
10000422:	2101      	movs	r1, #1
10000424:	f7ff ffca 	bl	100003bc <lcd_send_byte>
10000428:	7820      	ldrb	r0, [r4, #0]
1000042a:	2800      	cmp	r0, #0
1000042c:	d1f8      	bne.n	10000420 <lcd_string+0x6>
1000042e:	bd10      	pop	{r4, pc}

10000430 <lcd_init>:
10000430:	b510      	push	{r4, lr}
10000432:	2100      	movs	r1, #0
10000434:	2003      	movs	r0, #3
10000436:	f7ff ffc1 	bl	100003bc <lcd_send_byte>
1000043a:	2100      	movs	r1, #0
1000043c:	2003      	movs	r0, #3
1000043e:	f7ff ffbd 	bl	100003bc <lcd_send_byte>
10000442:	2100      	movs	r1, #0
10000444:	2003      	movs	r0, #3
10000446:	f7ff ffb9 	bl	100003bc <lcd_send_byte>
1000044a:	2100      	movs	r1, #0
1000044c:	2002      	movs	r0, #2
1000044e:	f7ff ffb5 	bl	100003bc <lcd_send_byte>
10000452:	2100      	movs	r1, #0
10000454:	2006      	movs	r0, #6
10000456:	f7ff ffb1 	bl	100003bc <lcd_send_byte>
1000045a:	2100      	movs	r1, #0
1000045c:	2028      	movs	r0, #40	; 0x28
1000045e:	f7ff ffad 	bl	100003bc <lcd_send_byte>
10000462:	2100      	movs	r1, #0
10000464:	200c      	movs	r0, #12
10000466:	f7ff ffa9 	bl	100003bc <lcd_send_byte>
1000046a:	f7ff ffc3 	bl	100003f4 <lcd_clear>
1000046e:	bd10      	pop	{r4, pc}

10000470 <setup>:
10000470:	b510      	push	{r4, lr}
10000472:	4c13      	ldr	r4, [pc, #76]	; (100004c0 <setup+0x50>)
10000474:	4913      	ldr	r1, [pc, #76]	; (100004c4 <setup+0x54>)
10000476:	0020      	movs	r0, r4
10000478:	f008 fd0c 	bl	10008e94 <spi_init>
1000047c:	2101      	movs	r1, #1
1000047e:	200a      	movs	r0, #10
10000480:	f002 f896 	bl	100025b0 <gpio_set_function>
10000484:	2101      	movs	r1, #1
10000486:	2012      	movs	r0, #18
10000488:	f002 f892 	bl	100025b0 <gpio_set_function>
1000048c:	2101      	movs	r1, #1
1000048e:	2013      	movs	r0, #19
10000490:	f002 f88e 	bl	100025b0 <gpio_set_function>
10000494:	2101      	movs	r1, #1
10000496:	2010      	movs	r0, #16
10000498:	f002 f88a 	bl	100025b0 <gpio_set_function>
1000049c:	2009      	movs	r0, #9
1000049e:	f002 f96f 	bl	10002780 <gpio_init>
100004a2:	23d0      	movs	r3, #208	; 0xd0
100004a4:	061b      	lsls	r3, r3, #24
100004a6:	2280      	movs	r2, #128	; 0x80
100004a8:	0092      	lsls	r2, r2, #2
100004aa:	625a      	str	r2, [r3, #36]	; 0x24
100004ac:	615a      	str	r2, [r3, #20]
100004ae:	f000 febf 	bl	10001230 <MFRC522_Init>
100004b2:	4b05      	ldr	r3, [pc, #20]	; (100004c8 <setup+0x58>)
100004b4:	6018      	str	r0, [r3, #0]
100004b6:	0021      	movs	r1, r4
100004b8:	f001 f81c 	bl	100014f4 <PCD_Init>
100004bc:	bd10      	pop	{r4, pc}
100004be:	46c0      	nop			; (mov r8, r8)
100004c0:	4003c000 	.word	0x4003c000
100004c4:	000f4240 	.word	0x000f4240
100004c8:	20001a74 	.word	0x20001a74

100004cc <admin_card_authentication>:
100004cc:	b510      	push	{r4, lr}
100004ce:	b082      	sub	sp, #8
100004d0:	4b20      	ldr	r3, [pc, #128]	; (10000554 <admin_card_authentication+0x88>)
100004d2:	9301      	str	r3, [sp, #4]
100004d4:	20fa      	movs	r0, #250	; 0xfa
100004d6:	0040      	lsls	r0, r0, #1
100004d8:	f003 faca 	bl	10003a70 <sleep_ms>
100004dc:	e00e      	b.n	100004fc <admin_card_authentication+0x30>
100004de:	481e      	ldr	r0, [pc, #120]	; (10000558 <admin_card_authentication+0x8c>)
100004e0:	f006 f814 	bl	1000650c <__wrap_printf>
100004e4:	4b1d      	ldr	r3, [pc, #116]	; (1000055c <admin_card_authentication+0x90>)
100004e6:	6818      	ldr	r0, [r3, #0]
100004e8:	3001      	adds	r0, #1
100004ea:	2204      	movs	r2, #4
100004ec:	a901      	add	r1, sp, #4
100004ee:	f008 fd0b 	bl	10008f08 <memcmp>
100004f2:	2800      	cmp	r0, #0
100004f4:	d028      	beq.n	10000548 <admin_card_authentication+0x7c>
100004f6:	481a      	ldr	r0, [pc, #104]	; (10000560 <admin_card_authentication+0x94>)
100004f8:	f006 f808 	bl	1000650c <__wrap_printf>
100004fc:	4819      	ldr	r0, [pc, #100]	; (10000564 <admin_card_authentication+0x98>)
100004fe:	f006 f805 	bl	1000650c <__wrap_printf>
10000502:	4b16      	ldr	r3, [pc, #88]	; (1000055c <admin_card_authentication+0x90>)
10000504:	6818      	ldr	r0, [r3, #0]
10000506:	f001 ff25 	bl	10002354 <PICC_IsNewCardPresent>
1000050a:	2800      	cmp	r0, #0
1000050c:	d0f9      	beq.n	10000502 <admin_card_authentication+0x36>
1000050e:	4816      	ldr	r0, [pc, #88]	; (10000568 <admin_card_authentication+0x9c>)
10000510:	f005 fffc 	bl	1000650c <__wrap_printf>
10000514:	4c11      	ldr	r4, [pc, #68]	; (1000055c <admin_card_authentication+0x90>)
10000516:	6820      	ldr	r0, [r4, #0]
10000518:	f001 ff30 	bl	1000237c <PICC_ReadCardSerial>
1000051c:	4813      	ldr	r0, [pc, #76]	; (1000056c <admin_card_authentication+0xa0>)
1000051e:	f005 fff5 	bl	1000650c <__wrap_printf>
10000522:	6820      	ldr	r0, [r4, #0]
10000524:	0001      	movs	r1, r0
10000526:	f001 fed7 	bl	100022d8 <PICC_DumpToSerial>
1000052a:	4811      	ldr	r0, [pc, #68]	; (10000570 <admin_card_authentication+0xa4>)
1000052c:	f005 ffee 	bl	1000650c <__wrap_printf>
10000530:	2400      	movs	r4, #0
10000532:	2c03      	cmp	r4, #3
10000534:	dcd3      	bgt.n	100004de <admin_card_authentication+0x12>
10000536:	4b09      	ldr	r3, [pc, #36]	; (1000055c <admin_card_authentication+0x90>)
10000538:	681b      	ldr	r3, [r3, #0]
1000053a:	191b      	adds	r3, r3, r4
1000053c:	7859      	ldrb	r1, [r3, #1]
1000053e:	480d      	ldr	r0, [pc, #52]	; (10000574 <admin_card_authentication+0xa8>)
10000540:	f005 ffe4 	bl	1000650c <__wrap_printf>
10000544:	3401      	adds	r4, #1
10000546:	e7f4      	b.n	10000532 <admin_card_authentication+0x66>
10000548:	480b      	ldr	r0, [pc, #44]	; (10000578 <admin_card_authentication+0xac>)
1000054a:	f005 ffdf 	bl	1000650c <__wrap_printf>
1000054e:	b002      	add	sp, #8
10000550:	bd10      	pop	{r4, pc}
10000552:	46c0      	nop			; (mov r8, r8)
10000554:	778278ba 	.word	0x778278ba
10000558:	100091ac 	.word	0x100091ac
1000055c:	20001a74 	.word	0x20001a74
10000560:	100091cc 	.word	0x100091cc
10000564:	10009164 	.word	0x10009164
10000568:	10009178 	.word	0x10009178
1000056c:	1000918c 	.word	0x1000918c
10000570:	1000919c 	.word	0x1000919c
10000574:	100091a8 	.word	0x100091a8
10000578:	100091b0 	.word	0x100091b0

1000057c <get_password>:
1000057c:	4800      	ldr	r0, [pc, #0]	; (10000580 <get_password+0x4>)
1000057e:	4770      	bx	lr
10000580:	000007d1 	.word	0x000007d1

10000584 <send_to_lcd>:
10000584:	b5f0      	push	{r4, r5, r6, r7, lr}
10000586:	46c6      	mov	lr, r8
10000588:	b500      	push	{lr}
1000058a:	0007      	movs	r7, r0
1000058c:	4688      	mov	r8, r1
1000058e:	2600      	movs	r6, #0
10000590:	e018      	b.n	100005c4 <send_to_lcd+0x40>
10000592:	1974      	adds	r4, r6, r5
10000594:	00a4      	lsls	r4, r4, #2
10000596:	193c      	adds	r4, r7, r4
10000598:	6820      	ldr	r0, [r4, #0]
1000059a:	f008 fcd9 	bl	10008f50 <strlen>
1000059e:	0840      	lsrs	r0, r0, #1
100005a0:	2108      	movs	r1, #8
100005a2:	1a09      	subs	r1, r1, r0
100005a4:	0028      	movs	r0, r5
100005a6:	f7ff ff2b 	bl	10000400 <lcd_set_cursor>
100005aa:	6820      	ldr	r0, [r4, #0]
100005ac:	f7ff ff35 	bl	1000041a <lcd_string>
100005b0:	3501      	adds	r5, #1
100005b2:	2d01      	cmp	r5, #1
100005b4:	dded      	ble.n	10000592 <send_to_lcd+0xe>
100005b6:	20fa      	movs	r0, #250	; 0xfa
100005b8:	00c0      	lsls	r0, r0, #3
100005ba:	f003 fa59 	bl	10003a70 <sleep_ms>
100005be:	f7ff ff19 	bl	100003f4 <lcd_clear>
100005c2:	3602      	adds	r6, #2
100005c4:	4546      	cmp	r6, r8
100005c6:	da01      	bge.n	100005cc <send_to_lcd+0x48>
100005c8:	2500      	movs	r5, #0
100005ca:	e7f2      	b.n	100005b2 <send_to_lcd+0x2e>
100005cc:	bc80      	pop	{r7}
100005ce:	46b8      	mov	r8, r7
100005d0:	bdf0      	pop	{r4, r5, r6, r7, pc}

100005d2 <is_fully_set>:
100005d2:	2300      	movs	r3, #0
100005d4:	2b03      	cmp	r3, #3
100005d6:	dc04      	bgt.n	100005e2 <is_fully_set+0x10>
100005d8:	5cc2      	ldrb	r2, [r0, r3]
100005da:	2a2a      	cmp	r2, #42	; 0x2a
100005dc:	d003      	beq.n	100005e6 <is_fully_set+0x14>
100005de:	3301      	adds	r3, #1
100005e0:	e7f8      	b.n	100005d4 <is_fully_set+0x2>
100005e2:	2001      	movs	r0, #1
100005e4:	4770      	bx	lr
100005e6:	2000      	movs	r0, #0
100005e8:	e7fc      	b.n	100005e4 <is_fully_set+0x12>
	...

100005ec <readMaxProductsFromSector2Block2>:
100005ec:	b5f0      	push	{r4, r5, r6, r7, lr}
100005ee:	46de      	mov	lr, fp
100005f0:	4657      	mov	r7, sl
100005f2:	464e      	mov	r6, r9
100005f4:	4645      	mov	r5, r8
100005f6:	b5e0      	push	{r5, r6, r7, lr}
100005f8:	b093      	sub	sp, #76	; 0x4c
100005fa:	4867      	ldr	r0, [pc, #412]	; (10000798 <readMaxProductsFromSector2Block2+0x1ac>)
100005fc:	f005 ff56 	bl	100064ac <__wrap_puts>
10000600:	4b66      	ldr	r3, [pc, #408]	; (1000079c <readMaxProductsFromSector2Block2+0x1b0>)
10000602:	9311      	str	r3, [sp, #68]	; 0x44
10000604:	2300      	movs	r3, #0
10000606:	e004      	b.n	10000612 <readMaxProductsFromSector2Block2+0x26>
10000608:	aa0f      	add	r2, sp, #60	; 0x3c
1000060a:	21ff      	movs	r1, #255	; 0xff
1000060c:	54d1      	strb	r1, [r2, r3]
1000060e:	3301      	adds	r3, #1
10000610:	b2db      	uxtb	r3, r3
10000612:	2b05      	cmp	r3, #5
10000614:	d9f8      	bls.n	10000608 <readMaxProductsFromSector2Block2+0x1c>
10000616:	2700      	movs	r7, #0
10000618:	e060      	b.n	100006dc <readMaxProductsFromSector2Block2+0xf0>
1000061a:	4861      	ldr	r0, [pc, #388]	; (100007a0 <readMaxProductsFromSector2Block2+0x1b4>)
1000061c:	f005 ff46 	bl	100064ac <__wrap_puts>
10000620:	4860      	ldr	r0, [pc, #384]	; (100007a4 <readMaxProductsFromSector2Block2+0x1b8>)
10000622:	f005 ff73 	bl	1000650c <__wrap_printf>
10000626:	9c03      	ldr	r4, [sp, #12]
10000628:	e005      	b.n	10000636 <readMaxProductsFromSector2Block2+0x4a>
1000062a:	ab05      	add	r3, sp, #20
1000062c:	5d19      	ldrb	r1, [r3, r4]
1000062e:	485e      	ldr	r0, [pc, #376]	; (100007a8 <readMaxProductsFromSector2Block2+0x1bc>)
10000630:	f005 ff6c 	bl	1000650c <__wrap_printf>
10000634:	3401      	adds	r4, #1
10000636:	2c0f      	cmp	r4, #15
10000638:	ddf7      	ble.n	1000062a <readMaxProductsFromSector2Block2+0x3e>
1000063a:	200a      	movs	r0, #10
1000063c:	f005 ff02 	bl	10006444 <__wrap_putchar>
10000640:	aa05      	add	r2, sp, #20
10000642:	7a13      	ldrb	r3, [r2, #8]
10000644:	021b      	lsls	r3, r3, #8
10000646:	7a51      	ldrb	r1, [r2, #9]
10000648:	430b      	orrs	r3, r1
1000064a:	051b      	lsls	r3, r3, #20
1000064c:	0d1b      	lsrs	r3, r3, #20
1000064e:	4699      	mov	r9, r3
10000650:	930a      	str	r3, [sp, #40]	; 0x28
10000652:	7a91      	ldrb	r1, [r2, #10]
10000654:	0109      	lsls	r1, r1, #4
10000656:	7ad3      	ldrb	r3, [r2, #11]
10000658:	0918      	lsrs	r0, r3, #4
1000065a:	4301      	orrs	r1, r0
1000065c:	468b      	mov	fp, r1
1000065e:	910b      	str	r1, [sp, #44]	; 0x2c
10000660:	021b      	lsls	r3, r3, #8
10000662:	7b11      	ldrb	r1, [r2, #12]
10000664:	430b      	orrs	r3, r1
10000666:	051b      	lsls	r3, r3, #20
10000668:	0d1b      	lsrs	r3, r3, #20
1000066a:	4698      	mov	r8, r3
1000066c:	930c      	str	r3, [sp, #48]	; 0x30
1000066e:	7b51      	ldrb	r1, [r2, #13]
10000670:	0109      	lsls	r1, r1, #4
10000672:	7b97      	ldrb	r7, [r2, #14]
10000674:	0938      	lsrs	r0, r7, #4
10000676:	4301      	orrs	r1, r0
10000678:	468a      	mov	sl, r1
1000067a:	910d      	str	r1, [sp, #52]	; 0x34
1000067c:	023f      	lsls	r7, r7, #8
1000067e:	7bd3      	ldrb	r3, [r2, #15]
10000680:	431f      	orrs	r7, r3
10000682:	053f      	lsls	r7, r7, #20
10000684:	0d3f      	lsrs	r7, r7, #20
10000686:	970e      	str	r7, [sp, #56]	; 0x38
10000688:	4848      	ldr	r0, [pc, #288]	; (100007ac <readMaxProductsFromSector2Block2+0x1c0>)
1000068a:	f005 ff0f 	bl	100064ac <__wrap_puts>
1000068e:	e008      	b.n	100006a2 <readMaxProductsFromSector2Block2+0xb6>
10000690:	1c74      	adds	r4, r6, #1
10000692:	00b6      	lsls	r6, r6, #2
10000694:	ab0a      	add	r3, sp, #40	; 0x28
10000696:	58f2      	ldr	r2, [r6, r3]
10000698:	0021      	movs	r1, r4
1000069a:	4845      	ldr	r0, [pc, #276]	; (100007b0 <readMaxProductsFromSector2Block2+0x1c4>)
1000069c:	f005 ff36 	bl	1000650c <__wrap_printf>
100006a0:	0026      	movs	r6, r4
100006a2:	2e04      	cmp	r6, #4
100006a4:	ddf4      	ble.n	10000690 <readMaxProductsFromSector2Block2+0xa4>
100006a6:	4b43      	ldr	r3, [pc, #268]	; (100007b4 <readMaxProductsFromSector2Block2+0x1c8>)
100006a8:	464a      	mov	r2, r9
100006aa:	601a      	str	r2, [r3, #0]
100006ac:	4b42      	ldr	r3, [pc, #264]	; (100007b8 <readMaxProductsFromSector2Block2+0x1cc>)
100006ae:	465a      	mov	r2, fp
100006b0:	601a      	str	r2, [r3, #0]
100006b2:	4b42      	ldr	r3, [pc, #264]	; (100007bc <readMaxProductsFromSector2Block2+0x1d0>)
100006b4:	4642      	mov	r2, r8
100006b6:	601a      	str	r2, [r3, #0]
100006b8:	4b41      	ldr	r3, [pc, #260]	; (100007c0 <readMaxProductsFromSector2Block2+0x1d4>)
100006ba:	4652      	mov	r2, sl
100006bc:	601a      	str	r2, [r3, #0]
100006be:	4b41      	ldr	r3, [pc, #260]	; (100007c4 <readMaxProductsFromSector2Block2+0x1d8>)
100006c0:	601f      	str	r7, [r3, #0]
100006c2:	002f      	movs	r7, r5
100006c4:	e006      	b.n	100006d4 <readMaxProductsFromSector2Block2+0xe8>
100006c6:	4840      	ldr	r0, [pc, #256]	; (100007c8 <readMaxProductsFromSector2Block2+0x1dc>)
100006c8:	f005 fef0 	bl	100064ac <__wrap_puts>
100006cc:	e002      	b.n	100006d4 <readMaxProductsFromSector2Block2+0xe8>
100006ce:	483f      	ldr	r0, [pc, #252]	; (100007cc <readMaxProductsFromSector2Block2+0x1e0>)
100006d0:	f005 feec 	bl	100064ac <__wrap_puts>
100006d4:	4b3e      	ldr	r3, [pc, #248]	; (100007d0 <readMaxProductsFromSector2Block2+0x1e4>)
100006d6:	6818      	ldr	r0, [r3, #0]
100006d8:	f001 fa35 	bl	10001b46 <PICC_HaltA>
100006dc:	2f00      	cmp	r7, #0
100006de:	d149      	bne.n	10000774 <readMaxProductsFromSector2Block2+0x188>
100006e0:	483c      	ldr	r0, [pc, #240]	; (100007d4 <readMaxProductsFromSector2Block2+0x1e8>)
100006e2:	f005 fee3 	bl	100064ac <__wrap_puts>
100006e6:	4b3a      	ldr	r3, [pc, #232]	; (100007d0 <readMaxProductsFromSector2Block2+0x1e4>)
100006e8:	6818      	ldr	r0, [r3, #0]
100006ea:	f001 fe33 	bl	10002354 <PICC_IsNewCardPresent>
100006ee:	2800      	cmp	r0, #0
100006f0:	d0f9      	beq.n	100006e6 <readMaxProductsFromSector2Block2+0xfa>
100006f2:	4839      	ldr	r0, [pc, #228]	; (100007d8 <readMaxProductsFromSector2Block2+0x1ec>)
100006f4:	f005 feda 	bl	100064ac <__wrap_puts>
100006f8:	4b35      	ldr	r3, [pc, #212]	; (100007d0 <readMaxProductsFromSector2Block2+0x1e4>)
100006fa:	6818      	ldr	r0, [r3, #0]
100006fc:	f001 fe3e 	bl	1000237c <PICC_ReadCardSerial>
10000700:	1e05      	subs	r5, r0, #0
10000702:	d033      	beq.n	1000076c <readMaxProductsFromSector2Block2+0x180>
10000704:	4835      	ldr	r0, [pc, #212]	; (100007dc <readMaxProductsFromSector2Block2+0x1f0>)
10000706:	f005 fed1 	bl	100064ac <__wrap_puts>
1000070a:	4b31      	ldr	r3, [pc, #196]	; (100007d0 <readMaxProductsFromSector2Block2+0x1e4>)
1000070c:	6818      	ldr	r0, [r3, #0]
1000070e:	3001      	adds	r0, #1
10000710:	2204      	movs	r2, #4
10000712:	a911      	add	r1, sp, #68	; 0x44
10000714:	f008 fbf8 	bl	10008f08 <memcmp>
10000718:	9003      	str	r0, [sp, #12]
1000071a:	1e06      	subs	r6, r0, #0
1000071c:	d1d7      	bne.n	100006ce <readMaxProductsFromSector2Block2+0xe2>
1000071e:	4830      	ldr	r0, [pc, #192]	; (100007e0 <readMaxProductsFromSector2Block2+0x1f4>)
10000720:	f005 fec4 	bl	100064ac <__wrap_puts>
10000724:	482f      	ldr	r0, [pc, #188]	; (100007e4 <readMaxProductsFromSector2Block2+0x1f8>)
10000726:	f005 fec1 	bl	100064ac <__wrap_puts>
1000072a:	4b29      	ldr	r3, [pc, #164]	; (100007d0 <readMaxProductsFromSector2Block2+0x1e4>)
1000072c:	6818      	ldr	r0, [r3, #0]
1000072e:	9000      	str	r0, [sp, #0]
10000730:	ab0f      	add	r3, sp, #60	; 0x3c
10000732:	220a      	movs	r2, #10
10000734:	2160      	movs	r1, #96	; 0x60
10000736:	f001 fa2b 	bl	10001b90 <PCD_Authenticate>
1000073a:	2800      	cmp	r0, #0
1000073c:	d1c3      	bne.n	100006c6 <readMaxProductsFromSector2Block2+0xda>
1000073e:	240b      	movs	r4, #11
10000740:	ab02      	add	r3, sp, #8
10000742:	469c      	mov	ip, r3
10000744:	4464      	add	r4, ip
10000746:	2312      	movs	r3, #18
10000748:	7023      	strb	r3, [r4, #0]
1000074a:	4827      	ldr	r0, [pc, #156]	; (100007e8 <readMaxProductsFromSector2Block2+0x1fc>)
1000074c:	f005 feae 	bl	100064ac <__wrap_puts>
10000750:	4b1f      	ldr	r3, [pc, #124]	; (100007d0 <readMaxProductsFromSector2Block2+0x1e4>)
10000752:	6818      	ldr	r0, [r3, #0]
10000754:	0023      	movs	r3, r4
10000756:	aa05      	add	r2, sp, #20
10000758:	210a      	movs	r1, #10
1000075a:	f001 fa4a 	bl	10001bf2 <MIFARE_Read>
1000075e:	2800      	cmp	r0, #0
10000760:	d100      	bne.n	10000764 <readMaxProductsFromSector2Block2+0x178>
10000762:	e75a      	b.n	1000061a <readMaxProductsFromSector2Block2+0x2e>
10000764:	4821      	ldr	r0, [pc, #132]	; (100007ec <readMaxProductsFromSector2Block2+0x200>)
10000766:	f005 fea1 	bl	100064ac <__wrap_puts>
1000076a:	e7b3      	b.n	100006d4 <readMaxProductsFromSector2Block2+0xe8>
1000076c:	4820      	ldr	r0, [pc, #128]	; (100007f0 <readMaxProductsFromSector2Block2+0x204>)
1000076e:	f005 fe9d 	bl	100064ac <__wrap_puts>
10000772:	e7b3      	b.n	100006dc <readMaxProductsFromSector2Block2+0xf0>
10000774:	4b16      	ldr	r3, [pc, #88]	; (100007d0 <readMaxProductsFromSector2Block2+0x1e4>)
10000776:	6818      	ldr	r0, [r3, #0]
10000778:	f001 f9e5 	bl	10001b46 <PICC_HaltA>
1000077c:	481d      	ldr	r0, [pc, #116]	; (100007f4 <readMaxProductsFromSector2Block2+0x208>)
1000077e:	f005 fe95 	bl	100064ac <__wrap_puts>
10000782:	20fa      	movs	r0, #250	; 0xfa
10000784:	0040      	lsls	r0, r0, #1
10000786:	f003 f973 	bl	10003a70 <sleep_ms>
1000078a:	b013      	add	sp, #76	; 0x4c
1000078c:	bcf0      	pop	{r4, r5, r6, r7}
1000078e:	46bb      	mov	fp, r7
10000790:	46b2      	mov	sl, r6
10000792:	46a9      	mov	r9, r5
10000794:	46a0      	mov	r8, r4
10000796:	bdf0      	pop	{r4, r5, r6, r7, pc}
10000798:	100091e4 	.word	0x100091e4
1000079c:	c7ee2885 	.word	0xc7ee2885
100007a0:	10009288 	.word	0x10009288
100007a4:	1000929c 	.word	0x1000929c
100007a8:	100092ac 	.word	0x100092ac
100007ac:	100092b4 	.word	0x100092b4
100007b0:	100092c4 	.word	0x100092c4
100007b4:	20000db8 	.word	0x20000db8
100007b8:	20000dbc 	.word	0x20000dbc
100007bc:	20000dc0 	.word	0x20000dc0
100007c0:	20000dc4 	.word	0x20000dc4
100007c4:	20000dc8 	.word	0x20000dc8
100007c8:	100092f0 	.word	0x100092f0
100007cc:	10009310 	.word	0x10009310
100007d0:	20001a74 	.word	0x20001a74
100007d4:	10009200 	.word	0x10009200
100007d8:	10009214 	.word	0x10009214
100007dc:	10009234 	.word	0x10009234
100007e0:	10009244 	.word	0x10009244
100007e4:	10009258 	.word	0x10009258
100007e8:	10009274 	.word	0x10009274
100007ec:	100092d4 	.word	0x100092d4
100007f0:	10009328 	.word	0x10009328
100007f4:	10009340 	.word	0x10009340

100007f8 <getProductName>:
100007f8:	2805      	cmp	r0, #5
100007fa:	d80b      	bhi.n	10000814 <getProductName+0x1c>
100007fc:	0080      	lsls	r0, r0, #2
100007fe:	4b07      	ldr	r3, [pc, #28]	; (1000081c <getProductName+0x24>)
10000800:	581b      	ldr	r3, [r3, r0]
10000802:	469f      	mov	pc, r3
10000804:	4806      	ldr	r0, [pc, #24]	; (10000820 <getProductName+0x28>)
10000806:	4770      	bx	lr
10000808:	4806      	ldr	r0, [pc, #24]	; (10000824 <getProductName+0x2c>)
1000080a:	e7fc      	b.n	10000806 <getProductName+0xe>
1000080c:	4806      	ldr	r0, [pc, #24]	; (10000828 <getProductName+0x30>)
1000080e:	e7fa      	b.n	10000806 <getProductName+0xe>
10000810:	4806      	ldr	r0, [pc, #24]	; (1000082c <getProductName+0x34>)
10000812:	e7f8      	b.n	10000806 <getProductName+0xe>
10000814:	4806      	ldr	r0, [pc, #24]	; (10000830 <getProductName+0x38>)
10000816:	e7f6      	b.n	10000806 <getProductName+0xe>
10000818:	4806      	ldr	r0, [pc, #24]	; (10000834 <getProductName+0x3c>)
1000081a:	e7f4      	b.n	10000806 <getProductName+0xe>
1000081c:	100093a0 	.word	0x100093a0
10000820:	10009394 	.word	0x10009394
10000824:	10009370 	.word	0x10009370
10000828:	1000937c 	.word	0x1000937c
1000082c:	10009388 	.word	0x10009388
10000830:	1000934c 	.word	0x1000934c
10000834:	10009364 	.word	0x10009364

10000838 <read_all_types>:
10000838:	b510      	push	{r4, lr}
1000083a:	b086      	sub	sp, #24
1000083c:	a901      	add	r1, sp, #4
1000083e:	482d      	ldr	r0, [pc, #180]	; (100008f4 <read_all_types+0xbc>)
10000840:	000b      	movs	r3, r1
10000842:	0002      	movs	r2, r0
10000844:	ca13      	ldmia	r2!, {r0, r1, r4}
10000846:	c313      	stmia	r3!, {r0, r1, r4}
10000848:	ca03      	ldmia	r2!, {r0, r1}
1000084a:	c303      	stmia	r3!, {r0, r1}
1000084c:	2400      	movs	r4, #0
1000084e:	e009      	b.n	10000864 <read_all_types+0x2c>
10000850:	9a00      	ldr	r2, [sp, #0]
10000852:	1c53      	adds	r3, r2, #1
10000854:	d019      	beq.n	1000088a <read_all_types+0x52>
10000856:	4b28      	ldr	r3, [pc, #160]	; (100008f8 <read_all_types+0xc0>)
10000858:	601a      	str	r2, [r3, #0]
1000085a:	1c61      	adds	r1, r4, #1
1000085c:	4827      	ldr	r0, [pc, #156]	; (100008fc <read_all_types+0xc4>)
1000085e:	f005 fe55 	bl	1000650c <__wrap_printf>
10000862:	3401      	adds	r4, #1
10000864:	2c04      	cmp	r4, #4
10000866:	dc42      	bgt.n	100008ee <read_all_types+0xb6>
10000868:	00a3      	lsls	r3, r4, #2
1000086a:	aa01      	add	r2, sp, #4
1000086c:	5899      	ldr	r1, [r3, r2]
1000086e:	2380      	movs	r3, #128	; 0x80
10000870:	055b      	lsls	r3, r3, #21
10000872:	469c      	mov	ip, r3
10000874:	4461      	add	r1, ip
10000876:	2204      	movs	r2, #4
10000878:	4668      	mov	r0, sp
1000087a:	f005 fce1 	bl	10006240 <__wrap___aeabi_memcpy>
1000087e:	2c04      	cmp	r4, #4
10000880:	d8ef      	bhi.n	10000862 <read_all_types+0x2a>
10000882:	00a3      	lsls	r3, r4, #2
10000884:	4a1e      	ldr	r2, [pc, #120]	; (10000900 <read_all_types+0xc8>)
10000886:	58d3      	ldr	r3, [r2, r3]
10000888:	469f      	mov	pc, r3
1000088a:	0022      	movs	r2, r4
1000088c:	e7e3      	b.n	10000856 <read_all_types+0x1e>
1000088e:	9a00      	ldr	r2, [sp, #0]
10000890:	1c53      	adds	r3, r2, #1
10000892:	d006      	beq.n	100008a2 <read_all_types+0x6a>
10000894:	4b1b      	ldr	r3, [pc, #108]	; (10000904 <read_all_types+0xcc>)
10000896:	601a      	str	r2, [r3, #0]
10000898:	1c61      	adds	r1, r4, #1
1000089a:	4818      	ldr	r0, [pc, #96]	; (100008fc <read_all_types+0xc4>)
1000089c:	f005 fe36 	bl	1000650c <__wrap_printf>
100008a0:	e7df      	b.n	10000862 <read_all_types+0x2a>
100008a2:	2200      	movs	r2, #0
100008a4:	e7f6      	b.n	10000894 <read_all_types+0x5c>
100008a6:	9a00      	ldr	r2, [sp, #0]
100008a8:	1c53      	adds	r3, r2, #1
100008aa:	d006      	beq.n	100008ba <read_all_types+0x82>
100008ac:	4b16      	ldr	r3, [pc, #88]	; (10000908 <read_all_types+0xd0>)
100008ae:	601a      	str	r2, [r3, #0]
100008b0:	1c61      	adds	r1, r4, #1
100008b2:	4812      	ldr	r0, [pc, #72]	; (100008fc <read_all_types+0xc4>)
100008b4:	f005 fe2a 	bl	1000650c <__wrap_printf>
100008b8:	e7d3      	b.n	10000862 <read_all_types+0x2a>
100008ba:	2200      	movs	r2, #0
100008bc:	e7f6      	b.n	100008ac <read_all_types+0x74>
100008be:	9a00      	ldr	r2, [sp, #0]
100008c0:	1c53      	adds	r3, r2, #1
100008c2:	d006      	beq.n	100008d2 <read_all_types+0x9a>
100008c4:	4b11      	ldr	r3, [pc, #68]	; (1000090c <read_all_types+0xd4>)
100008c6:	601a      	str	r2, [r3, #0]
100008c8:	1c61      	adds	r1, r4, #1
100008ca:	480c      	ldr	r0, [pc, #48]	; (100008fc <read_all_types+0xc4>)
100008cc:	f005 fe1e 	bl	1000650c <__wrap_printf>
100008d0:	e7c7      	b.n	10000862 <read_all_types+0x2a>
100008d2:	2200      	movs	r2, #0
100008d4:	e7f6      	b.n	100008c4 <read_all_types+0x8c>
100008d6:	9a00      	ldr	r2, [sp, #0]
100008d8:	1c53      	adds	r3, r2, #1
100008da:	d006      	beq.n	100008ea <read_all_types+0xb2>
100008dc:	4b0c      	ldr	r3, [pc, #48]	; (10000910 <read_all_types+0xd8>)
100008de:	601a      	str	r2, [r3, #0]
100008e0:	1c61      	adds	r1, r4, #1
100008e2:	4806      	ldr	r0, [pc, #24]	; (100008fc <read_all_types+0xc4>)
100008e4:	f005 fe12 	bl	1000650c <__wrap_printf>
100008e8:	e7bb      	b.n	10000862 <read_all_types+0x2a>
100008ea:	2200      	movs	r2, #0
100008ec:	e7f6      	b.n	100008dc <read_all_types+0xa4>
100008ee:	b006      	add	sp, #24
100008f0:	bd10      	pop	{r4, pc}
100008f2:	46c0      	nop			; (mov r8, r8)
100008f4:	100097c4 	.word	0x100097c4
100008f8:	20001d08 	.word	0x20001d08
100008fc:	100093b8 	.word	0x100093b8
10000900:	100093c4 	.word	0x100093c4
10000904:	20001d0c 	.word	0x20001d0c
10000908:	20001d10 	.word	0x20001d10
1000090c:	20001d14 	.word	0x20001d14
10000910:	20001d18 	.word	0x20001d18

10000914 <int_to_string>:
10000914:	b510      	push	{r4, lr}
10000916:	0002      	movs	r2, r0
10000918:	0008      	movs	r0, r1
1000091a:	4902      	ldr	r1, [pc, #8]	; (10000924 <int_to_string+0x10>)
1000091c:	f005 f808 	bl	10005930 <__wrap_sprintf>
10000920:	bd10      	pop	{r4, pc}
10000922:	46c0      	nop			; (mov r8, r8)
10000924:	100093d8 	.word	0x100093d8

10000928 <load_to_flash>:
10000928:	b5f0      	push	{r4, r5, r6, r7, lr}
1000092a:	46c6      	mov	lr, r8
1000092c:	b500      	push	{lr}
1000092e:	b0c2      	sub	sp, #264	; 0x108
10000930:	000c      	movs	r4, r1
10000932:	0015      	movs	r5, r2
10000934:	2805      	cmp	r0, #5
10000936:	d849      	bhi.n	100009cc <load_to_flash+0xa4>
10000938:	0080      	lsls	r0, r0, #2
1000093a:	4b3a      	ldr	r3, [pc, #232]	; (10000a24 <load_to_flash+0xfc>)
1000093c:	581b      	ldr	r3, [r3, r0]
1000093e:	469f      	mov	pc, r3
10000940:	4b39      	ldr	r3, [pc, #228]	; (10000a28 <load_to_flash+0x100>)
10000942:	681f      	ldr	r7, [r3, #0]
10000944:	4e39      	ldr	r6, [pc, #228]	; (10000a2c <load_to_flash+0x104>)
10000946:	2204      	movs	r2, #4
10000948:	2380      	movs	r3, #128	; 0x80
1000094a:	055b      	lsls	r3, r3, #21
1000094c:	18f1      	adds	r1, r6, r3
1000094e:	a841      	add	r0, sp, #260	; 0x104
10000950:	f005 fc76 	bl	10006240 <__wrap___aeabi_memcpy>
10000954:	9b41      	ldr	r3, [sp, #260]	; 0x104
10000956:	3301      	adds	r3, #1
10000958:	d03c      	beq.n	100009d4 <load_to_flash+0xac>
1000095a:	2d00      	cmp	r5, #0
1000095c:	d13d      	bne.n	100009da <load_to_flash+0xb2>
1000095e:	9b41      	ldr	r3, [sp, #260]	; 0x104
10000960:	429c      	cmp	r4, r3
10000962:	d94d      	bls.n	10000a00 <load_to_flash+0xd8>
10000964:	2300      	movs	r3, #0
10000966:	9341      	str	r3, [sp, #260]	; 0x104
10000968:	9b41      	ldr	r3, [sp, #260]	; 0x104
1000096a:	42bb      	cmp	r3, r7
1000096c:	d900      	bls.n	10000970 <load_to_flash+0x48>
1000096e:	9741      	str	r7, [sp, #260]	; 0x104
10000970:	2480      	movs	r4, #128	; 0x80
10000972:	0064      	lsls	r4, r4, #1
10000974:	0022      	movs	r2, r4
10000976:	2100      	movs	r1, #0
10000978:	a801      	add	r0, sp, #4
1000097a:	f005 fc5b 	bl	10006234 <__wrap_memset>
1000097e:	9b41      	ldr	r3, [sp, #260]	; 0x104
10000980:	9301      	str	r3, [sp, #4]
10000982:	f3ef 8510 	mrs	r5, PRIMASK
10000986:	b672      	cpsid	i
10000988:	2180      	movs	r1, #128	; 0x80
1000098a:	0149      	lsls	r1, r1, #5
1000098c:	0030      	movs	r0, r6
1000098e:	f008 fb57 	bl	10009040 <__flash_range_erase_veneer>
10000992:	0022      	movs	r2, r4
10000994:	a901      	add	r1, sp, #4
10000996:	0030      	movs	r0, r6
10000998:	f008 fb32 	bl	10009000 <__flash_range_program_veneer>
1000099c:	f385 8810 	msr	PRIMASK, r5
100009a0:	b042      	add	sp, #264	; 0x108
100009a2:	bc80      	pop	{r7}
100009a4:	46b8      	mov	r8, r7
100009a6:	bdf0      	pop	{r4, r5, r6, r7, pc}
100009a8:	4b21      	ldr	r3, [pc, #132]	; (10000a30 <load_to_flash+0x108>)
100009aa:	681f      	ldr	r7, [r3, #0]
100009ac:	26fe      	movs	r6, #254	; 0xfe
100009ae:	0376      	lsls	r6, r6, #13
100009b0:	e7c9      	b.n	10000946 <load_to_flash+0x1e>
100009b2:	4b20      	ldr	r3, [pc, #128]	; (10000a34 <load_to_flash+0x10c>)
100009b4:	681f      	ldr	r7, [r3, #0]
100009b6:	4e20      	ldr	r6, [pc, #128]	; (10000a38 <load_to_flash+0x110>)
100009b8:	e7c5      	b.n	10000946 <load_to_flash+0x1e>
100009ba:	4b20      	ldr	r3, [pc, #128]	; (10000a3c <load_to_flash+0x114>)
100009bc:	681f      	ldr	r7, [r3, #0]
100009be:	26ff      	movs	r6, #255	; 0xff
100009c0:	0376      	lsls	r6, r6, #13
100009c2:	e7c0      	b.n	10000946 <load_to_flash+0x1e>
100009c4:	4b1e      	ldr	r3, [pc, #120]	; (10000a40 <load_to_flash+0x118>)
100009c6:	681f      	ldr	r7, [r3, #0]
100009c8:	4e1e      	ldr	r6, [pc, #120]	; (10000a44 <load_to_flash+0x11c>)
100009ca:	e7bc      	b.n	10000946 <load_to_flash+0x1e>
100009cc:	481e      	ldr	r0, [pc, #120]	; (10000a48 <load_to_flash+0x120>)
100009ce:	f005 fd6d 	bl	100064ac <__wrap_puts>
100009d2:	e7e5      	b.n	100009a0 <load_to_flash+0x78>
100009d4:	2300      	movs	r3, #0
100009d6:	9341      	str	r3, [sp, #260]	; 0x104
100009d8:	e7bf      	b.n	1000095a <load_to_flash+0x32>
100009da:	9b41      	ldr	r3, [sp, #260]	; 0x104
100009dc:	191b      	adds	r3, r3, r4
100009de:	9341      	str	r3, [sp, #260]	; 0x104
100009e0:	4d1a      	ldr	r5, [pc, #104]	; (10000a4c <load_to_flash+0x124>)
100009e2:	4b1b      	ldr	r3, [pc, #108]	; (10000a50 <load_to_flash+0x128>)
100009e4:	602b      	str	r3, [r5, #0]
100009e6:	4b1b      	ldr	r3, [pc, #108]	; (10000a54 <load_to_flash+0x12c>)
100009e8:	4698      	mov	r8, r3
100009ea:	0019      	movs	r1, r3
100009ec:	0020      	movs	r0, r4
100009ee:	f7ff ff91 	bl	10000914 <int_to_string>
100009f2:	4643      	mov	r3, r8
100009f4:	606b      	str	r3, [r5, #4]
100009f6:	2102      	movs	r1, #2
100009f8:	0028      	movs	r0, r5
100009fa:	f7ff fdc3 	bl	10000584 <send_to_lcd>
100009fe:	e7b3      	b.n	10000968 <load_to_flash+0x40>
10000a00:	1b1b      	subs	r3, r3, r4
10000a02:	9341      	str	r3, [sp, #260]	; 0x104
10000a04:	4d11      	ldr	r5, [pc, #68]	; (10000a4c <load_to_flash+0x124>)
10000a06:	4b14      	ldr	r3, [pc, #80]	; (10000a58 <load_to_flash+0x130>)
10000a08:	602b      	str	r3, [r5, #0]
10000a0a:	4b12      	ldr	r3, [pc, #72]	; (10000a54 <load_to_flash+0x12c>)
10000a0c:	4698      	mov	r8, r3
10000a0e:	0019      	movs	r1, r3
10000a10:	0020      	movs	r0, r4
10000a12:	f7ff ff7f 	bl	10000914 <int_to_string>
10000a16:	4643      	mov	r3, r8
10000a18:	606b      	str	r3, [r5, #4]
10000a1a:	2102      	movs	r1, #2
10000a1c:	0028      	movs	r0, r5
10000a1e:	f7ff fdb1 	bl	10000584 <send_to_lcd>
10000a22:	e7a1      	b.n	10000968 <load_to_flash+0x40>
10000a24:	10009404 	.word	0x10009404
10000a28:	20000db8 	.word	0x20000db8
10000a2c:	001fb000 	.word	0x001fb000
10000a30:	20000dbc 	.word	0x20000dbc
10000a34:	20000dc0 	.word	0x20000dc0
10000a38:	001fd000 	.word	0x001fd000
10000a3c:	20000dc4 	.word	0x20000dc4
10000a40:	20000dc8 	.word	0x20000dc8
10000a44:	001ff000 	.word	0x001ff000
10000a48:	100093dc 	.word	0x100093dc
10000a4c:	20000dcc 	.word	0x20000dcc
10000a50:	100093ec 	.word	0x100093ec
10000a54:	20001ce8 	.word	0x20001ce8
10000a58:	100093f8 	.word	0x100093f8

10000a5c <reset_inventory>:
10000a5c:	b5f0      	push	{r4, r5, r6, r7, lr}
10000a5e:	46de      	mov	lr, fp
10000a60:	4657      	mov	r7, sl
10000a62:	464e      	mov	r6, r9
10000a64:	4645      	mov	r5, r8
10000a66:	b5e0      	push	{r5, r6, r7, lr}
10000a68:	b083      	sub	sp, #12
10000a6a:	4b28      	ldr	r3, [pc, #160]	; (10000b0c <reset_inventory+0xb0>)
10000a6c:	4698      	mov	r8, r3
10000a6e:	681b      	ldr	r3, [r3, #0]
10000a70:	469b      	mov	fp, r3
10000a72:	4f27      	ldr	r7, [pc, #156]	; (10000b10 <reset_inventory+0xb4>)
10000a74:	683b      	ldr	r3, [r7, #0]
10000a76:	469a      	mov	sl, r3
10000a78:	4e26      	ldr	r6, [pc, #152]	; (10000b14 <reset_inventory+0xb8>)
10000a7a:	6833      	ldr	r3, [r6, #0]
10000a7c:	4699      	mov	r9, r3
10000a7e:	4d26      	ldr	r5, [pc, #152]	; (10000b18 <reset_inventory+0xbc>)
10000a80:	682b      	ldr	r3, [r5, #0]
10000a82:	9300      	str	r3, [sp, #0]
10000a84:	4c25      	ldr	r4, [pc, #148]	; (10000b1c <reset_inventory+0xc0>)
10000a86:	6822      	ldr	r2, [r4, #0]
10000a88:	9201      	str	r2, [sp, #4]
10000a8a:	2300      	movs	r3, #0
10000a8c:	4641      	mov	r1, r8
10000a8e:	600b      	str	r3, [r1, #0]
10000a90:	603b      	str	r3, [r7, #0]
10000a92:	6033      	str	r3, [r6, #0]
10000a94:	602b      	str	r3, [r5, #0]
10000a96:	6023      	str	r3, [r4, #0]
10000a98:	2200      	movs	r2, #0
10000a9a:	2100      	movs	r1, #0
10000a9c:	2001      	movs	r0, #1
10000a9e:	f7ff ff43 	bl	10000928 <load_to_flash>
10000aa2:	2200      	movs	r2, #0
10000aa4:	2100      	movs	r1, #0
10000aa6:	2002      	movs	r0, #2
10000aa8:	f7ff ff3e 	bl	10000928 <load_to_flash>
10000aac:	2200      	movs	r2, #0
10000aae:	2100      	movs	r1, #0
10000ab0:	2003      	movs	r0, #3
10000ab2:	f7ff ff39 	bl	10000928 <load_to_flash>
10000ab6:	2200      	movs	r2, #0
10000ab8:	2100      	movs	r1, #0
10000aba:	2004      	movs	r0, #4
10000abc:	f7ff ff34 	bl	10000928 <load_to_flash>
10000ac0:	2200      	movs	r2, #0
10000ac2:	2100      	movs	r1, #0
10000ac4:	2005      	movs	r0, #5
10000ac6:	f7ff ff2f 	bl	10000928 <load_to_flash>
10000aca:	4641      	mov	r1, r8
10000acc:	4658      	mov	r0, fp
10000ace:	6008      	str	r0, [r1, #0]
10000ad0:	4651      	mov	r1, sl
10000ad2:	6039      	str	r1, [r7, #0]
10000ad4:	4649      	mov	r1, r9
10000ad6:	6031      	str	r1, [r6, #0]
10000ad8:	9b00      	ldr	r3, [sp, #0]
10000ada:	602b      	str	r3, [r5, #0]
10000adc:	9a01      	ldr	r2, [sp, #4]
10000ade:	6022      	str	r2, [r4, #0]
10000ae0:	4b0f      	ldr	r3, [pc, #60]	; (10000b20 <reset_inventory+0xc4>)
10000ae2:	2200      	movs	r2, #0
10000ae4:	2104      	movs	r1, #4
10000ae6:	201c      	movs	r0, #28
10000ae8:	f001 fdee 	bl	100026c8 <gpio_set_irq_enabled_with_callback>
10000aec:	480d      	ldr	r0, [pc, #52]	; (10000b24 <reset_inventory+0xc8>)
10000aee:	4b0e      	ldr	r3, [pc, #56]	; (10000b28 <reset_inventory+0xcc>)
10000af0:	6003      	str	r3, [r0, #0]
10000af2:	4b0e      	ldr	r3, [pc, #56]	; (10000b2c <reset_inventory+0xd0>)
10000af4:	6043      	str	r3, [r0, #4]
10000af6:	2102      	movs	r1, #2
10000af8:	f7ff fd44 	bl	10000584 <send_to_lcd>
10000afc:	b003      	add	sp, #12
10000afe:	bcf0      	pop	{r4, r5, r6, r7}
10000b00:	46bb      	mov	fp, r7
10000b02:	46b2      	mov	sl, r6
10000b04:	46a9      	mov	r9, r5
10000b06:	46a0      	mov	r8, r4
10000b08:	bdf0      	pop	{r4, r5, r6, r7, pc}
10000b0a:	46c0      	nop			; (mov r8, r8)
10000b0c:	20000db8 	.word	0x20000db8
10000b10:	20000dbc 	.word	0x20000dbc
10000b14:	20000dc0 	.word	0x20000dc0
10000b18:	20000dc4 	.word	0x20000dc4
10000b1c:	20000dc8 	.word	0x20000dc8
10000b20:	10000b31 	.word	0x10000b31
10000b24:	20000dcc 	.word	0x20000dcc
10000b28:	1000941c 	.word	0x1000941c
10000b2c:	10009430 	.word	0x10009430

10000b30 <button_handler>:
10000b30:	b510      	push	{r4, lr}
10000b32:	4803      	ldr	r0, [pc, #12]	; (10000b40 <button_handler+0x10>)
10000b34:	f005 fcba 	bl	100064ac <__wrap_puts>
10000b38:	f7ff ff90 	bl	10000a5c <reset_inventory>
10000b3c:	bd10      	pop	{r4, pc}
10000b3e:	46c0      	nop			; (mov r8, r8)
10000b40:	10009438 	.word	0x10009438

10000b44 <send_capacity_to_lcd>:
10000b44:	b570      	push	{r4, r5, r6, lr}
10000b46:	4c23      	ldr	r4, [pc, #140]	; (10000bd4 <send_capacity_to_lcd+0x90>)
10000b48:	4b23      	ldr	r3, [pc, #140]	; (10000bd8 <send_capacity_to_lcd+0x94>)
10000b4a:	6023      	str	r3, [r4, #0]
10000b4c:	4b23      	ldr	r3, [pc, #140]	; (10000bdc <send_capacity_to_lcd+0x98>)
10000b4e:	6063      	str	r3, [r4, #4]
10000b50:	2102      	movs	r1, #2
10000b52:	0020      	movs	r0, r4
10000b54:	f7ff fd16 	bl	10000584 <send_to_lcd>
10000b58:	4b21      	ldr	r3, [pc, #132]	; (10000be0 <send_capacity_to_lcd+0x9c>)
10000b5a:	6023      	str	r3, [r4, #0]
10000b5c:	4d21      	ldr	r5, [pc, #132]	; (10000be4 <send_capacity_to_lcd+0xa0>)
10000b5e:	4b22      	ldr	r3, [pc, #136]	; (10000be8 <send_capacity_to_lcd+0xa4>)
10000b60:	6818      	ldr	r0, [r3, #0]
10000b62:	0029      	movs	r1, r5
10000b64:	f7ff fed6 	bl	10000914 <int_to_string>
10000b68:	6065      	str	r5, [r4, #4]
10000b6a:	2102      	movs	r1, #2
10000b6c:	0020      	movs	r0, r4
10000b6e:	f7ff fd09 	bl	10000584 <send_to_lcd>
10000b72:	4b1e      	ldr	r3, [pc, #120]	; (10000bec <send_capacity_to_lcd+0xa8>)
10000b74:	6023      	str	r3, [r4, #0]
10000b76:	4b1e      	ldr	r3, [pc, #120]	; (10000bf0 <send_capacity_to_lcd+0xac>)
10000b78:	6818      	ldr	r0, [r3, #0]
10000b7a:	0029      	movs	r1, r5
10000b7c:	f7ff feca 	bl	10000914 <int_to_string>
10000b80:	6065      	str	r5, [r4, #4]
10000b82:	2102      	movs	r1, #2
10000b84:	0020      	movs	r0, r4
10000b86:	f7ff fcfd 	bl	10000584 <send_to_lcd>
10000b8a:	4b1a      	ldr	r3, [pc, #104]	; (10000bf4 <send_capacity_to_lcd+0xb0>)
10000b8c:	6023      	str	r3, [r4, #0]
10000b8e:	4b1a      	ldr	r3, [pc, #104]	; (10000bf8 <send_capacity_to_lcd+0xb4>)
10000b90:	6818      	ldr	r0, [r3, #0]
10000b92:	0029      	movs	r1, r5
10000b94:	f7ff febe 	bl	10000914 <int_to_string>
10000b98:	6065      	str	r5, [r4, #4]
10000b9a:	2102      	movs	r1, #2
10000b9c:	0020      	movs	r0, r4
10000b9e:	f7ff fcf1 	bl	10000584 <send_to_lcd>
10000ba2:	4b16      	ldr	r3, [pc, #88]	; (10000bfc <send_capacity_to_lcd+0xb8>)
10000ba4:	6023      	str	r3, [r4, #0]
10000ba6:	4b16      	ldr	r3, [pc, #88]	; (10000c00 <send_capacity_to_lcd+0xbc>)
10000ba8:	6818      	ldr	r0, [r3, #0]
10000baa:	0029      	movs	r1, r5
10000bac:	f7ff feb2 	bl	10000914 <int_to_string>
10000bb0:	6065      	str	r5, [r4, #4]
10000bb2:	2102      	movs	r1, #2
10000bb4:	0020      	movs	r0, r4
10000bb6:	f7ff fce5 	bl	10000584 <send_to_lcd>
10000bba:	4b12      	ldr	r3, [pc, #72]	; (10000c04 <send_capacity_to_lcd+0xc0>)
10000bbc:	6023      	str	r3, [r4, #0]
10000bbe:	4b12      	ldr	r3, [pc, #72]	; (10000c08 <send_capacity_to_lcd+0xc4>)
10000bc0:	6818      	ldr	r0, [r3, #0]
10000bc2:	0029      	movs	r1, r5
10000bc4:	f7ff fea6 	bl	10000914 <int_to_string>
10000bc8:	6065      	str	r5, [r4, #4]
10000bca:	2102      	movs	r1, #2
10000bcc:	0020      	movs	r0, r4
10000bce:	f7ff fcd9 	bl	10000584 <send_to_lcd>
10000bd2:	bd70      	pop	{r4, r5, r6, pc}
10000bd4:	20000dcc 	.word	0x20000dcc
10000bd8:	1000944c 	.word	0x1000944c
10000bdc:	1000945c 	.word	0x1000945c
10000be0:	10009464 	.word	0x10009464
10000be4:	20001ce8 	.word	0x20001ce8
10000be8:	20000db8 	.word	0x20000db8
10000bec:	10009470 	.word	0x10009470
10000bf0:	20000dbc 	.word	0x20000dbc
10000bf4:	1000947c 	.word	0x1000947c
10000bf8:	20000dc0 	.word	0x20000dc0
10000bfc:	10009488 	.word	0x10009488
10000c00:	20000dc4 	.word	0x20000dc4
10000c04:	10009494 	.word	0x10009494
10000c08:	20000dc8 	.word	0x20000dc8

10000c0c <check_inventory>:
10000c0c:	b570      	push	{r4, r5, r6, lr}
10000c0e:	4c23      	ldr	r4, [pc, #140]	; (10000c9c <check_inventory+0x90>)
10000c10:	4b23      	ldr	r3, [pc, #140]	; (10000ca0 <check_inventory+0x94>)
10000c12:	6023      	str	r3, [r4, #0]
10000c14:	4b23      	ldr	r3, [pc, #140]	; (10000ca4 <check_inventory+0x98>)
10000c16:	6063      	str	r3, [r4, #4]
10000c18:	2102      	movs	r1, #2
10000c1a:	0020      	movs	r0, r4
10000c1c:	f7ff fcb2 	bl	10000584 <send_to_lcd>
10000c20:	4b21      	ldr	r3, [pc, #132]	; (10000ca8 <check_inventory+0x9c>)
10000c22:	6023      	str	r3, [r4, #0]
10000c24:	4d21      	ldr	r5, [pc, #132]	; (10000cac <check_inventory+0xa0>)
10000c26:	4b22      	ldr	r3, [pc, #136]	; (10000cb0 <check_inventory+0xa4>)
10000c28:	6818      	ldr	r0, [r3, #0]
10000c2a:	0029      	movs	r1, r5
10000c2c:	f7ff fe72 	bl	10000914 <int_to_string>
10000c30:	6065      	str	r5, [r4, #4]
10000c32:	2102      	movs	r1, #2
10000c34:	0020      	movs	r0, r4
10000c36:	f7ff fca5 	bl	10000584 <send_to_lcd>
10000c3a:	4b1e      	ldr	r3, [pc, #120]	; (10000cb4 <check_inventory+0xa8>)
10000c3c:	6023      	str	r3, [r4, #0]
10000c3e:	4b1e      	ldr	r3, [pc, #120]	; (10000cb8 <check_inventory+0xac>)
10000c40:	6818      	ldr	r0, [r3, #0]
10000c42:	0029      	movs	r1, r5
10000c44:	f7ff fe66 	bl	10000914 <int_to_string>
10000c48:	6065      	str	r5, [r4, #4]
10000c4a:	2102      	movs	r1, #2
10000c4c:	0020      	movs	r0, r4
10000c4e:	f7ff fc99 	bl	10000584 <send_to_lcd>
10000c52:	4b1a      	ldr	r3, [pc, #104]	; (10000cbc <check_inventory+0xb0>)
10000c54:	6023      	str	r3, [r4, #0]
10000c56:	4b1a      	ldr	r3, [pc, #104]	; (10000cc0 <check_inventory+0xb4>)
10000c58:	6818      	ldr	r0, [r3, #0]
10000c5a:	0029      	movs	r1, r5
10000c5c:	f7ff fe5a 	bl	10000914 <int_to_string>
10000c60:	6065      	str	r5, [r4, #4]
10000c62:	2102      	movs	r1, #2
10000c64:	0020      	movs	r0, r4
10000c66:	f7ff fc8d 	bl	10000584 <send_to_lcd>
10000c6a:	4b16      	ldr	r3, [pc, #88]	; (10000cc4 <check_inventory+0xb8>)
10000c6c:	6023      	str	r3, [r4, #0]
10000c6e:	4b16      	ldr	r3, [pc, #88]	; (10000cc8 <check_inventory+0xbc>)
10000c70:	6818      	ldr	r0, [r3, #0]
10000c72:	0029      	movs	r1, r5
10000c74:	f7ff fe4e 	bl	10000914 <int_to_string>
10000c78:	6065      	str	r5, [r4, #4]
10000c7a:	2102      	movs	r1, #2
10000c7c:	0020      	movs	r0, r4
10000c7e:	f7ff fc81 	bl	10000584 <send_to_lcd>
10000c82:	4b12      	ldr	r3, [pc, #72]	; (10000ccc <check_inventory+0xc0>)
10000c84:	6023      	str	r3, [r4, #0]
10000c86:	4b12      	ldr	r3, [pc, #72]	; (10000cd0 <check_inventory+0xc4>)
10000c88:	6818      	ldr	r0, [r3, #0]
10000c8a:	0029      	movs	r1, r5
10000c8c:	f7ff fe42 	bl	10000914 <int_to_string>
10000c90:	6065      	str	r5, [r4, #4]
10000c92:	2102      	movs	r1, #2
10000c94:	0020      	movs	r0, r4
10000c96:	f7ff fc75 	bl	10000584 <send_to_lcd>
10000c9a:	bd70      	pop	{r4, r5, r6, pc}
10000c9c:	20000dcc 	.word	0x20000dcc
10000ca0:	100094a0 	.word	0x100094a0
10000ca4:	100094b0 	.word	0x100094b0
10000ca8:	10009464 	.word	0x10009464
10000cac:	20001ce8 	.word	0x20001ce8
10000cb0:	20001d08 	.word	0x20001d08
10000cb4:	10009470 	.word	0x10009470
10000cb8:	20001d0c 	.word	0x20001d0c
10000cbc:	1000947c 	.word	0x1000947c
10000cc0:	20001d10 	.word	0x20001d10
10000cc4:	10009488 	.word	0x10009488
10000cc8:	20001d14 	.word	0x20001d14
10000ccc:	10009494 	.word	0x10009494
10000cd0:	20001d18 	.word	0x20001d18

10000cd4 <select_mode>:
10000cd4:	b510      	push	{r4, lr}
10000cd6:	491e      	ldr	r1, [pc, #120]	; (10000d50 <select_mode+0x7c>)
10000cd8:	2001      	movs	r0, #1
10000cda:	f001 fc51 	bl	10002580 <pico_keypad_irq_enable>
10000cde:	481d      	ldr	r0, [pc, #116]	; (10000d54 <select_mode+0x80>)
10000ce0:	4b1d      	ldr	r3, [pc, #116]	; (10000d58 <select_mode+0x84>)
10000ce2:	6003      	str	r3, [r0, #0]
10000ce4:	4b1d      	ldr	r3, [pc, #116]	; (10000d5c <select_mode+0x88>)
10000ce6:	6043      	str	r3, [r0, #4]
10000ce8:	4b1d      	ldr	r3, [pc, #116]	; (10000d60 <select_mode+0x8c>)
10000cea:	6083      	str	r3, [r0, #8]
10000cec:	4b1d      	ldr	r3, [pc, #116]	; (10000d64 <select_mode+0x90>)
10000cee:	60c3      	str	r3, [r0, #12]
10000cf0:	2104      	movs	r1, #4
10000cf2:	f7ff fc47 	bl	10000584 <send_to_lcd>
10000cf6:	4b1c      	ldr	r3, [pc, #112]	; (10000d68 <select_mode+0x94>)
10000cf8:	781b      	ldrb	r3, [r3, #0]
10000cfa:	b2dc      	uxtb	r4, r3
10000cfc:	2b00      	cmp	r3, #0
10000cfe:	d0fa      	beq.n	10000cf6 <select_mode+0x22>
10000d00:	4b19      	ldr	r3, [pc, #100]	; (10000d68 <select_mode+0x94>)
10000d02:	2200      	movs	r2, #0
10000d04:	701a      	strb	r2, [r3, #0]
10000d06:	4b19      	ldr	r3, [pc, #100]	; (10000d6c <select_mode+0x98>)
10000d08:	781b      	ldrb	r3, [r3, #0]
10000d0a:	2b41      	cmp	r3, #65	; 0x41
10000d0c:	d019      	beq.n	10000d42 <select_mode+0x6e>
10000d0e:	4b17      	ldr	r3, [pc, #92]	; (10000d6c <select_mode+0x98>)
10000d10:	781b      	ldrb	r3, [r3, #0]
10000d12:	2b42      	cmp	r3, #66	; 0x42
10000d14:	d014      	beq.n	10000d40 <select_mode+0x6c>
10000d16:	4b15      	ldr	r3, [pc, #84]	; (10000d6c <select_mode+0x98>)
10000d18:	781b      	ldrb	r3, [r3, #0]
10000d1a:	2b44      	cmp	r3, #68	; 0x44
10000d1c:	d009      	beq.n	10000d32 <select_mode+0x5e>
10000d1e:	4b13      	ldr	r3, [pc, #76]	; (10000d6c <select_mode+0x98>)
10000d20:	781b      	ldrb	r3, [r3, #0]
10000d22:	2b43      	cmp	r3, #67	; 0x43
10000d24:	d1e7      	bne.n	10000cf6 <select_mode+0x22>
10000d26:	4812      	ldr	r0, [pc, #72]	; (10000d70 <select_mode+0x9c>)
10000d28:	f005 fbc0 	bl	100064ac <__wrap_puts>
10000d2c:	f7ff ff6e 	bl	10000c0c <check_inventory>
10000d30:	e007      	b.n	10000d42 <select_mode+0x6e>
10000d32:	4810      	ldr	r0, [pc, #64]	; (10000d74 <select_mode+0xa0>)
10000d34:	f005 fbba 	bl	100064ac <__wrap_puts>
10000d38:	f7ff fe90 	bl	10000a5c <reset_inventory>
10000d3c:	2400      	movs	r4, #0
10000d3e:	e000      	b.n	10000d42 <select_mode+0x6e>
10000d40:	2400      	movs	r4, #0
10000d42:	4903      	ldr	r1, [pc, #12]	; (10000d50 <select_mode+0x7c>)
10000d44:	2000      	movs	r0, #0
10000d46:	f001 fc1b 	bl	10002580 <pico_keypad_irq_enable>
10000d4a:	0020      	movs	r0, r4
10000d4c:	bd10      	pop	{r4, pc}
10000d4e:	46c0      	nop			; (mov r8, r8)
10000d50:	10000305 	.word	0x10000305
10000d54:	20000dcc 	.word	0x20000dcc
10000d58:	100094bc 	.word	0x100094bc
10000d5c:	100094c8 	.word	0x100094c8
10000d60:	100094d4 	.word	0x100094d4
10000d64:	100094e8 	.word	0x100094e8
10000d68:	20001d33 	.word	0x20001d33
10000d6c:	20001d34 	.word	0x20001d34
10000d70:	10009514 	.word	0x10009514
10000d74:	100094fc 	.word	0x100094fc

10000d78 <readProductInfoFromSector4Block2>:
10000d78:	b5f0      	push	{r4, r5, r6, r7, lr}
10000d7a:	46c6      	mov	lr, r8
10000d7c:	b500      	push	{lr}
10000d7e:	b08c      	sub	sp, #48	; 0x30
10000d80:	485f      	ldr	r0, [pc, #380]	; (10000f00 <readProductInfoFromSector4Block2+0x188>)
10000d82:	f005 fb93 	bl	100064ac <__wrap_puts>
10000d86:	2301      	movs	r3, #1
10000d88:	425b      	negs	r3, r3
10000d8a:	930b      	str	r3, [sp, #44]	; 0x2c
10000d8c:	2300      	movs	r3, #0
10000d8e:	e004      	b.n	10000d9a <readProductInfoFromSector4Block2+0x22>
10000d90:	aa09      	add	r2, sp, #36	; 0x24
10000d92:	21ff      	movs	r1, #255	; 0xff
10000d94:	54d1      	strb	r1, [r2, r3]
10000d96:	3301      	adds	r3, #1
10000d98:	b2db      	uxtb	r3, r3
10000d9a:	2b05      	cmp	r3, #5
10000d9c:	d9f8      	bls.n	10000d90 <readProductInfoFromSector4Block2+0x18>
10000d9e:	e053      	b.n	10000e48 <readProductInfoFromSector4Block2+0xd0>
10000da0:	4858      	ldr	r0, [pc, #352]	; (10000f04 <readProductInfoFromSector4Block2+0x18c>)
10000da2:	f005 fbb3 	bl	1000650c <__wrap_printf>
10000da6:	2400      	movs	r4, #0
10000da8:	e005      	b.n	10000db6 <readProductInfoFromSector4Block2+0x3e>
10000daa:	ab04      	add	r3, sp, #16
10000dac:	5d19      	ldrb	r1, [r3, r4]
10000dae:	4856      	ldr	r0, [pc, #344]	; (10000f08 <readProductInfoFromSector4Block2+0x190>)
10000db0:	f005 fbac 	bl	1000650c <__wrap_printf>
10000db4:	3401      	adds	r4, #1
10000db6:	2c0f      	cmp	r4, #15
10000db8:	ddf7      	ble.n	10000daa <readProductInfoFromSector4Block2+0x32>
10000dba:	200a      	movs	r0, #10
10000dbc:	f005 fb42 	bl	10006444 <__wrap_putchar>
10000dc0:	aa04      	add	r2, sp, #16
10000dc2:	7bd1      	ldrb	r1, [r2, #15]
10000dc4:	250f      	movs	r5, #15
10000dc6:	400d      	ands	r5, r1
10000dc8:	7b93      	ldrb	r3, [r2, #14]
10000dca:	021b      	lsls	r3, r3, #8
10000dcc:	200f      	movs	r0, #15
10000dce:	4381      	bics	r1, r0
10000dd0:	430b      	orrs	r3, r1
10000dd2:	111c      	asrs	r4, r3, #4
10000dd4:	7b13      	ldrb	r3, [r2, #12]
10000dd6:	021b      	lsls	r3, r3, #8
10000dd8:	7b57      	ldrb	r7, [r2, #13]
10000dda:	431f      	orrs	r7, r3
10000ddc:	7a93      	ldrb	r3, [r2, #10]
10000dde:	021b      	lsls	r3, r3, #8
10000de0:	7ad6      	ldrb	r6, [r2, #11]
10000de2:	431e      	orrs	r6, r3
10000de4:	0028      	movs	r0, r5
10000de6:	f7ff fd07 	bl	100007f8 <getProductName>
10000dea:	4680      	mov	r8, r0
10000dec:	4847      	ldr	r0, [pc, #284]	; (10000f0c <readProductInfoFromSector4Block2+0x194>)
10000dee:	f005 fb5d 	bl	100064ac <__wrap_puts>
10000df2:	4641      	mov	r1, r8
10000df4:	4846      	ldr	r0, [pc, #280]	; (10000f10 <readProductInfoFromSector4Block2+0x198>)
10000df6:	f005 fb89 	bl	1000650c <__wrap_printf>
10000dfa:	0021      	movs	r1, r4
10000dfc:	4845      	ldr	r0, [pc, #276]	; (10000f14 <readProductInfoFromSector4Block2+0x19c>)
10000dfe:	f005 fb85 	bl	1000650c <__wrap_printf>
10000e02:	0039      	movs	r1, r7
10000e04:	4844      	ldr	r0, [pc, #272]	; (10000f18 <readProductInfoFromSector4Block2+0x1a0>)
10000e06:	f005 fb81 	bl	1000650c <__wrap_printf>
10000e0a:	0031      	movs	r1, r6
10000e0c:	4843      	ldr	r0, [pc, #268]	; (10000f1c <readProductInfoFromSector4Block2+0x1a4>)
10000e0e:	f005 fb7d 	bl	1000650c <__wrap_printf>
10000e12:	f7ff ff5f 	bl	10000cd4 <select_mode>
10000e16:	0006      	movs	r6, r0
10000e18:	f7ff fd0e 	bl	10000838 <read_all_types>
10000e1c:	0032      	movs	r2, r6
10000e1e:	0021      	movs	r1, r4
10000e20:	0028      	movs	r0, r5
10000e22:	f7ff fd81 	bl	10000928 <load_to_flash>
10000e26:	483e      	ldr	r0, [pc, #248]	; (10000f20 <readProductInfoFromSector4Block2+0x1a8>)
10000e28:	f005 fb40 	bl	100064ac <__wrap_puts>
10000e2c:	f7ff fd04 	bl	10000838 <read_all_types>
10000e30:	e002      	b.n	10000e38 <readProductInfoFromSector4Block2+0xc0>
10000e32:	483c      	ldr	r0, [pc, #240]	; (10000f24 <readProductInfoFromSector4Block2+0x1ac>)
10000e34:	f005 fb3a 	bl	100064ac <__wrap_puts>
10000e38:	4b3b      	ldr	r3, [pc, #236]	; (10000f28 <readProductInfoFromSector4Block2+0x1b0>)
10000e3a:	6818      	ldr	r0, [r3, #0]
10000e3c:	f000 fe83 	bl	10001b46 <PICC_HaltA>
10000e40:	4b39      	ldr	r3, [pc, #228]	; (10000f28 <readProductInfoFromSector4Block2+0x1b0>)
10000e42:	6818      	ldr	r0, [r3, #0]
10000e44:	f000 fe7f 	bl	10001b46 <PICC_HaltA>
10000e48:	4c37      	ldr	r4, [pc, #220]	; (10000f28 <readProductInfoFromSector4Block2+0x1b0>)
10000e4a:	6820      	ldr	r0, [r4, #0]
10000e4c:	f000 fb30 	bl	100014b0 <PCD_Reset>
10000e50:	6820      	ldr	r0, [r4, #0]
10000e52:	4936      	ldr	r1, [pc, #216]	; (10000f2c <readProductInfoFromSector4Block2+0x1b4>)
10000e54:	f000 fb4e 	bl	100014f4 <PCD_Init>
10000e58:	4835      	ldr	r0, [pc, #212]	; (10000f30 <readProductInfoFromSector4Block2+0x1b8>)
10000e5a:	4b36      	ldr	r3, [pc, #216]	; (10000f34 <readProductInfoFromSector4Block2+0x1bc>)
10000e5c:	6003      	str	r3, [r0, #0]
10000e5e:	4b36      	ldr	r3, [pc, #216]	; (10000f38 <readProductInfoFromSector4Block2+0x1c0>)
10000e60:	6043      	str	r3, [r0, #4]
10000e62:	2102      	movs	r1, #2
10000e64:	f7ff fb8e 	bl	10000584 <send_to_lcd>
10000e68:	4834      	ldr	r0, [pc, #208]	; (10000f3c <readProductInfoFromSector4Block2+0x1c4>)
10000e6a:	f005 fb1f 	bl	100064ac <__wrap_puts>
10000e6e:	4b2e      	ldr	r3, [pc, #184]	; (10000f28 <readProductInfoFromSector4Block2+0x1b0>)
10000e70:	6818      	ldr	r0, [r3, #0]
10000e72:	f001 fa6f 	bl	10002354 <PICC_IsNewCardPresent>
10000e76:	2800      	cmp	r0, #0
10000e78:	d0f9      	beq.n	10000e6e <readProductInfoFromSector4Block2+0xf6>
10000e7a:	4831      	ldr	r0, [pc, #196]	; (10000f40 <readProductInfoFromSector4Block2+0x1c8>)
10000e7c:	f005 fb16 	bl	100064ac <__wrap_puts>
10000e80:	4b29      	ldr	r3, [pc, #164]	; (10000f28 <readProductInfoFromSector4Block2+0x1b0>)
10000e82:	6818      	ldr	r0, [r3, #0]
10000e84:	f001 fa7a 	bl	1000237c <PICC_ReadCardSerial>
10000e88:	2800      	cmp	r0, #0
10000e8a:	d034      	beq.n	10000ef6 <readProductInfoFromSector4Block2+0x17e>
10000e8c:	482d      	ldr	r0, [pc, #180]	; (10000f44 <readProductInfoFromSector4Block2+0x1cc>)
10000e8e:	f005 fb0d 	bl	100064ac <__wrap_puts>
10000e92:	4b25      	ldr	r3, [pc, #148]	; (10000f28 <readProductInfoFromSector4Block2+0x1b0>)
10000e94:	6818      	ldr	r0, [r3, #0]
10000e96:	3001      	adds	r0, #1
10000e98:	2204      	movs	r2, #4
10000e9a:	a90b      	add	r1, sp, #44	; 0x2c
10000e9c:	f008 f834 	bl	10008f08 <memcmp>
10000ea0:	2800      	cmp	r0, #0
10000ea2:	d024      	beq.n	10000eee <readProductInfoFromSector4Block2+0x176>
10000ea4:	4828      	ldr	r0, [pc, #160]	; (10000f48 <readProductInfoFromSector4Block2+0x1d0>)
10000ea6:	f005 fb01 	bl	100064ac <__wrap_puts>
10000eaa:	4828      	ldr	r0, [pc, #160]	; (10000f4c <readProductInfoFromSector4Block2+0x1d4>)
10000eac:	f005 fafe 	bl	100064ac <__wrap_puts>
10000eb0:	4b1d      	ldr	r3, [pc, #116]	; (10000f28 <readProductInfoFromSector4Block2+0x1b0>)
10000eb2:	6818      	ldr	r0, [r3, #0]
10000eb4:	9000      	str	r0, [sp, #0]
10000eb6:	ab09      	add	r3, sp, #36	; 0x24
10000eb8:	2212      	movs	r2, #18
10000eba:	2160      	movs	r1, #96	; 0x60
10000ebc:	f000 fe68 	bl	10001b90 <PCD_Authenticate>
10000ec0:	2800      	cmp	r0, #0
10000ec2:	d1b6      	bne.n	10000e32 <readProductInfoFromSector4Block2+0xba>
10000ec4:	240f      	movs	r4, #15
10000ec6:	446c      	add	r4, sp
10000ec8:	2312      	movs	r3, #18
10000eca:	7023      	strb	r3, [r4, #0]
10000ecc:	4820      	ldr	r0, [pc, #128]	; (10000f50 <readProductInfoFromSector4Block2+0x1d8>)
10000ece:	f005 faed 	bl	100064ac <__wrap_puts>
10000ed2:	4b15      	ldr	r3, [pc, #84]	; (10000f28 <readProductInfoFromSector4Block2+0x1b0>)
10000ed4:	6818      	ldr	r0, [r3, #0]
10000ed6:	0023      	movs	r3, r4
10000ed8:	aa04      	add	r2, sp, #16
10000eda:	2112      	movs	r1, #18
10000edc:	f000 fe89 	bl	10001bf2 <MIFARE_Read>
10000ee0:	2800      	cmp	r0, #0
10000ee2:	d100      	bne.n	10000ee6 <readProductInfoFromSector4Block2+0x16e>
10000ee4:	e75c      	b.n	10000da0 <readProductInfoFromSector4Block2+0x28>
10000ee6:	481b      	ldr	r0, [pc, #108]	; (10000f54 <readProductInfoFromSector4Block2+0x1dc>)
10000ee8:	f005 fae0 	bl	100064ac <__wrap_puts>
10000eec:	e7a4      	b.n	10000e38 <readProductInfoFromSector4Block2+0xc0>
10000eee:	481a      	ldr	r0, [pc, #104]	; (10000f58 <readProductInfoFromSector4Block2+0x1e0>)
10000ef0:	f005 fadc 	bl	100064ac <__wrap_puts>
10000ef4:	e7a4      	b.n	10000e40 <readProductInfoFromSector4Block2+0xc8>
10000ef6:	4819      	ldr	r0, [pc, #100]	; (10000f5c <readProductInfoFromSector4Block2+0x1e4>)
10000ef8:	f005 fad8 	bl	100064ac <__wrap_puts>
10000efc:	e7a4      	b.n	10000e48 <readProductInfoFromSector4Block2+0xd0>
10000efe:	46c0      	nop			; (mov r8, r8)
10000f00:	100091e4 	.word	0x100091e4
10000f04:	1000929c 	.word	0x1000929c
10000f08:	100092ac 	.word	0x100092ac
10000f0c:	10009528 	.word	0x10009528
10000f10:	10009540 	.word	0x10009540
10000f14:	10009558 	.word	0x10009558
10000f18:	10009574 	.word	0x10009574
10000f1c:	1000958c 	.word	0x1000958c
10000f20:	100095a4 	.word	0x100095a4
10000f24:	100092f0 	.word	0x100092f0
10000f28:	20001a74 	.word	0x20001a74
10000f2c:	4003c000 	.word	0x4003c000
10000f30:	20000dcc 	.word	0x20000dcc
10000f34:	100095d4 	.word	0x100095d4
10000f38:	100095e4 	.word	0x100095e4
10000f3c:	10009200 	.word	0x10009200
10000f40:	10009214 	.word	0x10009214
10000f44:	10009234 	.word	0x10009234
10000f48:	10009244 	.word	0x10009244
10000f4c:	10009258 	.word	0x10009258
10000f50:	10009274 	.word	0x10009274
10000f54:	100095b8 	.word	0x100095b8
10000f58:	10009310 	.word	0x10009310
10000f5c:	10009328 	.word	0x10009328

10000f60 <main>:
10000f60:	b510      	push	{r4, lr}
10000f62:	f005 fadf 	bl	10006524 <stdio_init_all>
10000f66:	f7ff fa83 	bl	10000470 <setup>
10000f6a:	4a7f      	ldr	r2, [pc, #508]	; (10001168 <main+0x208>)
10000f6c:	497f      	ldr	r1, [pc, #508]	; (1000116c <main+0x20c>)
10000f6e:	4880      	ldr	r0, [pc, #512]	; (10001170 <main+0x210>)
10000f70:	f001 fa0e 	bl	10002390 <pico_keypad_init>
10000f74:	201c      	movs	r0, #28
10000f76:	f001 fc03 	bl	10002780 <gpio_init>
10000f7a:	23d0      	movs	r3, #208	; 0xd0
10000f7c:	061b      	lsls	r3, r3, #24
10000f7e:	2280      	movs	r2, #128	; 0x80
10000f80:	0552      	lsls	r2, r2, #21
10000f82:	629a      	str	r2, [r3, #40]	; 0x28
10000f84:	2105      	movs	r1, #5
10000f86:	201c      	movs	r0, #28
10000f88:	f001 fb12 	bl	100025b0 <gpio_set_function>
10000f8c:	2200      	movs	r2, #0
10000f8e:	2101      	movs	r1, #1
10000f90:	201c      	movs	r0, #28
10000f92:	f001 fb25 	bl	100025e0 <gpio_set_pulls>
10000f96:	2201      	movs	r2, #1
10000f98:	2104      	movs	r1, #4
10000f9a:	201c      	movs	r0, #28
10000f9c:	f001 fb84 	bl	100026a8 <gpio_set_irq_enabled>
10000fa0:	4b74      	ldr	r3, [pc, #464]	; (10001174 <main+0x214>)
10000fa2:	2201      	movs	r2, #1
10000fa4:	2104      	movs	r1, #4
10000fa6:	201c      	movs	r0, #28
10000fa8:	f001 fb8e 	bl	100026c8 <gpio_set_irq_enabled_with_callback>
10000fac:	4972      	ldr	r1, [pc, #456]	; (10001178 <main+0x218>)
10000fae:	4873      	ldr	r0, [pc, #460]	; (1000117c <main+0x21c>)
10000fb0:	f007 fed2 	bl	10008d58 <i2c_init>
10000fb4:	2103      	movs	r1, #3
10000fb6:	2004      	movs	r0, #4
10000fb8:	f001 fafa 	bl	100025b0 <gpio_set_function>
10000fbc:	2103      	movs	r1, #3
10000fbe:	2005      	movs	r0, #5
10000fc0:	f001 faf6 	bl	100025b0 <gpio_set_function>
10000fc4:	2200      	movs	r2, #0
10000fc6:	2101      	movs	r1, #1
10000fc8:	2004      	movs	r0, #4
10000fca:	f001 fb09 	bl	100025e0 <gpio_set_pulls>
10000fce:	2200      	movs	r2, #0
10000fd0:	2101      	movs	r1, #1
10000fd2:	2005      	movs	r0, #5
10000fd4:	f001 fb04 	bl	100025e0 <gpio_set_pulls>
10000fd8:	f7ff fa2a 	bl	10000430 <lcd_init>
10000fdc:	20fa      	movs	r0, #250	; 0xfa
10000fde:	0040      	lsls	r0, r0, #1
10000fe0:	f002 fd46 	bl	10003a70 <sleep_ms>
10000fe4:	e01c      	b.n	10001020 <main+0xc0>
10000fe6:	4b66      	ldr	r3, [pc, #408]	; (10001180 <main+0x220>)
10000fe8:	781b      	ldrb	r3, [r3, #0]
10000fea:	2b32      	cmp	r3, #50	; 0x32
10000fec:	d103      	bne.n	10000ff6 <main+0x96>
10000fee:	4b64      	ldr	r3, [pc, #400]	; (10001180 <main+0x220>)
10000ff0:	785b      	ldrb	r3, [r3, #1]
10000ff2:	2b30      	cmp	r3, #48	; 0x30
10000ff4:	d05c      	beq.n	100010b0 <main+0x150>
10000ff6:	4863      	ldr	r0, [pc, #396]	; (10001184 <main+0x224>)
10000ff8:	4b63      	ldr	r3, [pc, #396]	; (10001188 <main+0x228>)
10000ffa:	6003      	str	r3, [r0, #0]
10000ffc:	4c60      	ldr	r4, [pc, #384]	; (10001180 <main+0x220>)
10000ffe:	6044      	str	r4, [r0, #4]
10001000:	4b62      	ldr	r3, [pc, #392]	; (1000118c <main+0x22c>)
10001002:	6083      	str	r3, [r0, #8]
10001004:	4b62      	ldr	r3, [pc, #392]	; (10001190 <main+0x230>)
10001006:	60c3      	str	r3, [r0, #12]
10001008:	2104      	movs	r1, #4
1000100a:	f7ff fabb 	bl	10000584 <send_to_lcd>
1000100e:	4861      	ldr	r0, [pc, #388]	; (10001194 <main+0x234>)
10001010:	f005 fa7c 	bl	1000650c <__wrap_printf>
10001014:	4b60      	ldr	r3, [pc, #384]	; (10001198 <main+0x238>)
10001016:	6023      	str	r3, [r4, #0]
10001018:	2300      	movs	r3, #0
1000101a:	7123      	strb	r3, [r4, #4]
1000101c:	4a5f      	ldr	r2, [pc, #380]	; (1000119c <main+0x23c>)
1000101e:	7013      	strb	r3, [r2, #0]
10001020:	4b5e      	ldr	r3, [pc, #376]	; (1000119c <main+0x23c>)
10001022:	781b      	ldrb	r3, [r3, #0]
10001024:	2b00      	cmp	r3, #0
10001026:	d152      	bne.n	100010ce <main+0x16e>
10001028:	4c56      	ldr	r4, [pc, #344]	; (10001184 <main+0x224>)
1000102a:	4b5d      	ldr	r3, [pc, #372]	; (100011a0 <main+0x240>)
1000102c:	6023      	str	r3, [r4, #0]
1000102e:	4b5d      	ldr	r3, [pc, #372]	; (100011a4 <main+0x244>)
10001030:	6063      	str	r3, [r4, #4]
10001032:	4b5d      	ldr	r3, [pc, #372]	; (100011a8 <main+0x248>)
10001034:	60a3      	str	r3, [r4, #8]
10001036:	4b5d      	ldr	r3, [pc, #372]	; (100011ac <main+0x24c>)
10001038:	60e3      	str	r3, [r4, #12]
1000103a:	485d      	ldr	r0, [pc, #372]	; (100011b0 <main+0x250>)
1000103c:	f005 fa66 	bl	1000650c <__wrap_printf>
10001040:	2104      	movs	r1, #4
10001042:	0020      	movs	r0, r4
10001044:	f7ff fa9e 	bl	10000584 <send_to_lcd>
10001048:	4b5a      	ldr	r3, [pc, #360]	; (100011b4 <main+0x254>)
1000104a:	6023      	str	r3, [r4, #0]
1000104c:	4b5a      	ldr	r3, [pc, #360]	; (100011b8 <main+0x258>)
1000104e:	6063      	str	r3, [r4, #4]
10001050:	2102      	movs	r1, #2
10001052:	0020      	movs	r0, r4
10001054:	f7ff fa96 	bl	10000584 <send_to_lcd>
10001058:	f7ff fa38 	bl	100004cc <admin_card_authentication>
1000105c:	4857      	ldr	r0, [pc, #348]	; (100011bc <main+0x25c>)
1000105e:	f005 fa55 	bl	1000650c <__wrap_printf>
10001062:	4b57      	ldr	r3, [pc, #348]	; (100011c0 <main+0x260>)
10001064:	6023      	str	r3, [r4, #0]
10001066:	4b57      	ldr	r3, [pc, #348]	; (100011c4 <main+0x264>)
10001068:	6063      	str	r3, [r4, #4]
1000106a:	2102      	movs	r1, #2
1000106c:	0020      	movs	r0, r4
1000106e:	f7ff fa89 	bl	10000584 <send_to_lcd>
10001072:	f7ff fa83 	bl	1000057c <get_password>
10001076:	0001      	movs	r1, r0
10001078:	4b53      	ldr	r3, [pc, #332]	; (100011c8 <main+0x268>)
1000107a:	6018      	str	r0, [r3, #0]
1000107c:	4853      	ldr	r0, [pc, #332]	; (100011cc <main+0x26c>)
1000107e:	f005 fa45 	bl	1000650c <__wrap_printf>
10001082:	4953      	ldr	r1, [pc, #332]	; (100011d0 <main+0x270>)
10001084:	2001      	movs	r0, #1
10001086:	f001 fa7b 	bl	10002580 <pico_keypad_irq_enable>
1000108a:	2400      	movs	r4, #0
1000108c:	483c      	ldr	r0, [pc, #240]	; (10001180 <main+0x220>)
1000108e:	f7ff faa0 	bl	100005d2 <is_fully_set>
10001092:	2800      	cmp	r0, #0
10001094:	d1a7      	bne.n	10000fe6 <main+0x86>
10001096:	4b4f      	ldr	r3, [pc, #316]	; (100011d4 <main+0x274>)
10001098:	781b      	ldrb	r3, [r3, #0]
1000109a:	2b00      	cmp	r3, #0
1000109c:	d0f6      	beq.n	1000108c <main+0x12c>
1000109e:	4b4e      	ldr	r3, [pc, #312]	; (100011d8 <main+0x278>)
100010a0:	781a      	ldrb	r2, [r3, #0]
100010a2:	4b37      	ldr	r3, [pc, #220]	; (10001180 <main+0x220>)
100010a4:	551a      	strb	r2, [r3, r4]
100010a6:	3401      	adds	r4, #1
100010a8:	4b4a      	ldr	r3, [pc, #296]	; (100011d4 <main+0x274>)
100010aa:	2200      	movs	r2, #0
100010ac:	701a      	strb	r2, [r3, #0]
100010ae:	e7ed      	b.n	1000108c <main+0x12c>
100010b0:	4b33      	ldr	r3, [pc, #204]	; (10001180 <main+0x220>)
100010b2:	789b      	ldrb	r3, [r3, #2]
100010b4:	2b30      	cmp	r3, #48	; 0x30
100010b6:	d19e      	bne.n	10000ff6 <main+0x96>
100010b8:	4b31      	ldr	r3, [pc, #196]	; (10001180 <main+0x220>)
100010ba:	78db      	ldrb	r3, [r3, #3]
100010bc:	2b31      	cmp	r3, #49	; 0x31
100010be:	d19a      	bne.n	10000ff6 <main+0x96>
100010c0:	4846      	ldr	r0, [pc, #280]	; (100011dc <main+0x27c>)
100010c2:	f005 fa23 	bl	1000650c <__wrap_printf>
100010c6:	4b35      	ldr	r3, [pc, #212]	; (1000119c <main+0x23c>)
100010c8:	2201      	movs	r2, #1
100010ca:	701a      	strb	r2, [r3, #0]
100010cc:	e7a8      	b.n	10001020 <main+0xc0>
100010ce:	4c2d      	ldr	r4, [pc, #180]	; (10001184 <main+0x224>)
100010d0:	4b43      	ldr	r3, [pc, #268]	; (100011e0 <main+0x280>)
100010d2:	6023      	str	r3, [r4, #0]
100010d4:	4b43      	ldr	r3, [pc, #268]	; (100011e4 <main+0x284>)
100010d6:	6063      	str	r3, [r4, #4]
100010d8:	2102      	movs	r1, #2
100010da:	0020      	movs	r0, r4
100010dc:	f7ff fa52 	bl	10000584 <send_to_lcd>
100010e0:	4841      	ldr	r0, [pc, #260]	; (100011e8 <main+0x288>)
100010e2:	f005 f9e3 	bl	100064ac <__wrap_puts>
100010e6:	200a      	movs	r0, #10
100010e8:	f005 f9ac 	bl	10006444 <__wrap_putchar>
100010ec:	4938      	ldr	r1, [pc, #224]	; (100011d0 <main+0x270>)
100010ee:	2000      	movs	r0, #0
100010f0:	f001 fa46 	bl	10002580 <pico_keypad_irq_enable>
100010f4:	4b3d      	ldr	r3, [pc, #244]	; (100011ec <main+0x28c>)
100010f6:	6023      	str	r3, [r4, #0]
100010f8:	4b3d      	ldr	r3, [pc, #244]	; (100011f0 <main+0x290>)
100010fa:	6063      	str	r3, [r4, #4]
100010fc:	4b3d      	ldr	r3, [pc, #244]	; (100011f4 <main+0x294>)
100010fe:	60a3      	str	r3, [r4, #8]
10001100:	4b3d      	ldr	r3, [pc, #244]	; (100011f8 <main+0x298>)
10001102:	60e3      	str	r3, [r4, #12]
10001104:	2104      	movs	r1, #4
10001106:	0020      	movs	r0, r4
10001108:	f7ff fa3c 	bl	10000584 <send_to_lcd>
1000110c:	f7ff fa6e 	bl	100005ec <readMaxProductsFromSector2Block2>
10001110:	483a      	ldr	r0, [pc, #232]	; (100011fc <main+0x29c>)
10001112:	f005 f9cb 	bl	100064ac <__wrap_puts>
10001116:	4b3a      	ldr	r3, [pc, #232]	; (10001200 <main+0x2a0>)
10001118:	6819      	ldr	r1, [r3, #0]
1000111a:	483a      	ldr	r0, [pc, #232]	; (10001204 <main+0x2a4>)
1000111c:	f005 f9f6 	bl	1000650c <__wrap_printf>
10001120:	4b39      	ldr	r3, [pc, #228]	; (10001208 <main+0x2a8>)
10001122:	6819      	ldr	r1, [r3, #0]
10001124:	4839      	ldr	r0, [pc, #228]	; (1000120c <main+0x2ac>)
10001126:	f005 f9f1 	bl	1000650c <__wrap_printf>
1000112a:	4b39      	ldr	r3, [pc, #228]	; (10001210 <main+0x2b0>)
1000112c:	6819      	ldr	r1, [r3, #0]
1000112e:	4839      	ldr	r0, [pc, #228]	; (10001214 <main+0x2b4>)
10001130:	f005 f9ec 	bl	1000650c <__wrap_printf>
10001134:	4b38      	ldr	r3, [pc, #224]	; (10001218 <main+0x2b8>)
10001136:	6819      	ldr	r1, [r3, #0]
10001138:	4838      	ldr	r0, [pc, #224]	; (1000121c <main+0x2bc>)
1000113a:	f005 f9e7 	bl	1000650c <__wrap_printf>
1000113e:	4b38      	ldr	r3, [pc, #224]	; (10001220 <main+0x2c0>)
10001140:	6819      	ldr	r1, [r3, #0]
10001142:	4838      	ldr	r0, [pc, #224]	; (10001224 <main+0x2c4>)
10001144:	f005 f9e2 	bl	1000650c <__wrap_printf>
10001148:	200a      	movs	r0, #10
1000114a:	f005 f97b 	bl	10006444 <__wrap_putchar>
1000114e:	f7ff fcf9 	bl	10000b44 <send_capacity_to_lcd>
10001152:	4c35      	ldr	r4, [pc, #212]	; (10001228 <main+0x2c8>)
10001154:	6820      	ldr	r0, [r4, #0]
10001156:	f000 f9ab 	bl	100014b0 <PCD_Reset>
1000115a:	6820      	ldr	r0, [r4, #0]
1000115c:	4933      	ldr	r1, [pc, #204]	; (1000122c <main+0x2cc>)
1000115e:	f000 f9c9 	bl	100014f4 <PCD_Init>
10001162:	f7ff fe09 	bl	10000d78 <readProductInfoFromSector4Block2>
10001166:	46c0      	nop			; (mov r8, r8)
10001168:	20000da8 	.word	0x20000da8
1000116c:	20000ddc 	.word	0x20000ddc
10001170:	20000d98 	.word	0x20000d98
10001174:	10000b31 	.word	0x10000b31
10001178:	000186a0 	.word	0x000186a0
1000117c:	20000ed0 	.word	0x20000ed0
10001180:	20000dec 	.word	0x20000dec
10001184:	20000dcc 	.word	0x20000dcc
10001188:	100096b8 	.word	0x100096b8
1000118c:	100096c8 	.word	0x100096c8
10001190:	100096dc 	.word	0x100096dc
10001194:	100096e0 	.word	0x100096e0
10001198:	2a2a2a2a 	.word	0x2a2a2a2a
1000119c:	20001d35 	.word	0x20001d35
100011a0:	100095e8 	.word	0x100095e8
100011a4:	100095f8 	.word	0x100095f8
100011a8:	10009600 	.word	0x10009600
100011ac:	10009430 	.word	0x10009430
100011b0:	10009610 	.word	0x10009610
100011b4:	10009638 	.word	0x10009638
100011b8:	10009648 	.word	0x10009648
100011bc:	1000965c 	.word	0x1000965c
100011c0:	10009678 	.word	0x10009678
100011c4:	10009684 	.word	0x10009684
100011c8:	20001ab4 	.word	0x20001ab4
100011cc:	10009694 	.word	0x10009694
100011d0:	10000305 	.word	0x10000305
100011d4:	20001d33 	.word	0x20001d33
100011d8:	20001d34 	.word	0x20001d34
100011dc:	100096a8 	.word	0x100096a8
100011e0:	100096f4 	.word	0x100096f4
100011e4:	10009708 	.word	0x10009708
100011e8:	10009714 	.word	0x10009714
100011ec:	1000973c 	.word	0x1000973c
100011f0:	10009748 	.word	0x10009748
100011f4:	10009754 	.word	0x10009754
100011f8:	10009760 	.word	0x10009760
100011fc:	10009770 	.word	0x10009770
10001200:	20000db8 	.word	0x20000db8
10001204:	10009788 	.word	0x10009788
10001208:	20000dbc 	.word	0x20000dbc
1000120c:	10009794 	.word	0x10009794
10001210:	20000dc0 	.word	0x20000dc0
10001214:	100097a0 	.word	0x100097a0
10001218:	20000dc4 	.word	0x20000dc4
1000121c:	100097ac 	.word	0x100097ac
10001220:	20000dc8 	.word	0x20000dc8
10001224:	100097b8 	.word	0x100097b8
10001228:	20001a74 	.word	0x20001a74
1000122c:	4003c000 	.word	0x4003c000

10001230 <MFRC522_Init>:
10001230:	b530      	push	{r4, r5, lr}
10001232:	2300      	movs	r3, #0
10001234:	2b00      	cmp	r3, #0
10001236:	d00e      	beq.n	10001256 <MFRC522_Init+0x26>
10001238:	4c0e      	ldr	r4, [pc, #56]	; (10001274 <MFRC522_Init+0x44>)
1000123a:	6822      	ldr	r2, [r4, #0]
1000123c:	480e      	ldr	r0, [pc, #56]	; (10001278 <MFRC522_Init+0x48>)
1000123e:	0053      	lsls	r3, r2, #1
10001240:	189d      	adds	r5, r3, r2
10001242:	00e9      	lsls	r1, r5, #3
10001244:	1841      	adds	r1, r0, r1
10001246:	2511      	movs	r5, #17
10001248:	610d      	str	r5, [r1, #16]
1000124a:	1c51      	adds	r1, r2, #1
1000124c:	6021      	str	r1, [r4, #0]
1000124e:	189b      	adds	r3, r3, r2
10001250:	00da      	lsls	r2, r3, #3
10001252:	1880      	adds	r0, r0, r2
10001254:	bd30      	pop	{r4, r5, pc}
10001256:	4a07      	ldr	r2, [pc, #28]	; (10001274 <MFRC522_Init+0x44>)
10001258:	6814      	ldr	r4, [r2, #0]
1000125a:	4a07      	ldr	r2, [pc, #28]	; (10001278 <MFRC522_Init+0x48>)
1000125c:	0060      	lsls	r0, r4, #1
1000125e:	1905      	adds	r5, r0, r4
10001260:	00e9      	lsls	r1, r5, #3
10001262:	1851      	adds	r1, r2, r1
10001264:	18c9      	adds	r1, r1, r3
10001266:	2500      	movs	r5, #0
10001268:	754d      	strb	r5, [r1, #21]
1000126a:	750d      	strb	r5, [r1, #20]
1000126c:	3301      	adds	r3, #1
1000126e:	b29b      	uxth	r3, r3
10001270:	e7e0      	b.n	10001234 <MFRC522_Init+0x4>
10001272:	46c0      	nop			; (mov r8, r8)
10001274:	20001024 	.word	0x20001024
10001278:	20001a78 	.word	0x20001a78

1000127c <PCD_WriteRegister>:
1000127c:	b570      	push	{r4, r5, r6, lr}
1000127e:	b082      	sub	sp, #8
10001280:	0004      	movs	r4, r0
10001282:	466b      	mov	r3, sp
10001284:	7119      	strb	r1, [r3, #4]
10001286:	715a      	strb	r2, [r3, #5]
10001288:	6903      	ldr	r3, [r0, #16]
1000128a:	46c0      	nop			; (mov r8, r8)
1000128c:	46c0      	nop			; (mov r8, r8)
1000128e:	46c0      	nop			; (mov r8, r8)
10001290:	2501      	movs	r5, #1
10001292:	002a      	movs	r2, r5
10001294:	409a      	lsls	r2, r3
10001296:	26d0      	movs	r6, #208	; 0xd0
10001298:	0636      	lsls	r6, r6, #24
1000129a:	61b2      	str	r2, [r6, #24]
1000129c:	46c0      	nop			; (mov r8, r8)
1000129e:	46c0      	nop			; (mov r8, r8)
100012a0:	46c0      	nop			; (mov r8, r8)
100012a2:	2202      	movs	r2, #2
100012a4:	a901      	add	r1, sp, #4
100012a6:	68c0      	ldr	r0, [r0, #12]
100012a8:	f007 feda 	bl	10009060 <__spi_write_blocking_veneer>
100012ac:	6923      	ldr	r3, [r4, #16]
100012ae:	46c0      	nop			; (mov r8, r8)
100012b0:	46c0      	nop			; (mov r8, r8)
100012b2:	46c0      	nop			; (mov r8, r8)
100012b4:	409d      	lsls	r5, r3
100012b6:	6175      	str	r5, [r6, #20]
100012b8:	46c0      	nop			; (mov r8, r8)
100012ba:	46c0      	nop			; (mov r8, r8)
100012bc:	46c0      	nop			; (mov r8, r8)
100012be:	b002      	add	sp, #8
100012c0:	bd70      	pop	{r4, r5, r6, pc}

100012c2 <PCD_WriteNRegister>:
100012c2:	b5f0      	push	{r4, r5, r6, r7, lr}
100012c4:	46c6      	mov	lr, r8
100012c6:	b500      	push	{lr}
100012c8:	af00      	add	r7, sp, #0
100012ca:	4680      	mov	r8, r0
100012cc:	000c      	movs	r4, r1
100012ce:	0016      	movs	r6, r2
100012d0:	3201      	adds	r2, #1
100012d2:	0030      	movs	r0, r6
100012d4:	3008      	adds	r0, #8
100012d6:	08c0      	lsrs	r0, r0, #3
100012d8:	00c0      	lsls	r0, r0, #3
100012da:	4669      	mov	r1, sp
100012dc:	1a09      	subs	r1, r1, r0
100012de:	468d      	mov	sp, r1
100012e0:	700c      	strb	r4, [r1, #0]
100012e2:	2400      	movs	r4, #0
100012e4:	e003      	b.n	100012ee <PCD_WriteNRegister+0x2c>
100012e6:	1c65      	adds	r5, r4, #1
100012e8:	5d1c      	ldrb	r4, [r3, r4]
100012ea:	554c      	strb	r4, [r1, r5]
100012ec:	b2ec      	uxtb	r4, r5
100012ee:	42b4      	cmp	r4, r6
100012f0:	d3f9      	bcc.n	100012e6 <PCD_WriteNRegister+0x24>
100012f2:	4643      	mov	r3, r8
100012f4:	691b      	ldr	r3, [r3, #16]
100012f6:	46c0      	nop			; (mov r8, r8)
100012f8:	46c0      	nop			; (mov r8, r8)
100012fa:	46c0      	nop			; (mov r8, r8)
100012fc:	2401      	movs	r4, #1
100012fe:	0020      	movs	r0, r4
10001300:	4098      	lsls	r0, r3
10001302:	25d0      	movs	r5, #208	; 0xd0
10001304:	062d      	lsls	r5, r5, #24
10001306:	61a8      	str	r0, [r5, #24]
10001308:	46c0      	nop			; (mov r8, r8)
1000130a:	46c0      	nop			; (mov r8, r8)
1000130c:	46c0      	nop			; (mov r8, r8)
1000130e:	4643      	mov	r3, r8
10001310:	68d8      	ldr	r0, [r3, #12]
10001312:	f007 fea5 	bl	10009060 <__spi_write_blocking_veneer>
10001316:	4643      	mov	r3, r8
10001318:	691b      	ldr	r3, [r3, #16]
1000131a:	46c0      	nop			; (mov r8, r8)
1000131c:	46c0      	nop			; (mov r8, r8)
1000131e:	46c0      	nop			; (mov r8, r8)
10001320:	409c      	lsls	r4, r3
10001322:	616c      	str	r4, [r5, #20]
10001324:	46c0      	nop			; (mov r8, r8)
10001326:	46c0      	nop			; (mov r8, r8)
10001328:	46c0      	nop			; (mov r8, r8)
1000132a:	46bd      	mov	sp, r7
1000132c:	bc80      	pop	{r7}
1000132e:	46b8      	mov	r8, r7
10001330:	bdf0      	pop	{r4, r5, r6, r7, pc}

10001332 <PCD_ReadRegister>:
10001332:	b570      	push	{r4, r5, r6, lr}
10001334:	b082      	sub	sp, #8
10001336:	0004      	movs	r4, r0
10001338:	2300      	movs	r3, #0
1000133a:	466a      	mov	r2, sp
1000133c:	71d3      	strb	r3, [r2, #7]
1000133e:	1d90      	adds	r0, r2, #6
10001340:	2380      	movs	r3, #128	; 0x80
10001342:	425b      	negs	r3, r3
10001344:	430b      	orrs	r3, r1
10001346:	7003      	strb	r3, [r0, #0]
10001348:	6923      	ldr	r3, [r4, #16]
1000134a:	46c0      	nop			; (mov r8, r8)
1000134c:	46c0      	nop			; (mov r8, r8)
1000134e:	46c0      	nop			; (mov r8, r8)
10001350:	2501      	movs	r5, #1
10001352:	002a      	movs	r2, r5
10001354:	409a      	lsls	r2, r3
10001356:	26d0      	movs	r6, #208	; 0xd0
10001358:	0636      	lsls	r6, r6, #24
1000135a:	61b2      	str	r2, [r6, #24]
1000135c:	46c0      	nop			; (mov r8, r8)
1000135e:	46c0      	nop			; (mov r8, r8)
10001360:	46c0      	nop			; (mov r8, r8)
10001362:	2201      	movs	r2, #1
10001364:	0001      	movs	r1, r0
10001366:	68e0      	ldr	r0, [r4, #12]
10001368:	f007 fe7a 	bl	10009060 <__spi_write_blocking_veneer>
1000136c:	2301      	movs	r3, #1
1000136e:	466a      	mov	r2, sp
10001370:	3207      	adds	r2, #7
10001372:	2100      	movs	r1, #0
10001374:	68e0      	ldr	r0, [r4, #12]
10001376:	f007 fe2b 	bl	10008fd0 <__spi_read_blocking_veneer>
1000137a:	6923      	ldr	r3, [r4, #16]
1000137c:	46c0      	nop			; (mov r8, r8)
1000137e:	46c0      	nop			; (mov r8, r8)
10001380:	46c0      	nop			; (mov r8, r8)
10001382:	409d      	lsls	r5, r3
10001384:	6175      	str	r5, [r6, #20]
10001386:	46c0      	nop			; (mov r8, r8)
10001388:	46c0      	nop			; (mov r8, r8)
1000138a:	46c0      	nop			; (mov r8, r8)
1000138c:	466b      	mov	r3, sp
1000138e:	79d8      	ldrb	r0, [r3, #7]
10001390:	b002      	add	sp, #8
10001392:	bd70      	pop	{r4, r5, r6, pc}

10001394 <PCD_ReadNRegister>:
10001394:	b5f8      	push	{r3, r4, r5, r6, r7, lr}
10001396:	46ce      	mov	lr, r9
10001398:	4647      	mov	r7, r8
1000139a:	b580      	push	{r7, lr}
1000139c:	0006      	movs	r6, r0
1000139e:	4690      	mov	r8, r2
100013a0:	4699      	mov	r9, r3
100013a2:	2780      	movs	r7, #128	; 0x80
100013a4:	427f      	negs	r7, r7
100013a6:	430f      	orrs	r7, r1
100013a8:	b2ff      	uxtb	r7, r7
100013aa:	6902      	ldr	r2, [r0, #16]
100013ac:	46c0      	nop			; (mov r8, r8)
100013ae:	46c0      	nop			; (mov r8, r8)
100013b0:	46c0      	nop			; (mov r8, r8)
100013b2:	2301      	movs	r3, #1
100013b4:	4093      	lsls	r3, r2
100013b6:	22d0      	movs	r2, #208	; 0xd0
100013b8:	0612      	lsls	r2, r2, #24
100013ba:	6193      	str	r3, [r2, #24]
100013bc:	46c0      	nop			; (mov r8, r8)
100013be:	46c0      	nop			; (mov r8, r8)
100013c0:	46c0      	nop			; (mov r8, r8)
100013c2:	2400      	movs	r4, #0
100013c4:	e008      	b.n	100013d8 <PCD_ReadNRegister+0x44>
100013c6:	464b      	mov	r3, r9
100013c8:	191d      	adds	r5, r3, r4
100013ca:	0039      	movs	r1, r7
100013cc:	0030      	movs	r0, r6
100013ce:	f7ff ffb0 	bl	10001332 <PCD_ReadRegister>
100013d2:	7028      	strb	r0, [r5, #0]
100013d4:	3401      	adds	r4, #1
100013d6:	b2e4      	uxtb	r4, r4
100013d8:	4544      	cmp	r4, r8
100013da:	d3f4      	bcc.n	100013c6 <PCD_ReadNRegister+0x32>
100013dc:	6932      	ldr	r2, [r6, #16]
100013de:	46c0      	nop			; (mov r8, r8)
100013e0:	46c0      	nop			; (mov r8, r8)
100013e2:	46c0      	nop			; (mov r8, r8)
100013e4:	2301      	movs	r3, #1
100013e6:	4093      	lsls	r3, r2
100013e8:	22d0      	movs	r2, #208	; 0xd0
100013ea:	0612      	lsls	r2, r2, #24
100013ec:	6153      	str	r3, [r2, #20]
100013ee:	46c0      	nop			; (mov r8, r8)
100013f0:	46c0      	nop			; (mov r8, r8)
100013f2:	46c0      	nop			; (mov r8, r8)
100013f4:	bcc0      	pop	{r6, r7}
100013f6:	46b9      	mov	r9, r7
100013f8:	46b0      	mov	r8, r6
100013fa:	bdf8      	pop	{r3, r4, r5, r6, r7, pc}

100013fc <PCD_SetRegisterBitMask>:
100013fc:	b570      	push	{r4, r5, r6, lr}
100013fe:	0004      	movs	r4, r0
10001400:	000d      	movs	r5, r1
10001402:	0016      	movs	r6, r2
10001404:	f7ff ff95 	bl	10001332 <PCD_ReadRegister>
10001408:	0002      	movs	r2, r0
1000140a:	4332      	orrs	r2, r6
1000140c:	b2d2      	uxtb	r2, r2
1000140e:	0029      	movs	r1, r5
10001410:	0020      	movs	r0, r4
10001412:	f7ff ff33 	bl	1000127c <PCD_WriteRegister>
10001416:	bd70      	pop	{r4, r5, r6, pc}

10001418 <PCD_ClearRegisterBitMask>:
10001418:	b570      	push	{r4, r5, r6, lr}
1000141a:	0004      	movs	r4, r0
1000141c:	000d      	movs	r5, r1
1000141e:	0016      	movs	r6, r2
10001420:	f7ff ff87 	bl	10001332 <PCD_ReadRegister>
10001424:	43b0      	bics	r0, r6
10001426:	b2c2      	uxtb	r2, r0
10001428:	0029      	movs	r1, r5
1000142a:	0020      	movs	r0, r4
1000142c:	f7ff ff26 	bl	1000127c <PCD_WriteRegister>
10001430:	bd70      	pop	{r4, r5, r6, pc}
	...

10001434 <PCD_CalculateCRC>:
10001434:	b5f8      	push	{r3, r4, r5, r6, r7, lr}
10001436:	0005      	movs	r5, r0
10001438:	000f      	movs	r7, r1
1000143a:	0014      	movs	r4, r2
1000143c:	001e      	movs	r6, r3
1000143e:	2200      	movs	r2, #0
10001440:	2102      	movs	r1, #2
10001442:	f7ff ff1b 	bl	1000127c <PCD_WriteRegister>
10001446:	2204      	movs	r2, #4
10001448:	210a      	movs	r1, #10
1000144a:	0028      	movs	r0, r5
1000144c:	f7ff ff16 	bl	1000127c <PCD_WriteRegister>
10001450:	2280      	movs	r2, #128	; 0x80
10001452:	2114      	movs	r1, #20
10001454:	0028      	movs	r0, r5
10001456:	f7ff ffd1 	bl	100013fc <PCD_SetRegisterBitMask>
1000145a:	003b      	movs	r3, r7
1000145c:	0022      	movs	r2, r4
1000145e:	2112      	movs	r1, #18
10001460:	0028      	movs	r0, r5
10001462:	f7ff ff2e 	bl	100012c2 <PCD_WriteNRegister>
10001466:	2203      	movs	r2, #3
10001468:	2102      	movs	r1, #2
1000146a:	0028      	movs	r0, r5
1000146c:	f7ff ff06 	bl	1000127c <PCD_WriteRegister>
10001470:	4c0e      	ldr	r4, [pc, #56]	; (100014ac <PCD_CalculateCRC+0x78>)
10001472:	210a      	movs	r1, #10
10001474:	0028      	movs	r0, r5
10001476:	f7ff ff5c 	bl	10001332 <PCD_ReadRegister>
1000147a:	0743      	lsls	r3, r0, #29
1000147c:	d405      	bmi.n	1000148a <PCD_CalculateCRC+0x56>
1000147e:	3c01      	subs	r4, #1
10001480:	b2a4      	uxth	r4, r4
10001482:	2c00      	cmp	r4, #0
10001484:	d1f5      	bne.n	10001472 <PCD_CalculateCRC+0x3e>
10001486:	2003      	movs	r0, #3
10001488:	e00f      	b.n	100014aa <PCD_CalculateCRC+0x76>
1000148a:	2200      	movs	r2, #0
1000148c:	2102      	movs	r1, #2
1000148e:	0028      	movs	r0, r5
10001490:	f7ff fef4 	bl	1000127c <PCD_WriteRegister>
10001494:	2144      	movs	r1, #68	; 0x44
10001496:	0028      	movs	r0, r5
10001498:	f7ff ff4b 	bl	10001332 <PCD_ReadRegister>
1000149c:	7030      	strb	r0, [r6, #0]
1000149e:	2142      	movs	r1, #66	; 0x42
100014a0:	0028      	movs	r0, r5
100014a2:	f7ff ff46 	bl	10001332 <PCD_ReadRegister>
100014a6:	7070      	strb	r0, [r6, #1]
100014a8:	2000      	movs	r0, #0
100014aa:	bdf8      	pop	{r3, r4, r5, r6, r7, pc}
100014ac:	00001388 	.word	0x00001388

100014b0 <PCD_Reset>:
100014b0:	b510      	push	{r4, lr}
100014b2:	0004      	movs	r4, r0
100014b4:	220f      	movs	r2, #15
100014b6:	2102      	movs	r1, #2
100014b8:	f7ff fee0 	bl	1000127c <PCD_WriteRegister>
100014bc:	2032      	movs	r0, #50	; 0x32
100014be:	f002 fad7 	bl	10003a70 <sleep_ms>
100014c2:	2102      	movs	r1, #2
100014c4:	0020      	movs	r0, r4
100014c6:	f7ff ff34 	bl	10001332 <PCD_ReadRegister>
100014ca:	06c3      	lsls	r3, r0, #27
100014cc:	d4f9      	bmi.n	100014c2 <PCD_Reset+0x12>
100014ce:	bd10      	pop	{r4, pc}

100014d0 <PCD_AntennaOn>:
100014d0:	b510      	push	{r4, lr}
100014d2:	0004      	movs	r4, r0
100014d4:	2128      	movs	r1, #40	; 0x28
100014d6:	f7ff ff2c 	bl	10001332 <PCD_ReadRegister>
100014da:	2303      	movs	r3, #3
100014dc:	4003      	ands	r3, r0
100014de:	2b03      	cmp	r3, #3
100014e0:	d100      	bne.n	100014e4 <PCD_AntennaOn+0x14>
100014e2:	bd10      	pop	{r4, pc}
100014e4:	2203      	movs	r2, #3
100014e6:	4302      	orrs	r2, r0
100014e8:	b2d2      	uxtb	r2, r2
100014ea:	2128      	movs	r1, #40	; 0x28
100014ec:	0020      	movs	r0, r4
100014ee:	f7ff fec5 	bl	1000127c <PCD_WriteRegister>
100014f2:	e7f6      	b.n	100014e2 <PCD_AntennaOn+0x12>

100014f4 <PCD_Init>:
100014f4:	b5f8      	push	{r3, r4, r5, r6, r7, lr}
100014f6:	0004      	movs	r4, r0
100014f8:	4d30      	ldr	r5, [pc, #192]	; (100015bc <PCD_Init+0xc8>)
100014fa:	60c5      	str	r5, [r0, #12]
100014fc:	26d0      	movs	r6, #208	; 0xd0
100014fe:	0636      	lsls	r6, r6, #24
10001500:	2780      	movs	r7, #128	; 0x80
10001502:	037f      	lsls	r7, r7, #13
10001504:	61b7      	str	r7, [r6, #24]
10001506:	20fa      	movs	r0, #250	; 0xfa
10001508:	0080      	lsls	r0, r0, #2
1000150a:	f002 fab1 	bl	10003a70 <sleep_ms>
1000150e:	6177      	str	r7, [r6, #20]
10001510:	2032      	movs	r0, #50	; 0x32
10001512:	f002 faad 	bl	10003a70 <sleep_ms>
10001516:	2011      	movs	r0, #17
10001518:	f001 f932 	bl	10002780 <gpio_init>
1000151c:	2380      	movs	r3, #128	; 0x80
1000151e:	029b      	lsls	r3, r3, #10
10001520:	6273      	str	r3, [r6, #36]	; 0x24
10001522:	6173      	str	r3, [r6, #20]
10001524:	4926      	ldr	r1, [pc, #152]	; (100015c0 <PCD_Init+0xcc>)
10001526:	0028      	movs	r0, r5
10001528:	f007 fcb4 	bl	10008e94 <spi_init>
1000152c:	686a      	ldr	r2, [r5, #4]
1000152e:	2302      	movs	r3, #2
10001530:	401a      	ands	r2, r3
10001532:	4e24      	ldr	r6, [pc, #144]	; (100015c4 <PCD_Init+0xd0>)
10001534:	21c0      	movs	r1, #192	; 0xc0
10001536:	0189      	lsls	r1, r1, #6
10001538:	4331      	orrs	r1, r6
1000153a:	600b      	str	r3, [r1, #0]
1000153c:	6828      	ldr	r0, [r5, #0]
1000153e:	2107      	movs	r1, #7
10001540:	4041      	eors	r1, r0
10001542:	20cf      	movs	r0, #207	; 0xcf
10001544:	4008      	ands	r0, r1
10001546:	2180      	movs	r1, #128	; 0x80
10001548:	0149      	lsls	r1, r1, #5
1000154a:	430d      	orrs	r5, r1
1000154c:	6028      	str	r0, [r5, #0]
1000154e:	2380      	movs	r3, #128	; 0x80
10001550:	019b      	lsls	r3, r3, #6
10001552:	4333      	orrs	r3, r6
10001554:	601a      	str	r2, [r3, #0]
10001556:	2101      	movs	r1, #1
10001558:	2012      	movs	r0, #18
1000155a:	f001 f829 	bl	100025b0 <gpio_set_function>
1000155e:	2101      	movs	r1, #1
10001560:	2013      	movs	r0, #19
10001562:	f001 f825 	bl	100025b0 <gpio_set_function>
10001566:	2101      	movs	r1, #1
10001568:	2010      	movs	r0, #16
1000156a:	f001 f821 	bl	100025b0 <gpio_set_function>
1000156e:	220f      	movs	r2, #15
10001570:	2102      	movs	r1, #2
10001572:	0020      	movs	r0, r4
10001574:	f7ff fe82 	bl	1000127c <PCD_WriteRegister>
10001578:	2280      	movs	r2, #128	; 0x80
1000157a:	2154      	movs	r1, #84	; 0x54
1000157c:	0020      	movs	r0, r4
1000157e:	f7ff fe7d 	bl	1000127c <PCD_WriteRegister>
10001582:	22a9      	movs	r2, #169	; 0xa9
10001584:	2156      	movs	r1, #86	; 0x56
10001586:	0020      	movs	r0, r4
10001588:	f7ff fe78 	bl	1000127c <PCD_WriteRegister>
1000158c:	2203      	movs	r2, #3
1000158e:	2158      	movs	r1, #88	; 0x58
10001590:	0020      	movs	r0, r4
10001592:	f7ff fe73 	bl	1000127c <PCD_WriteRegister>
10001596:	22e8      	movs	r2, #232	; 0xe8
10001598:	215a      	movs	r1, #90	; 0x5a
1000159a:	0020      	movs	r0, r4
1000159c:	f7ff fe6e 	bl	1000127c <PCD_WriteRegister>
100015a0:	2240      	movs	r2, #64	; 0x40
100015a2:	212a      	movs	r1, #42	; 0x2a
100015a4:	0020      	movs	r0, r4
100015a6:	f7ff fe69 	bl	1000127c <PCD_WriteRegister>
100015aa:	223d      	movs	r2, #61	; 0x3d
100015ac:	2122      	movs	r1, #34	; 0x22
100015ae:	0020      	movs	r0, r4
100015b0:	f7ff fe64 	bl	1000127c <PCD_WriteRegister>
100015b4:	0020      	movs	r0, r4
100015b6:	f7ff ff8b 	bl	100014d0 <PCD_AntennaOn>
100015ba:	bdf8      	pop	{r3, r4, r5, r6, r7, pc}
100015bc:	4003c000 	.word	0x4003c000
100015c0:	000f4240 	.word	0x000f4240
100015c4:	4003c004 	.word	0x4003c004

100015c8 <PCD_CommunicateWithPICC>:
100015c8:	b5f0      	push	{r4, r5, r6, r7, lr}
100015ca:	46de      	mov	lr, fp
100015cc:	4657      	mov	r7, sl
100015ce:	464e      	mov	r6, r9
100015d0:	4645      	mov	r5, r8
100015d2:	b5e0      	push	{r5, r6, r7, lr}
100015d4:	b087      	sub	sp, #28
100015d6:	0004      	movs	r4, r0
100015d8:	000f      	movs	r7, r1
100015da:	0015      	movs	r5, r2
100015dc:	9303      	str	r3, [sp, #12]
100015de:	ab10      	add	r3, sp, #64	; 0x40
100015e0:	781b      	ldrb	r3, [r3, #0]
100015e2:	469a      	mov	sl, r3
100015e4:	ab14      	add	r3, sp, #80	; 0x50
100015e6:	781b      	ldrb	r3, [r3, #0]
100015e8:	4699      	mov	r9, r3
100015ea:	ab15      	add	r3, sp, #84	; 0x54
100015ec:	781b      	ldrb	r3, [r3, #0]
100015ee:	469b      	mov	fp, r3
100015f0:	2300      	movs	r3, #0
100015f2:	4698      	mov	r8, r3
100015f4:	9b13      	ldr	r3, [sp, #76]	; 0x4c
100015f6:	2b00      	cmp	r3, #0
100015f8:	d035      	beq.n	10001666 <PCD_CommunicateWithPICC+0x9e>
100015fa:	781a      	ldrb	r2, [r3, #0]
100015fc:	464b      	mov	r3, r9
100015fe:	011e      	lsls	r6, r3, #4
10001600:	b2f6      	uxtb	r6, r6
10001602:	18b6      	adds	r6, r6, r2
10001604:	b2f6      	uxtb	r6, r6
10001606:	2200      	movs	r2, #0
10001608:	2102      	movs	r1, #2
1000160a:	0020      	movs	r0, r4
1000160c:	f7ff fe36 	bl	1000127c <PCD_WriteRegister>
10001610:	227f      	movs	r2, #127	; 0x7f
10001612:	2108      	movs	r1, #8
10001614:	0020      	movs	r0, r4
10001616:	f7ff fe31 	bl	1000127c <PCD_WriteRegister>
1000161a:	2280      	movs	r2, #128	; 0x80
1000161c:	2114      	movs	r1, #20
1000161e:	0020      	movs	r0, r4
10001620:	f7ff feec 	bl	100013fc <PCD_SetRegisterBitMask>
10001624:	9b03      	ldr	r3, [sp, #12]
10001626:	4652      	mov	r2, sl
10001628:	2112      	movs	r1, #18
1000162a:	0020      	movs	r0, r4
1000162c:	f7ff fe49 	bl	100012c2 <PCD_WriteNRegister>
10001630:	0032      	movs	r2, r6
10001632:	211a      	movs	r1, #26
10001634:	0020      	movs	r0, r4
10001636:	f7ff fe21 	bl	1000127c <PCD_WriteRegister>
1000163a:	003a      	movs	r2, r7
1000163c:	2102      	movs	r1, #2
1000163e:	0020      	movs	r0, r4
10001640:	f7ff fe1c 	bl	1000127c <PCD_WriteRegister>
10001644:	2f0c      	cmp	r7, #12
10001646:	d010      	beq.n	1000166a <PCD_CommunicateWithPICC+0xa2>
10001648:	26fa      	movs	r6, #250	; 0xfa
1000164a:	00f6      	lsls	r6, r6, #3
1000164c:	2108      	movs	r1, #8
1000164e:	0020      	movs	r0, r4
10001650:	f7ff fe6f 	bl	10001332 <PCD_ReadRegister>
10001654:	4205      	tst	r5, r0
10001656:	d10e      	bne.n	10001676 <PCD_CommunicateWithPICC+0xae>
10001658:	07c3      	lsls	r3, r0, #31
1000165a:	d478      	bmi.n	1000174e <PCD_CommunicateWithPICC+0x186>
1000165c:	3e01      	subs	r6, #1
1000165e:	2e00      	cmp	r6, #0
10001660:	d1f4      	bne.n	1000164c <PCD_CommunicateWithPICC+0x84>
10001662:	2003      	movs	r0, #3
10001664:	e074      	b.n	10001750 <PCD_CommunicateWithPICC+0x188>
10001666:	2200      	movs	r2, #0
10001668:	e7c8      	b.n	100015fc <PCD_CommunicateWithPICC+0x34>
1000166a:	2280      	movs	r2, #128	; 0x80
1000166c:	211a      	movs	r1, #26
1000166e:	0020      	movs	r0, r4
10001670:	f7ff fec4 	bl	100013fc <PCD_SetRegisterBitMask>
10001674:	e7e8      	b.n	10001648 <PCD_CommunicateWithPICC+0x80>
10001676:	210c      	movs	r1, #12
10001678:	0020      	movs	r0, r4
1000167a:	f7ff fe5a 	bl	10001332 <PCD_ReadRegister>
1000167e:	0005      	movs	r5, r0
10001680:	2313      	movs	r3, #19
10001682:	4203      	tst	r3, r0
10001684:	d16b      	bne.n	1000175e <PCD_CommunicateWithPICC+0x196>
10001686:	9b11      	ldr	r3, [sp, #68]	; 0x44
10001688:	2b00      	cmp	r3, #0
1000168a:	d020      	beq.n	100016ce <PCD_CommunicateWithPICC+0x106>
1000168c:	9b12      	ldr	r3, [sp, #72]	; 0x48
1000168e:	2b00      	cmp	r3, #0
10001690:	d01d      	beq.n	100016ce <PCD_CommunicateWithPICC+0x106>
10001692:	2114      	movs	r1, #20
10001694:	0020      	movs	r0, r4
10001696:	f7ff fe4c 	bl	10001332 <PCD_ReadRegister>
1000169a:	0002      	movs	r2, r0
1000169c:	9b12      	ldr	r3, [sp, #72]	; 0x48
1000169e:	781b      	ldrb	r3, [r3, #0]
100016a0:	4283      	cmp	r3, r0
100016a2:	d35e      	bcc.n	10001762 <PCD_CommunicateWithPICC+0x19a>
100016a4:	9b12      	ldr	r3, [sp, #72]	; 0x48
100016a6:	7018      	strb	r0, [r3, #0]
100016a8:	464b      	mov	r3, r9
100016aa:	9300      	str	r3, [sp, #0]
100016ac:	9b11      	ldr	r3, [sp, #68]	; 0x44
100016ae:	2112      	movs	r1, #18
100016b0:	0020      	movs	r0, r4
100016b2:	f7ff fe6f 	bl	10001394 <PCD_ReadNRegister>
100016b6:	2118      	movs	r1, #24
100016b8:	0020      	movs	r0, r4
100016ba:	f7ff fe3a 	bl	10001332 <PCD_ReadRegister>
100016be:	2307      	movs	r3, #7
100016c0:	4003      	ands	r3, r0
100016c2:	4698      	mov	r8, r3
100016c4:	9b13      	ldr	r3, [sp, #76]	; 0x4c
100016c6:	2b00      	cmp	r3, #0
100016c8:	d001      	beq.n	100016ce <PCD_CommunicateWithPICC+0x106>
100016ca:	4642      	mov	r2, r8
100016cc:	701a      	strb	r2, [r3, #0]
100016ce:	2308      	movs	r3, #8
100016d0:	0018      	movs	r0, r3
100016d2:	4028      	ands	r0, r5
100016d4:	422b      	tst	r3, r5
100016d6:	d146      	bne.n	10001766 <PCD_CommunicateWithPICC+0x19e>
100016d8:	9b11      	ldr	r3, [sp, #68]	; 0x44
100016da:	2b00      	cmp	r3, #0
100016dc:	d038      	beq.n	10001750 <PCD_CommunicateWithPICC+0x188>
100016de:	9b12      	ldr	r3, [sp, #72]	; 0x48
100016e0:	2b00      	cmp	r3, #0
100016e2:	d035      	beq.n	10001750 <PCD_CommunicateWithPICC+0x188>
100016e4:	465b      	mov	r3, fp
100016e6:	2b00      	cmp	r3, #0
100016e8:	d032      	beq.n	10001750 <PCD_CommunicateWithPICC+0x188>
100016ea:	9b12      	ldr	r3, [sp, #72]	; 0x48
100016ec:	781b      	ldrb	r3, [r3, #0]
100016ee:	2b01      	cmp	r3, #1
100016f0:	d006      	beq.n	10001700 <PCD_CommunicateWithPICC+0x138>
100016f2:	2b01      	cmp	r3, #1
100016f4:	d927      	bls.n	10001746 <PCD_CommunicateWithPICC+0x17e>
100016f6:	4642      	mov	r2, r8
100016f8:	2a00      	cmp	r2, #0
100016fa:	d006      	beq.n	1000170a <PCD_CommunicateWithPICC+0x142>
100016fc:	2007      	movs	r0, #7
100016fe:	e027      	b.n	10001750 <PCD_CommunicateWithPICC+0x188>
10001700:	4642      	mov	r2, r8
10001702:	2a04      	cmp	r2, #4
10001704:	d1f5      	bne.n	100016f2 <PCD_CommunicateWithPICC+0x12a>
10001706:	20ff      	movs	r0, #255	; 0xff
10001708:	e022      	b.n	10001750 <PCD_CommunicateWithPICC+0x188>
1000170a:	3b02      	subs	r3, #2
1000170c:	b2da      	uxtb	r2, r3
1000170e:	ab05      	add	r3, sp, #20
10001710:	9911      	ldr	r1, [sp, #68]	; 0x44
10001712:	0020      	movs	r0, r4
10001714:	f7ff fe8e 	bl	10001434 <PCD_CalculateCRC>
10001718:	2800      	cmp	r0, #0
1000171a:	d119      	bne.n	10001750 <PCD_CommunicateWithPICC+0x188>
1000171c:	9b12      	ldr	r3, [sp, #72]	; 0x48
1000171e:	781b      	ldrb	r3, [r3, #0]
10001720:	9a11      	ldr	r2, [sp, #68]	; 0x44
10001722:	18d2      	adds	r2, r2, r3
10001724:	3a02      	subs	r2, #2
10001726:	7811      	ldrb	r1, [r2, #0]
10001728:	aa05      	add	r2, sp, #20
1000172a:	7812      	ldrb	r2, [r2, #0]
1000172c:	4291      	cmp	r1, r2
1000172e:	d10c      	bne.n	1000174a <PCD_CommunicateWithPICC+0x182>
10001730:	9a11      	ldr	r2, [sp, #68]	; 0x44
10001732:	4694      	mov	ip, r2
10001734:	4463      	add	r3, ip
10001736:	3b01      	subs	r3, #1
10001738:	781a      	ldrb	r2, [r3, #0]
1000173a:	ab05      	add	r3, sp, #20
1000173c:	785b      	ldrb	r3, [r3, #1]
1000173e:	429a      	cmp	r2, r3
10001740:	d006      	beq.n	10001750 <PCD_CommunicateWithPICC+0x188>
10001742:	2007      	movs	r0, #7
10001744:	e004      	b.n	10001750 <PCD_CommunicateWithPICC+0x188>
10001746:	2007      	movs	r0, #7
10001748:	e002      	b.n	10001750 <PCD_CommunicateWithPICC+0x188>
1000174a:	2007      	movs	r0, #7
1000174c:	e000      	b.n	10001750 <PCD_CommunicateWithPICC+0x188>
1000174e:	2003      	movs	r0, #3
10001750:	b007      	add	sp, #28
10001752:	bcf0      	pop	{r4, r5, r6, r7}
10001754:	46bb      	mov	fp, r7
10001756:	46b2      	mov	sl, r6
10001758:	46a9      	mov	r9, r5
1000175a:	46a0      	mov	r8, r4
1000175c:	bdf0      	pop	{r4, r5, r6, r7, pc}
1000175e:	2001      	movs	r0, #1
10001760:	e7f6      	b.n	10001750 <PCD_CommunicateWithPICC+0x188>
10001762:	2004      	movs	r0, #4
10001764:	e7f4      	b.n	10001750 <PCD_CommunicateWithPICC+0x188>
10001766:	2002      	movs	r0, #2
10001768:	e7f2      	b.n	10001750 <PCD_CommunicateWithPICC+0x188>

1000176a <PCD_TransceiveData>:
1000176a:	b530      	push	{r4, r5, lr}
1000176c:	b087      	sub	sp, #28
1000176e:	ac0c      	add	r4, sp, #48	; 0x30
10001770:	7824      	ldrb	r4, [r4, #0]
10001772:	ad0d      	add	r5, sp, #52	; 0x34
10001774:	782d      	ldrb	r5, [r5, #0]
10001776:	9505      	str	r5, [sp, #20]
10001778:	9404      	str	r4, [sp, #16]
1000177a:	9c0b      	ldr	r4, [sp, #44]	; 0x2c
1000177c:	9403      	str	r4, [sp, #12]
1000177e:	9c0a      	ldr	r4, [sp, #40]	; 0x28
10001780:	9402      	str	r4, [sp, #8]
10001782:	9301      	str	r3, [sp, #4]
10001784:	9200      	str	r2, [sp, #0]
10001786:	000b      	movs	r3, r1
10001788:	2230      	movs	r2, #48	; 0x30
1000178a:	210c      	movs	r1, #12
1000178c:	f7ff ff1c 	bl	100015c8 <PCD_CommunicateWithPICC>
10001790:	b007      	add	sp, #28
10001792:	bd30      	pop	{r4, r5, pc}

10001794 <PICC_REQA_or_WUPA>:
10001794:	b570      	push	{r4, r5, r6, lr}
10001796:	b088      	sub	sp, #32
10001798:	0006      	movs	r6, r0
1000179a:	0015      	movs	r5, r2
1000179c:	001c      	movs	r4, r3
1000179e:	2317      	movs	r3, #23
100017a0:	446b      	add	r3, sp
100017a2:	7019      	strb	r1, [r3, #0]
100017a4:	2a00      	cmp	r2, #0
100017a6:	d022      	beq.n	100017ee <PICC_REQA_or_WUPA+0x5a>
100017a8:	7823      	ldrb	r3, [r4, #0]
100017aa:	2b01      	cmp	r3, #1
100017ac:	d921      	bls.n	100017f2 <PICC_REQA_or_WUPA+0x5e>
100017ae:	2280      	movs	r2, #128	; 0x80
100017b0:	211c      	movs	r1, #28
100017b2:	f7ff fe31 	bl	10001418 <PCD_ClearRegisterBitMask>
100017b6:	231f      	movs	r3, #31
100017b8:	446b      	add	r3, sp
100017ba:	2207      	movs	r2, #7
100017bc:	701a      	strb	r2, [r3, #0]
100017be:	2200      	movs	r2, #0
100017c0:	9203      	str	r2, [sp, #12]
100017c2:	9202      	str	r2, [sp, #8]
100017c4:	9301      	str	r3, [sp, #4]
100017c6:	9400      	str	r4, [sp, #0]
100017c8:	002b      	movs	r3, r5
100017ca:	3201      	adds	r2, #1
100017cc:	2117      	movs	r1, #23
100017ce:	4469      	add	r1, sp
100017d0:	0030      	movs	r0, r6
100017d2:	f7ff ffca 	bl	1000176a <PCD_TransceiveData>
100017d6:	2800      	cmp	r0, #0
100017d8:	d10c      	bne.n	100017f4 <PICC_REQA_or_WUPA+0x60>
100017da:	7823      	ldrb	r3, [r4, #0]
100017dc:	2b02      	cmp	r3, #2
100017de:	d10b      	bne.n	100017f8 <PICC_REQA_or_WUPA+0x64>
100017e0:	331d      	adds	r3, #29
100017e2:	446b      	add	r3, sp
100017e4:	7818      	ldrb	r0, [r3, #0]
100017e6:	2800      	cmp	r0, #0
100017e8:	d004      	beq.n	100017f4 <PICC_REQA_or_WUPA+0x60>
100017ea:	2001      	movs	r0, #1
100017ec:	e002      	b.n	100017f4 <PICC_REQA_or_WUPA+0x60>
100017ee:	2004      	movs	r0, #4
100017f0:	e000      	b.n	100017f4 <PICC_REQA_or_WUPA+0x60>
100017f2:	2004      	movs	r0, #4
100017f4:	b008      	add	sp, #32
100017f6:	bd70      	pop	{r4, r5, r6, pc}
100017f8:	2001      	movs	r0, #1
100017fa:	e7fb      	b.n	100017f4 <PICC_REQA_or_WUPA+0x60>

100017fc <PICC_RequestA>:
100017fc:	b510      	push	{r4, lr}
100017fe:	0013      	movs	r3, r2
10001800:	000a      	movs	r2, r1
10001802:	2126      	movs	r1, #38	; 0x26
10001804:	f7ff ffc6 	bl	10001794 <PICC_REQA_or_WUPA>
10001808:	bd10      	pop	{r4, pc}

1000180a <PICC_Select>:
1000180a:	b5f0      	push	{r4, r5, r6, r7, lr}
1000180c:	46de      	mov	lr, fp
1000180e:	4657      	mov	r7, sl
10001810:	464e      	mov	r6, r9
10001812:	4645      	mov	r5, r8
10001814:	b5e0      	push	{r5, r6, r7, lr}
10001816:	b08d      	sub	sp, #52	; 0x34
10001818:	4681      	mov	r9, r0
1000181a:	9106      	str	r1, [sp, #24]
1000181c:	9205      	str	r2, [sp, #20]
1000181e:	2a50      	cmp	r2, #80	; 0x50
10001820:	d900      	bls.n	10001824 <PICC_Select+0x1a>
10001822:	e184      	b.n	10001b2e <PICC_Select+0x324>
10001824:	2280      	movs	r2, #128	; 0x80
10001826:	211c      	movs	r1, #28
10001828:	f7ff fdf6 	bl	10001418 <PCD_ClearRegisterBitMask>
1000182c:	2301      	movs	r3, #1
1000182e:	9307      	str	r3, [sp, #28]
10001830:	2300      	movs	r3, #0
10001832:	9304      	str	r3, [sp, #16]
10001834:	9b04      	ldr	r3, [sp, #16]
10001836:	2b00      	cmp	r3, #0
10001838:	d000      	beq.n	1000183c <PICC_Select+0x32>
1000183a:	e16f      	b.n	10001b1c <PICC_Select+0x312>
1000183c:	9b07      	ldr	r3, [sp, #28]
1000183e:	2b02      	cmp	r3, #2
10001840:	d044      	beq.n	100018cc <PICC_Select+0xc2>
10001842:	2b03      	cmp	r3, #3
10001844:	d054      	beq.n	100018f0 <PICC_Select+0xe6>
10001846:	2b01      	cmp	r3, #1
10001848:	d008      	beq.n	1000185c <PICC_Select+0x52>
1000184a:	2405      	movs	r4, #5
1000184c:	0020      	movs	r0, r4
1000184e:	b00d      	add	sp, #52	; 0x34
10001850:	bcf0      	pop	{r4, r5, r6, r7}
10001852:	46bb      	mov	fp, r7
10001854:	46b2      	mov	sl, r6
10001856:	46a9      	mov	r9, r5
10001858:	46a0      	mov	r8, r4
1000185a:	bdf0      	pop	{r4, r5, r6, r7, pc}
1000185c:	ab09      	add	r3, sp, #36	; 0x24
1000185e:	2293      	movs	r2, #147	; 0x93
10001860:	701a      	strb	r2, [r3, #0]
10001862:	9b05      	ldr	r3, [sp, #20]
10001864:	2b00      	cmp	r3, #0
10001866:	d005      	beq.n	10001874 <PICC_Select+0x6a>
10001868:	9b06      	ldr	r3, [sp, #24]
1000186a:	781b      	ldrb	r3, [r3, #0]
1000186c:	2b04      	cmp	r3, #4
1000186e:	d82b      	bhi.n	100018c8 <PICC_Select+0xbe>
10001870:	2100      	movs	r1, #0
10001872:	e000      	b.n	10001876 <PICC_Select+0x6c>
10001874:	2100      	movs	r1, #0
10001876:	2300      	movs	r3, #0
10001878:	469b      	mov	fp, r3
1000187a:	465b      	mov	r3, fp
1000187c:	00db      	lsls	r3, r3, #3
1000187e:	9a05      	ldr	r2, [sp, #20]
10001880:	1ad3      	subs	r3, r2, r3
10001882:	b25d      	sxtb	r5, r3
10001884:	061b      	lsls	r3, r3, #24
10001886:	d43a      	bmi.n	100018fe <PICC_Select+0xf4>
10001888:	2900      	cmp	r1, #0
1000188a:	d03a      	beq.n	10001902 <PICC_Select+0xf8>
1000188c:	ab09      	add	r3, sp, #36	; 0x24
1000188e:	2288      	movs	r2, #136	; 0x88
10001890:	709a      	strb	r2, [r3, #2]
10001892:	3a85      	subs	r2, #133	; 0x85
10001894:	17e8      	asrs	r0, r5, #31
10001896:	2307      	movs	r3, #7
10001898:	4003      	ands	r3, r0
1000189a:	195b      	adds	r3, r3, r5
1000189c:	10db      	asrs	r3, r3, #3
1000189e:	b2d8      	uxtb	r0, r3
100018a0:	b2eb      	uxtb	r3, r5
100018a2:	4698      	mov	r8, r3
100018a4:	2307      	movs	r3, #7
100018a6:	402b      	ands	r3, r5
100018a8:	1e5c      	subs	r4, r3, #1
100018aa:	41a3      	sbcs	r3, r4
100018ac:	181b      	adds	r3, r3, r0
100018ae:	b2db      	uxtb	r3, r3
100018b0:	2b00      	cmp	r3, #0
100018b2:	d128      	bne.n	10001906 <PICC_Select+0xfc>
100018b4:	2900      	cmp	r1, #0
100018b6:	d002      	beq.n	100018be <PICC_Select+0xb4>
100018b8:	4645      	mov	r5, r8
100018ba:	3508      	adds	r5, #8
100018bc:	b26d      	sxtb	r5, r5
100018be:	9b04      	ldr	r3, [sp, #16]
100018c0:	469a      	mov	sl, r3
100018c2:	46b0      	mov	r8, r6
100018c4:	464f      	mov	r7, r9
100018c6:	e090      	b.n	100019ea <PICC_Select+0x1e0>
100018c8:	2101      	movs	r1, #1
100018ca:	e7d4      	b.n	10001876 <PICC_Select+0x6c>
100018cc:	ab09      	add	r3, sp, #36	; 0x24
100018ce:	2295      	movs	r2, #149	; 0x95
100018d0:	701a      	strb	r2, [r3, #0]
100018d2:	9b05      	ldr	r3, [sp, #20]
100018d4:	2b00      	cmp	r3, #0
100018d6:	d005      	beq.n	100018e4 <PICC_Select+0xda>
100018d8:	9b06      	ldr	r3, [sp, #24]
100018da:	781b      	ldrb	r3, [r3, #0]
100018dc:	2b07      	cmp	r3, #7
100018de:	d805      	bhi.n	100018ec <PICC_Select+0xe2>
100018e0:	2100      	movs	r1, #0
100018e2:	e000      	b.n	100018e6 <PICC_Select+0xdc>
100018e4:	2100      	movs	r1, #0
100018e6:	2303      	movs	r3, #3
100018e8:	469b      	mov	fp, r3
100018ea:	e7c6      	b.n	1000187a <PICC_Select+0x70>
100018ec:	2101      	movs	r1, #1
100018ee:	e7fa      	b.n	100018e6 <PICC_Select+0xdc>
100018f0:	ab09      	add	r3, sp, #36	; 0x24
100018f2:	2297      	movs	r2, #151	; 0x97
100018f4:	701a      	strb	r2, [r3, #0]
100018f6:	9904      	ldr	r1, [sp, #16]
100018f8:	2306      	movs	r3, #6
100018fa:	469b      	mov	fp, r3
100018fc:	e7bd      	b.n	1000187a <PICC_Select+0x70>
100018fe:	2500      	movs	r5, #0
10001900:	e7c2      	b.n	10001888 <PICC_Select+0x7e>
10001902:	2202      	movs	r2, #2
10001904:	e7c6      	b.n	10001894 <PICC_Select+0x8a>
10001906:	2900      	cmp	r1, #0
10001908:	d00d      	beq.n	10001926 <PICC_Select+0x11c>
1000190a:	2003      	movs	r0, #3
1000190c:	4684      	mov	ip, r0
1000190e:	459c      	cmp	ip, r3
10001910:	d300      	bcc.n	10001914 <PICC_Select+0x10a>
10001912:	469c      	mov	ip, r3
10001914:	2300      	movs	r3, #0
10001916:	4667      	mov	r7, ip
10001918:	468c      	mov	ip, r1
1000191a:	0011      	movs	r1, r2
1000191c:	465a      	mov	r2, fp
1000191e:	46ab      	mov	fp, r5
10001920:	9806      	ldr	r0, [sp, #24]
10001922:	4682      	mov	sl, r0
10001924:	e00b      	b.n	1000193e <PICC_Select+0x134>
10001926:	2004      	movs	r0, #4
10001928:	4684      	mov	ip, r0
1000192a:	e7f0      	b.n	1000190e <PICC_Select+0x104>
1000192c:	18d0      	adds	r0, r2, r3
1000192e:	1c4c      	adds	r4, r1, #1
10001930:	4450      	add	r0, sl
10001932:	7845      	ldrb	r5, [r0, #1]
10001934:	a809      	add	r0, sp, #36	; 0x24
10001936:	5445      	strb	r5, [r0, r1]
10001938:	3301      	adds	r3, #1
1000193a:	b2db      	uxtb	r3, r3
1000193c:	b2e1      	uxtb	r1, r4
1000193e:	42bb      	cmp	r3, r7
10001940:	d3f4      	bcc.n	1000192c <PICC_Select+0x122>
10001942:	465d      	mov	r5, fp
10001944:	4661      	mov	r1, ip
10001946:	4693      	mov	fp, r2
10001948:	e7b4      	b.n	100018b4 <PICC_Select+0xaa>
1000194a:	a909      	add	r1, sp, #36	; 0x24
1000194c:	2370      	movs	r3, #112	; 0x70
1000194e:	704b      	strb	r3, [r1, #1]
10001950:	7888      	ldrb	r0, [r1, #2]
10001952:	78cc      	ldrb	r4, [r1, #3]
10001954:	790a      	ldrb	r2, [r1, #4]
10001956:	794b      	ldrb	r3, [r1, #5]
10001958:	4060      	eors	r0, r4
1000195a:	4042      	eors	r2, r0
1000195c:	4053      	eors	r3, r2
1000195e:	718b      	strb	r3, [r1, #6]
10001960:	231b      	movs	r3, #27
10001962:	aa04      	add	r2, sp, #16
10001964:	4694      	mov	ip, r2
10001966:	4463      	add	r3, ip
10001968:	2207      	movs	r2, #7
1000196a:	0038      	movs	r0, r7
1000196c:	f7ff fd62 	bl	10001434 <PCD_CalculateCRC>
10001970:	1e04      	subs	r4, r0, #0
10001972:	d000      	beq.n	10001976 <PICC_Select+0x16c>
10001974:	e76a      	b.n	1000184c <PICC_Select+0x42>
10001976:	2313      	movs	r3, #19
10001978:	aa04      	add	r2, sp, #16
1000197a:	4694      	mov	ip, r2
1000197c:	4463      	add	r3, ip
1000197e:	2200      	movs	r2, #0
10001980:	701a      	strb	r2, [r3, #0]
10001982:	2312      	movs	r3, #18
10001984:	4463      	add	r3, ip
10001986:	2203      	movs	r2, #3
10001988:	701a      	strb	r2, [r3, #0]
1000198a:	231a      	movs	r3, #26
1000198c:	4463      	add	r3, ip
1000198e:	4698      	mov	r8, r3
10001990:	2309      	movs	r3, #9
10001992:	4699      	mov	r9, r3
10001994:	e051      	b.n	10001a3a <PICC_Select+0x230>
10001996:	211c      	movs	r1, #28
10001998:	0038      	movs	r0, r7
1000199a:	f7ff fcca 	bl	10001332 <PCD_ReadRegister>
1000199e:	0683      	lsls	r3, r0, #26
100019a0:	d500      	bpl.n	100019a4 <PICC_Select+0x19a>
100019a2:	e753      	b.n	1000184c <PICC_Select+0x42>
100019a4:	231f      	movs	r3, #31
100019a6:	001a      	movs	r2, r3
100019a8:	4002      	ands	r2, r0
100019aa:	4203      	tst	r3, r0
100019ac:	d100      	bne.n	100019b0 <PICC_Select+0x1a6>
100019ae:	2220      	movs	r2, #32
100019b0:	42aa      	cmp	r2, r5
100019b2:	dc00      	bgt.n	100019b6 <PICC_Select+0x1ac>
100019b4:	e0bd      	b.n	10001b32 <PICC_Select+0x328>
100019b6:	b255      	sxtb	r5, r2
100019b8:	1e51      	subs	r1, r2, #1
100019ba:	17cb      	asrs	r3, r1, #31
100019bc:	0f5b      	lsrs	r3, r3, #29
100019be:	18c9      	adds	r1, r1, r3
100019c0:	2007      	movs	r0, #7
100019c2:	4001      	ands	r1, r0
100019c4:	1ac9      	subs	r1, r1, r3
100019c6:	b2cb      	uxtb	r3, r1
100019c8:	1e58      	subs	r0, r3, #1
100019ca:	4183      	sbcs	r3, r0
100019cc:	08d2      	lsrs	r2, r2, #3
100019ce:	189b      	adds	r3, r3, r2
100019d0:	3301      	adds	r3, #1
100019d2:	b2db      	uxtb	r3, r3
100019d4:	22ff      	movs	r2, #255	; 0xff
100019d6:	4011      	ands	r1, r2
100019d8:	2001      	movs	r0, #1
100019da:	4088      	lsls	r0, r1
100019dc:	a909      	add	r1, sp, #36	; 0x24
100019de:	5cca      	ldrb	r2, [r1, r3]
100019e0:	4302      	orrs	r2, r0
100019e2:	54ca      	strb	r2, [r1, r3]
100019e4:	e001      	b.n	100019ea <PICC_Select+0x1e0>
100019e6:	2301      	movs	r3, #1
100019e8:	469a      	mov	sl, r3
100019ea:	4653      	mov	r3, sl
100019ec:	2b00      	cmp	r3, #0
100019ee:	d14a      	bne.n	10001a86 <PICC_Select+0x27c>
100019f0:	2d1f      	cmp	r5, #31
100019f2:	dcaa      	bgt.n	1000194a <PICC_Select+0x140>
100019f4:	17eb      	asrs	r3, r5, #31
100019f6:	0f58      	lsrs	r0, r3, #29
100019f8:	182a      	adds	r2, r5, r0
100019fa:	2107      	movs	r1, #7
100019fc:	400a      	ands	r2, r1
100019fe:	1a12      	subs	r2, r2, r0
10001a00:	b2d2      	uxtb	r2, r2
10001a02:	2013      	movs	r0, #19
10001a04:	ac04      	add	r4, sp, #16
10001a06:	46a4      	mov	ip, r4
10001a08:	4460      	add	r0, ip
10001a0a:	7002      	strb	r2, [r0, #0]
10001a0c:	4019      	ands	r1, r3
10001a0e:	1949      	adds	r1, r1, r5
10001a10:	10c9      	asrs	r1, r1, #3
10001a12:	b2c9      	uxtb	r1, r1
10001a14:	3102      	adds	r1, #2
10001a16:	b2c9      	uxtb	r1, r1
10001a18:	010b      	lsls	r3, r1, #4
10001a1a:	b2db      	uxtb	r3, r3
10001a1c:	18d3      	adds	r3, r2, r3
10001a1e:	a809      	add	r0, sp, #36	; 0x24
10001a20:	7043      	strb	r3, [r0, #1]
10001a22:	1e53      	subs	r3, r2, #1
10001a24:	419a      	sbcs	r2, r3
10001a26:	1852      	adds	r2, r2, r1
10001a28:	b2d3      	uxtb	r3, r2
10001a2a:	4699      	mov	r9, r3
10001a2c:	4680      	mov	r8, r0
10001a2e:	4488      	add	r8, r1
10001a30:	2309      	movs	r3, #9
10001a32:	1a59      	subs	r1, r3, r1
10001a34:	2312      	movs	r3, #18
10001a36:	4463      	add	r3, ip
10001a38:	7019      	strb	r1, [r3, #0]
10001a3a:	2413      	movs	r4, #19
10001a3c:	ab04      	add	r3, sp, #16
10001a3e:	469c      	mov	ip, r3
10001a40:	4464      	add	r4, ip
10001a42:	7826      	ldrb	r6, [r4, #0]
10001a44:	0132      	lsls	r2, r6, #4
10001a46:	b2d2      	uxtb	r2, r2
10001a48:	1992      	adds	r2, r2, r6
10001a4a:	b2d2      	uxtb	r2, r2
10001a4c:	211a      	movs	r1, #26
10001a4e:	0038      	movs	r0, r7
10001a50:	f7ff fc14 	bl	1000127c <PCD_WriteRegister>
10001a54:	2300      	movs	r3, #0
10001a56:	9303      	str	r3, [sp, #12]
10001a58:	9602      	str	r6, [sp, #8]
10001a5a:	9401      	str	r4, [sp, #4]
10001a5c:	3312      	adds	r3, #18
10001a5e:	aa04      	add	r2, sp, #16
10001a60:	4694      	mov	ip, r2
10001a62:	4463      	add	r3, ip
10001a64:	9300      	str	r3, [sp, #0]
10001a66:	4643      	mov	r3, r8
10001a68:	464a      	mov	r2, r9
10001a6a:	a909      	add	r1, sp, #36	; 0x24
10001a6c:	0038      	movs	r0, r7
10001a6e:	f7ff fe7c 	bl	1000176a <PCD_TransceiveData>
10001a72:	0004      	movs	r4, r0
10001a74:	2802      	cmp	r0, #2
10001a76:	d08e      	beq.n	10001996 <PICC_Select+0x18c>
10001a78:	2800      	cmp	r0, #0
10001a7a:	d000      	beq.n	10001a7e <PICC_Select+0x274>
10001a7c:	e6e6      	b.n	1000184c <PICC_Select+0x42>
10001a7e:	2d1f      	cmp	r5, #31
10001a80:	dcb1      	bgt.n	100019e6 <PICC_Select+0x1dc>
10001a82:	2520      	movs	r5, #32
10001a84:	e7b1      	b.n	100019ea <PICC_Select+0x1e0>
10001a86:	4646      	mov	r6, r8
10001a88:	46b9      	mov	r9, r7
10001a8a:	ab09      	add	r3, sp, #36	; 0x24
10001a8c:	789b      	ldrb	r3, [r3, #2]
10001a8e:	2b88      	cmp	r3, #136	; 0x88
10001a90:	d008      	beq.n	10001aa4 <PICC_Select+0x29a>
10001a92:	2102      	movs	r1, #2
10001a94:	2b88      	cmp	r3, #136	; 0x88
10001a96:	d007      	beq.n	10001aa8 <PICC_Select+0x29e>
10001a98:	2404      	movs	r4, #4
10001a9a:	2300      	movs	r3, #0
10001a9c:	465d      	mov	r5, fp
10001a9e:	9a06      	ldr	r2, [sp, #24]
10001aa0:	4694      	mov	ip, r2
10001aa2:	e00c      	b.n	10001abe <PICC_Select+0x2b4>
10001aa4:	2103      	movs	r1, #3
10001aa6:	e7f5      	b.n	10001a94 <PICC_Select+0x28a>
10001aa8:	2403      	movs	r4, #3
10001aaa:	e7f6      	b.n	10001a9a <PICC_Select+0x290>
10001aac:	1c48      	adds	r0, r1, #1
10001aae:	18ea      	adds	r2, r5, r3
10001ab0:	af09      	add	r7, sp, #36	; 0x24
10001ab2:	5c79      	ldrb	r1, [r7, r1]
10001ab4:	4462      	add	r2, ip
10001ab6:	7051      	strb	r1, [r2, #1]
10001ab8:	3301      	adds	r3, #1
10001aba:	b2db      	uxtb	r3, r3
10001abc:	b2c1      	uxtb	r1, r0
10001abe:	42a3      	cmp	r3, r4
10001ac0:	d3f4      	bcc.n	10001aac <PICC_Select+0x2a2>
10001ac2:	2312      	movs	r3, #18
10001ac4:	aa04      	add	r2, sp, #16
10001ac6:	4694      	mov	ip, r2
10001ac8:	4463      	add	r3, ip
10001aca:	781b      	ldrb	r3, [r3, #0]
10001acc:	2b03      	cmp	r3, #3
10001ace:	d132      	bne.n	10001b36 <PICC_Select+0x32c>
10001ad0:	3310      	adds	r3, #16
10001ad2:	4463      	add	r3, ip
10001ad4:	781b      	ldrb	r3, [r3, #0]
10001ad6:	2b00      	cmp	r3, #0
10001ad8:	d12f      	bne.n	10001b3a <PICC_Select+0x330>
10001ada:	3316      	adds	r3, #22
10001adc:	4463      	add	r3, ip
10001ade:	2201      	movs	r2, #1
10001ae0:	0031      	movs	r1, r6
10001ae2:	4648      	mov	r0, r9
10001ae4:	f7ff fca6 	bl	10001434 <PCD_CalculateCRC>
10001ae8:	1e04      	subs	r4, r0, #0
10001aea:	d000      	beq.n	10001aee <PICC_Select+0x2e4>
10001aec:	e6ae      	b.n	1000184c <PICC_Select+0x42>
10001aee:	ab09      	add	r3, sp, #36	; 0x24
10001af0:	789a      	ldrb	r2, [r3, #2]
10001af2:	7873      	ldrb	r3, [r6, #1]
10001af4:	429a      	cmp	r2, r3
10001af6:	d122      	bne.n	10001b3e <PICC_Select+0x334>
10001af8:	ab09      	add	r3, sp, #36	; 0x24
10001afa:	78da      	ldrb	r2, [r3, #3]
10001afc:	78b3      	ldrb	r3, [r6, #2]
10001afe:	429a      	cmp	r2, r3
10001b00:	d11f      	bne.n	10001b42 <PICC_Select+0x338>
10001b02:	7833      	ldrb	r3, [r6, #0]
10001b04:	075a      	lsls	r2, r3, #29
10001b06:	d504      	bpl.n	10001b12 <PICC_Select+0x308>
10001b08:	9b07      	ldr	r3, [sp, #28]
10001b0a:	3301      	adds	r3, #1
10001b0c:	b2db      	uxtb	r3, r3
10001b0e:	9307      	str	r3, [sp, #28]
10001b10:	e690      	b.n	10001834 <PICC_Select+0x2a>
10001b12:	9a06      	ldr	r2, [sp, #24]
10001b14:	72d3      	strb	r3, [r2, #11]
10001b16:	4653      	mov	r3, sl
10001b18:	9304      	str	r3, [sp, #16]
10001b1a:	e68b      	b.n	10001834 <PICC_Select+0x2a>
10001b1c:	9a07      	ldr	r2, [sp, #28]
10001b1e:	0053      	lsls	r3, r2, #1
10001b20:	4694      	mov	ip, r2
10001b22:	4463      	add	r3, ip
10001b24:	3301      	adds	r3, #1
10001b26:	9a06      	ldr	r2, [sp, #24]
10001b28:	7013      	strb	r3, [r2, #0]
10001b2a:	2400      	movs	r4, #0
10001b2c:	e68e      	b.n	1000184c <PICC_Select+0x42>
10001b2e:	2406      	movs	r4, #6
10001b30:	e68c      	b.n	1000184c <PICC_Select+0x42>
10001b32:	2405      	movs	r4, #5
10001b34:	e68a      	b.n	1000184c <PICC_Select+0x42>
10001b36:	2401      	movs	r4, #1
10001b38:	e688      	b.n	1000184c <PICC_Select+0x42>
10001b3a:	2401      	movs	r4, #1
10001b3c:	e686      	b.n	1000184c <PICC_Select+0x42>
10001b3e:	2407      	movs	r4, #7
10001b40:	e684      	b.n	1000184c <PICC_Select+0x42>
10001b42:	2407      	movs	r4, #7
10001b44:	e682      	b.n	1000184c <PICC_Select+0x42>

10001b46 <PICC_HaltA>:
10001b46:	b530      	push	{r4, r5, lr}
10001b48:	b087      	sub	sp, #28
10001b4a:	0005      	movs	r5, r0
10001b4c:	2350      	movs	r3, #80	; 0x50
10001b4e:	466a      	mov	r2, sp
10001b50:	7513      	strb	r3, [r2, #20]
10001b52:	2300      	movs	r3, #0
10001b54:	7553      	strb	r3, [r2, #21]
10001b56:	3316      	adds	r3, #22
10001b58:	446b      	add	r3, sp
10001b5a:	2202      	movs	r2, #2
10001b5c:	a905      	add	r1, sp, #20
10001b5e:	f7ff fc69 	bl	10001434 <PCD_CalculateCRC>
10001b62:	1e04      	subs	r4, r0, #0
10001b64:	d002      	beq.n	10001b6c <PICC_HaltA+0x26>
10001b66:	0020      	movs	r0, r4
10001b68:	b007      	add	sp, #28
10001b6a:	bd30      	pop	{r4, r5, pc}
10001b6c:	2300      	movs	r3, #0
10001b6e:	9303      	str	r3, [sp, #12]
10001b70:	9302      	str	r3, [sp, #8]
10001b72:	9301      	str	r3, [sp, #4]
10001b74:	9300      	str	r3, [sp, #0]
10001b76:	2204      	movs	r2, #4
10001b78:	a905      	add	r1, sp, #20
10001b7a:	0028      	movs	r0, r5
10001b7c:	f7ff fdf5 	bl	1000176a <PCD_TransceiveData>
10001b80:	2803      	cmp	r0, #3
10001b82:	d0f0      	beq.n	10001b66 <PICC_HaltA+0x20>
10001b84:	2800      	cmp	r0, #0
10001b86:	d001      	beq.n	10001b8c <PICC_HaltA+0x46>
10001b88:	0004      	movs	r4, r0
10001b8a:	e7ec      	b.n	10001b66 <PICC_HaltA+0x20>
10001b8c:	2401      	movs	r4, #1
10001b8e:	e7ea      	b.n	10001b66 <PICC_HaltA+0x20>

10001b90 <PCD_Authenticate>:
10001b90:	b570      	push	{r4, r5, r6, lr}
10001b92:	b08a      	sub	sp, #40	; 0x28
10001b94:	9e0e      	ldr	r6, [sp, #56]	; 0x38
10001b96:	ac07      	add	r4, sp, #28
10001b98:	7021      	strb	r1, [r4, #0]
10001b9a:	7062      	strb	r2, [r4, #1]
10001b9c:	2200      	movs	r2, #0
10001b9e:	e005      	b.n	10001bac <PCD_Authenticate+0x1c>
10001ba0:	1c91      	adds	r1, r2, #2
10001ba2:	5c9d      	ldrb	r5, [r3, r2]
10001ba4:	ac07      	add	r4, sp, #28
10001ba6:	5465      	strb	r5, [r4, r1]
10001ba8:	3201      	adds	r2, #1
10001baa:	b2d2      	uxtb	r2, r2
10001bac:	2a05      	cmp	r2, #5
10001bae:	d9f7      	bls.n	10001ba0 <PCD_Authenticate+0x10>
10001bb0:	2300      	movs	r3, #0
10001bb2:	e007      	b.n	10001bc4 <PCD_Authenticate+0x34>
10001bb4:	001a      	movs	r2, r3
10001bb6:	3208      	adds	r2, #8
10001bb8:	18f1      	adds	r1, r6, r3
10001bba:	784c      	ldrb	r4, [r1, #1]
10001bbc:	a907      	add	r1, sp, #28
10001bbe:	548c      	strb	r4, [r1, r2]
10001bc0:	3301      	adds	r3, #1
10001bc2:	b2db      	uxtb	r3, r3
10001bc4:	2b03      	cmp	r3, #3
10001bc6:	d9f5      	bls.n	10001bb4 <PCD_Authenticate+0x24>
10001bc8:	2300      	movs	r3, #0
10001bca:	9305      	str	r3, [sp, #20]
10001bcc:	9304      	str	r3, [sp, #16]
10001bce:	9303      	str	r3, [sp, #12]
10001bd0:	9302      	str	r3, [sp, #8]
10001bd2:	9301      	str	r3, [sp, #4]
10001bd4:	330c      	adds	r3, #12
10001bd6:	9300      	str	r3, [sp, #0]
10001bd8:	ab07      	add	r3, sp, #28
10001bda:	2210      	movs	r2, #16
10001bdc:	210e      	movs	r1, #14
10001bde:	f7ff fcf3 	bl	100015c8 <PCD_CommunicateWithPICC>
10001be2:	b00a      	add	sp, #40	; 0x28
10001be4:	bd70      	pop	{r4, r5, r6, pc}

10001be6 <PCD_StopCrypto1>:
10001be6:	b510      	push	{r4, lr}
10001be8:	2208      	movs	r2, #8
10001bea:	2110      	movs	r1, #16
10001bec:	f7ff fc14 	bl	10001418 <PCD_ClearRegisterBitMask>
10001bf0:	bd10      	pop	{r4, pc}

10001bf2 <MIFARE_Read>:
10001bf2:	b570      	push	{r4, r5, r6, lr}
10001bf4:	b084      	sub	sp, #16
10001bf6:	0006      	movs	r6, r0
10001bf8:	0014      	movs	r4, r2
10001bfa:	001d      	movs	r5, r3
10001bfc:	2a00      	cmp	r2, #0
10001bfe:	d019      	beq.n	10001c34 <MIFARE_Read+0x42>
10001c00:	781b      	ldrb	r3, [r3, #0]
10001c02:	2b11      	cmp	r3, #17
10001c04:	d918      	bls.n	10001c38 <MIFARE_Read+0x46>
10001c06:	2330      	movs	r3, #48	; 0x30
10001c08:	7013      	strb	r3, [r2, #0]
10001c0a:	7051      	strb	r1, [r2, #1]
10001c0c:	1c93      	adds	r3, r2, #2
10001c0e:	2202      	movs	r2, #2
10001c10:	0021      	movs	r1, r4
10001c12:	f7ff fc0f 	bl	10001434 <PCD_CalculateCRC>
10001c16:	2800      	cmp	r0, #0
10001c18:	d10f      	bne.n	10001c3a <MIFARE_Read+0x48>
10001c1a:	2301      	movs	r3, #1
10001c1c:	9303      	str	r3, [sp, #12]
10001c1e:	2300      	movs	r3, #0
10001c20:	9302      	str	r3, [sp, #8]
10001c22:	9301      	str	r3, [sp, #4]
10001c24:	9500      	str	r5, [sp, #0]
10001c26:	0023      	movs	r3, r4
10001c28:	2204      	movs	r2, #4
10001c2a:	0021      	movs	r1, r4
10001c2c:	0030      	movs	r0, r6
10001c2e:	f7ff fd9c 	bl	1000176a <PCD_TransceiveData>
10001c32:	e002      	b.n	10001c3a <MIFARE_Read+0x48>
10001c34:	2004      	movs	r0, #4
10001c36:	e000      	b.n	10001c3a <MIFARE_Read+0x48>
10001c38:	2004      	movs	r0, #4
10001c3a:	b004      	add	sp, #16
10001c3c:	bd70      	pop	{r4, r5, r6, pc}
	...

10001c40 <GetStatusCodeName>:
10001c40:	2807      	cmp	r0, #7
10001c42:	d806      	bhi.n	10001c52 <GetStatusCodeName+0x12>
10001c44:	d815      	bhi.n	10001c72 <GetStatusCodeName+0x32>
10001c46:	0080      	lsls	r0, r0, #2
10001c48:	4b0d      	ldr	r3, [pc, #52]	; (10001c80 <GetStatusCodeName+0x40>)
10001c4a:	581b      	ldr	r3, [r3, r0]
10001c4c:	469f      	mov	pc, r3
10001c4e:	480d      	ldr	r0, [pc, #52]	; (10001c84 <GetStatusCodeName+0x44>)
10001c50:	e002      	b.n	10001c58 <GetStatusCodeName+0x18>
10001c52:	28ff      	cmp	r0, #255	; 0xff
10001c54:	d111      	bne.n	10001c7a <GetStatusCodeName+0x3a>
10001c56:	480c      	ldr	r0, [pc, #48]	; (10001c88 <GetStatusCodeName+0x48>)
10001c58:	4770      	bx	lr
10001c5a:	480c      	ldr	r0, [pc, #48]	; (10001c8c <GetStatusCodeName+0x4c>)
10001c5c:	e7fc      	b.n	10001c58 <GetStatusCodeName+0x18>
10001c5e:	480c      	ldr	r0, [pc, #48]	; (10001c90 <GetStatusCodeName+0x50>)
10001c60:	e7fa      	b.n	10001c58 <GetStatusCodeName+0x18>
10001c62:	480c      	ldr	r0, [pc, #48]	; (10001c94 <GetStatusCodeName+0x54>)
10001c64:	e7f8      	b.n	10001c58 <GetStatusCodeName+0x18>
10001c66:	480c      	ldr	r0, [pc, #48]	; (10001c98 <GetStatusCodeName+0x58>)
10001c68:	e7f6      	b.n	10001c58 <GetStatusCodeName+0x18>
10001c6a:	480c      	ldr	r0, [pc, #48]	; (10001c9c <GetStatusCodeName+0x5c>)
10001c6c:	e7f4      	b.n	10001c58 <GetStatusCodeName+0x18>
10001c6e:	480c      	ldr	r0, [pc, #48]	; (10001ca0 <GetStatusCodeName+0x60>)
10001c70:	e7f2      	b.n	10001c58 <GetStatusCodeName+0x18>
10001c72:	480c      	ldr	r0, [pc, #48]	; (10001ca4 <GetStatusCodeName+0x64>)
10001c74:	e7f0      	b.n	10001c58 <GetStatusCodeName+0x18>
10001c76:	480c      	ldr	r0, [pc, #48]	; (10001ca8 <GetStatusCodeName+0x68>)
10001c78:	e7ee      	b.n	10001c58 <GetStatusCodeName+0x18>
10001c7a:	480a      	ldr	r0, [pc, #40]	; (10001ca4 <GetStatusCodeName+0x64>)
10001c7c:	e7ec      	b.n	10001c58 <GetStatusCodeName+0x18>
10001c7e:	46c0      	nop			; (mov r8, r8)
10001c80:	100098fc 	.word	0x100098fc
10001c84:	100098cc 	.word	0x100098cc
10001c88:	100098d8 	.word	0x100098d8
10001c8c:	10009820 	.word	0x10009820
10001c90:	10009834 	.word	0x10009834
10001c94:	10009850 	.word	0x10009850
10001c98:	1000986c 	.word	0x1000986c
10001c9c:	1000989c 	.word	0x1000989c
10001ca0:	100098b0 	.word	0x100098b0
10001ca4:	100097f8 	.word	0x100097f8
10001ca8:	10009808 	.word	0x10009808

10001cac <PICC_GetType>:
10001cac:	237f      	movs	r3, #127	; 0x7f
10001cae:	4018      	ands	r0, r3
10001cb0:	2840      	cmp	r0, #64	; 0x40
10001cb2:	d813      	bhi.n	10001cdc <PICC_GetType+0x30>
10001cb4:	0080      	lsls	r0, r0, #2
10001cb6:	4b0b      	ldr	r3, [pc, #44]	; (10001ce4 <PICC_GetType+0x38>)
10001cb8:	581b      	ldr	r3, [r3, r0]
10001cba:	469f      	mov	pc, r3
10001cbc:	20ff      	movs	r0, #255	; 0xff
10001cbe:	e000      	b.n	10001cc2 <PICC_GetType+0x16>
10001cc0:	2004      	movs	r0, #4
10001cc2:	4770      	bx	lr
10001cc4:	2005      	movs	r0, #5
10001cc6:	e7fc      	b.n	10001cc2 <PICC_GetType+0x16>
10001cc8:	2006      	movs	r0, #6
10001cca:	e7fa      	b.n	10001cc2 <PICC_GetType+0x16>
10001ccc:	2007      	movs	r0, #7
10001cce:	e7f8      	b.n	10001cc2 <PICC_GetType+0x16>
10001cd0:	2008      	movs	r0, #8
10001cd2:	e7f6      	b.n	10001cc2 <PICC_GetType+0x16>
10001cd4:	2001      	movs	r0, #1
10001cd6:	e7f4      	b.n	10001cc2 <PICC_GetType+0x16>
10001cd8:	2002      	movs	r0, #2
10001cda:	e7f2      	b.n	10001cc2 <PICC_GetType+0x16>
10001cdc:	2000      	movs	r0, #0
10001cde:	e7f0      	b.n	10001cc2 <PICC_GetType+0x16>
10001ce0:	2003      	movs	r0, #3
10001ce2:	e7ee      	b.n	10001cc2 <PICC_GetType+0x16>
10001ce4:	1000991c 	.word	0x1000991c

10001ce8 <PICC_GetTypeName>:
10001ce8:	2808      	cmp	r0, #8
10001cea:	d80b      	bhi.n	10001d04 <PICC_GetTypeName+0x1c>
10001cec:	2800      	cmp	r0, #0
10001cee:	d019      	beq.n	10001d24 <PICC_GetTypeName+0x3c>
10001cf0:	2808      	cmp	r0, #8
10001cf2:	d805      	bhi.n	10001d00 <PICC_GetTypeName+0x18>
10001cf4:	0080      	lsls	r0, r0, #2
10001cf6:	4b0e      	ldr	r3, [pc, #56]	; (10001d30 <PICC_GetTypeName+0x48>)
10001cf8:	581b      	ldr	r3, [r3, r0]
10001cfa:	469f      	mov	pc, r3
10001cfc:	480d      	ldr	r0, [pc, #52]	; (10001d34 <PICC_GetTypeName+0x4c>)
10001cfe:	e004      	b.n	10001d0a <PICC_GetTypeName+0x22>
10001d00:	480d      	ldr	r0, [pc, #52]	; (10001d38 <PICC_GetTypeName+0x50>)
10001d02:	e002      	b.n	10001d0a <PICC_GetTypeName+0x22>
10001d04:	28ff      	cmp	r0, #255	; 0xff
10001d06:	d111      	bne.n	10001d2c <PICC_GetTypeName+0x44>
10001d08:	480c      	ldr	r0, [pc, #48]	; (10001d3c <PICC_GetTypeName+0x54>)
10001d0a:	4770      	bx	lr
10001d0c:	480c      	ldr	r0, [pc, #48]	; (10001d40 <PICC_GetTypeName+0x58>)
10001d0e:	e7fc      	b.n	10001d0a <PICC_GetTypeName+0x22>
10001d10:	480c      	ldr	r0, [pc, #48]	; (10001d44 <PICC_GetTypeName+0x5c>)
10001d12:	e7fa      	b.n	10001d0a <PICC_GetTypeName+0x22>
10001d14:	480c      	ldr	r0, [pc, #48]	; (10001d48 <PICC_GetTypeName+0x60>)
10001d16:	e7f8      	b.n	10001d0a <PICC_GetTypeName+0x22>
10001d18:	480c      	ldr	r0, [pc, #48]	; (10001d4c <PICC_GetTypeName+0x64>)
10001d1a:	e7f6      	b.n	10001d0a <PICC_GetTypeName+0x22>
10001d1c:	480c      	ldr	r0, [pc, #48]	; (10001d50 <PICC_GetTypeName+0x68>)
10001d1e:	e7f4      	b.n	10001d0a <PICC_GetTypeName+0x22>
10001d20:	480c      	ldr	r0, [pc, #48]	; (10001d54 <PICC_GetTypeName+0x6c>)
10001d22:	e7f2      	b.n	10001d0a <PICC_GetTypeName+0x22>
10001d24:	4804      	ldr	r0, [pc, #16]	; (10001d38 <PICC_GetTypeName+0x50>)
10001d26:	e7f0      	b.n	10001d0a <PICC_GetTypeName+0x22>
10001d28:	480b      	ldr	r0, [pc, #44]	; (10001d58 <PICC_GetTypeName+0x70>)
10001d2a:	e7ee      	b.n	10001d0a <PICC_GetTypeName+0x22>
10001d2c:	4802      	ldr	r0, [pc, #8]	; (10001d38 <PICC_GetTypeName+0x50>)
10001d2e:	e7ec      	b.n	10001d0a <PICC_GetTypeName+0x22>
10001d30:	10009b10 	.word	0x10009b10
10001d34:	10009ac8 	.word	0x10009ac8
10001d38:	10009a20 	.word	0x10009a20
10001d3c:	10009aec 	.word	0x10009aec
10001d40:	10009a58 	.word	0x10009a58
10001d44:	10009a70 	.word	0x10009a70
10001d48:	10009a7c 	.word	0x10009a7c
10001d4c:	10009a88 	.word	0x10009a88
10001d50:	10009aac 	.word	0x10009aac
10001d54:	10009ab8 	.word	0x10009ab8
10001d58:	10009a30 	.word	0x10009a30

10001d5c <PICC_DumpDetailsToSerial>:
10001d5c:	b570      	push	{r4, r5, r6, lr}
10001d5e:	b082      	sub	sp, #8
10001d60:	0006      	movs	r6, r0
10001d62:	4821      	ldr	r0, [pc, #132]	; (10001de8 <PICC_DumpDetailsToSerial+0x8c>)
10001d64:	f004 fbd2 	bl	1000650c <__wrap_printf>
10001d68:	2400      	movs	r4, #0
10001d6a:	e00d      	b.n	10001d88 <PICC_DumpDetailsToSerial+0x2c>
10001d6c:	2020      	movs	r0, #32
10001d6e:	f004 fb69 	bl	10006444 <__wrap_putchar>
10001d72:	1975      	adds	r5, r6, r5
10001d74:	786a      	ldrb	r2, [r5, #1]
10001d76:	491d      	ldr	r1, [pc, #116]	; (10001dec <PICC_DumpDetailsToSerial+0x90>)
10001d78:	a801      	add	r0, sp, #4
10001d7a:	f003 fdd9 	bl	10005930 <__wrap_sprintf>
10001d7e:	a801      	add	r0, sp, #4
10001d80:	f004 fbc4 	bl	1000650c <__wrap_printf>
10001d84:	3401      	adds	r4, #1
10001d86:	b2e4      	uxtb	r4, r4
10001d88:	7833      	ldrb	r3, [r6, #0]
10001d8a:	42a3      	cmp	r3, r4
10001d8c:	d908      	bls.n	10001da0 <PICC_DumpDetailsToSerial+0x44>
10001d8e:	0025      	movs	r5, r4
10001d90:	1933      	adds	r3, r6, r4
10001d92:	785b      	ldrb	r3, [r3, #1]
10001d94:	2b0f      	cmp	r3, #15
10001d96:	d8e9      	bhi.n	10001d6c <PICC_DumpDetailsToSerial+0x10>
10001d98:	4815      	ldr	r0, [pc, #84]	; (10001df0 <PICC_DumpDetailsToSerial+0x94>)
10001d9a:	f004 fbb7 	bl	1000650c <__wrap_printf>
10001d9e:	e7e8      	b.n	10001d72 <PICC_DumpDetailsToSerial+0x16>
10001da0:	4814      	ldr	r0, [pc, #80]	; (10001df4 <PICC_DumpDetailsToSerial+0x98>)
10001da2:	f004 fb83 	bl	100064ac <__wrap_puts>
10001da6:	4814      	ldr	r0, [pc, #80]	; (10001df8 <PICC_DumpDetailsToSerial+0x9c>)
10001da8:	f004 fbb0 	bl	1000650c <__wrap_printf>
10001dac:	7af3      	ldrb	r3, [r6, #11]
10001dae:	2b0f      	cmp	r3, #15
10001db0:	d915      	bls.n	10001dde <PICC_DumpDetailsToSerial+0x82>
10001db2:	7af2      	ldrb	r2, [r6, #11]
10001db4:	490d      	ldr	r1, [pc, #52]	; (10001dec <PICC_DumpDetailsToSerial+0x90>)
10001db6:	a801      	add	r0, sp, #4
10001db8:	f003 fdba 	bl	10005930 <__wrap_sprintf>
10001dbc:	a801      	add	r0, sp, #4
10001dbe:	f004 fba5 	bl	1000650c <__wrap_printf>
10001dc2:	7af0      	ldrb	r0, [r6, #11]
10001dc4:	f7ff ff72 	bl	10001cac <PICC_GetType>
10001dc8:	0004      	movs	r4, r0
10001dca:	480c      	ldr	r0, [pc, #48]	; (10001dfc <PICC_DumpDetailsToSerial+0xa0>)
10001dcc:	f004 fb9e 	bl	1000650c <__wrap_printf>
10001dd0:	0020      	movs	r0, r4
10001dd2:	f7ff ff89 	bl	10001ce8 <PICC_GetTypeName>
10001dd6:	f004 fb99 	bl	1000650c <__wrap_printf>
10001dda:	b002      	add	sp, #8
10001ddc:	bd70      	pop	{r4, r5, r6, pc}
10001dde:	2030      	movs	r0, #48	; 0x30
10001de0:	f004 fb30 	bl	10006444 <__wrap_putchar>
10001de4:	e7e5      	b.n	10001db2 <PICC_DumpDetailsToSerial+0x56>
10001de6:	46c0      	nop			; (mov r8, r8)
10001de8:	10009bd8 	.word	0x10009bd8
10001dec:	10009b4c 	.word	0x10009b4c
10001df0:	1000b168 	.word	0x1000b168
10001df4:	10009198 	.word	0x10009198
10001df8:	10009be4 	.word	0x10009be4
10001dfc:	10009bf0 	.word	0x10009bf0

10001e00 <PICC_DumpMifareClassicSectorToSerial>:
10001e00:	b5f0      	push	{r4, r5, r6, r7, lr}
10001e02:	46de      	mov	lr, fp
10001e04:	4657      	mov	r7, sl
10001e06:	464e      	mov	r6, r9
10001e08:	4645      	mov	r5, r8
10001e0a:	b5e0      	push	{r5, r6, r7, lr}
10001e0c:	b091      	sub	sp, #68	; 0x44
10001e0e:	9003      	str	r0, [sp, #12]
10001e10:	9106      	str	r1, [sp, #24]
10001e12:	9207      	str	r2, [sp, #28]
10001e14:	4699      	mov	r9, r3
10001e16:	2300      	movs	r3, #0
10001e18:	9305      	str	r3, [sp, #20]
10001e1a:	464b      	mov	r3, r9
10001e1c:	2b1f      	cmp	r3, #31
10001e1e:	d80b      	bhi.n	10001e38 <PICC_DumpMifareClassicSectorToSerial+0x38>
10001e20:	009f      	lsls	r7, r3, #2
10001e22:	b2fb      	uxtb	r3, r7
10001e24:	4698      	mov	r8, r3
10001e26:	2304      	movs	r3, #4
10001e28:	9304      	str	r3, [sp, #16]
10001e2a:	9b04      	ldr	r3, [sp, #16]
10001e2c:	1e5d      	subs	r5, r3, #1
10001e2e:	2301      	movs	r3, #1
10001e30:	4642      	mov	r2, r8
10001e32:	9202      	str	r2, [sp, #8]
10001e34:	4698      	mov	r8, r3
10001e36:	e104      	b.n	10002042 <PICC_DumpMifareClassicSectorToSerial+0x242>
10001e38:	2b27      	cmp	r3, #39	; 0x27
10001e3a:	d825      	bhi.n	10001e88 <PICC_DumpMifareClassicSectorToSerial+0x88>
10001e3c:	464f      	mov	r7, r9
10001e3e:	3f20      	subs	r7, #32
10001e40:	013f      	lsls	r7, r7, #4
10001e42:	b2ff      	uxtb	r7, r7
10001e44:	3f80      	subs	r7, #128	; 0x80
10001e46:	b2fb      	uxtb	r3, r7
10001e48:	4698      	mov	r8, r3
10001e4a:	2310      	movs	r3, #16
10001e4c:	9304      	str	r3, [sp, #16]
10001e4e:	e7ec      	b.n	10001e2a <PICC_DumpMifareClassicSectorToSerial+0x2a>
10001e50:	48c5      	ldr	r0, [pc, #788]	; (10002168 <PICC_DumpMifareClassicSectorToSerial+0x368>)
10001e52:	f004 fb5b 	bl	1000650c <__wrap_printf>
10001e56:	e106      	b.n	10002066 <PICC_DumpMifareClassicSectorToSerial+0x266>
10001e58:	48c4      	ldr	r0, [pc, #784]	; (1000216c <PICC_DumpMifareClassicSectorToSerial+0x36c>)
10001e5a:	f004 fb57 	bl	1000650c <__wrap_printf>
10001e5e:	e10d      	b.n	1000207c <PICC_DumpMifareClassicSectorToSerial+0x27c>
10001e60:	48c3      	ldr	r0, [pc, #780]	; (10002170 <PICC_DumpMifareClassicSectorToSerial+0x370>)
10001e62:	f004 fb53 	bl	1000650c <__wrap_printf>
10001e66:	e112      	b.n	1000208e <PICC_DumpMifareClassicSectorToSerial+0x28e>
10001e68:	2020      	movs	r0, #32
10001e6a:	f004 faeb 	bl	10006444 <__wrap_putchar>
10001e6e:	e10e      	b.n	1000208e <PICC_DumpMifareClassicSectorToSerial+0x28e>
10001e70:	4682      	mov	sl, r0
10001e72:	48c0      	ldr	r0, [pc, #768]	; (10002174 <PICC_DumpMifareClassicSectorToSerial+0x374>)
10001e74:	f004 fb4a 	bl	1000650c <__wrap_printf>
10001e78:	4650      	mov	r0, sl
10001e7a:	f7ff fee1 	bl	10001c40 <GetStatusCodeName>
10001e7e:	f004 fb45 	bl	1000650c <__wrap_printf>
10001e82:	200a      	movs	r0, #10
10001e84:	f004 fade 	bl	10006444 <__wrap_putchar>
10001e88:	b011      	add	sp, #68	; 0x44
10001e8a:	bcf0      	pop	{r4, r5, r6, r7}
10001e8c:	46bb      	mov	fp, r7
10001e8e:	46b2      	mov	sl, r6
10001e90:	46a9      	mov	r9, r5
10001e92:	46a0      	mov	r8, r4
10001e94:	bdf0      	pop	{r4, r5, r6, r7, pc}
10001e96:	2020      	movs	r0, #32
10001e98:	f004 fad4 	bl	10006444 <__wrap_putchar>
10001e9c:	ab09      	add	r3, sp, #36	; 0x24
10001e9e:	5d9a      	ldrb	r2, [r3, r6]
10001ea0:	49b5      	ldr	r1, [pc, #724]	; (10002178 <PICC_DumpMifareClassicSectorToSerial+0x378>)
10001ea2:	a80f      	add	r0, sp, #60	; 0x3c
10001ea4:	f003 fd44 	bl	10005930 <__wrap_sprintf>
10001ea8:	a80f      	add	r0, sp, #60	; 0x3c
10001eaa:	f004 fb2f 	bl	1000650c <__wrap_printf>
10001eae:	2303      	movs	r3, #3
10001eb0:	403b      	ands	r3, r7
10001eb2:	2b03      	cmp	r3, #3
10001eb4:	d00c      	beq.n	10001ed0 <PICC_DumpMifareClassicSectorToSerial+0xd0>
10001eb6:	3701      	adds	r7, #1
10001eb8:	b2ff      	uxtb	r7, r7
10001eba:	2f0f      	cmp	r7, #15
10001ebc:	d80c      	bhi.n	10001ed8 <PICC_DumpMifareClassicSectorToSerial+0xd8>
10001ebe:	003e      	movs	r6, r7
10001ec0:	ab09      	add	r3, sp, #36	; 0x24
10001ec2:	5ddb      	ldrb	r3, [r3, r7]
10001ec4:	2b0f      	cmp	r3, #15
10001ec6:	d8e6      	bhi.n	10001e96 <PICC_DumpMifareClassicSectorToSerial+0x96>
10001ec8:	48ac      	ldr	r0, [pc, #688]	; (1000217c <PICC_DumpMifareClassicSectorToSerial+0x37c>)
10001eca:	f004 fb1f 	bl	1000650c <__wrap_printf>
10001ece:	e7e5      	b.n	10001e9c <PICC_DumpMifareClassicSectorToSerial+0x9c>
10001ed0:	2020      	movs	r0, #32
10001ed2:	f004 fab7 	bl	10006444 <__wrap_putchar>
10001ed6:	e7ee      	b.n	10001eb6 <PICC_DumpMifareClassicSectorToSerial+0xb6>
10001ed8:	4643      	mov	r3, r8
10001eda:	2b00      	cmp	r3, #0
10001edc:	d05d      	beq.n	10001f9a <PICC_DumpMifareClassicSectorToSerial+0x19a>
10001ede:	ab09      	add	r3, sp, #36	; 0x24
10001ee0:	79de      	ldrb	r6, [r3, #7]
10001ee2:	0931      	lsrs	r1, r6, #4
10001ee4:	7a1a      	ldrb	r2, [r3, #8]
10001ee6:	200f      	movs	r0, #15
10001ee8:	0007      	movs	r7, r0
10001eea:	4017      	ands	r7, r2
10001eec:	46b8      	mov	r8, r7
10001eee:	0912      	lsrs	r2, r2, #4
10001ef0:	799b      	ldrb	r3, [r3, #6]
10001ef2:	0007      	movs	r7, r0
10001ef4:	401f      	ands	r7, r3
10001ef6:	091b      	lsrs	r3, r3, #4
10001ef8:	4030      	ands	r0, r6
10001efa:	260f      	movs	r6, #15
10001efc:	43be      	bics	r6, r7
10001efe:	42b1      	cmp	r1, r6
10001f00:	d100      	bne.n	10001f04 <PICC_DumpMifareClassicSectorToSerial+0x104>
10001f02:	e0f5      	b.n	100020f0 <PICC_DumpMifareClassicSectorToSerial+0x2f0>
10001f04:	2301      	movs	r3, #1
10001f06:	2601      	movs	r6, #1
10001f08:	4033      	ands	r3, r6
10001f0a:	9305      	str	r3, [sp, #20]
10001f0c:	0088      	lsls	r0, r1, #2
10001f0e:	2304      	movs	r3, #4
10001f10:	469a      	mov	sl, r3
10001f12:	4003      	ands	r3, r0
10001f14:	469c      	mov	ip, r3
10001f16:	4643      	mov	r3, r8
10001f18:	0058      	lsls	r0, r3, #1
10001f1a:	2302      	movs	r3, #2
10001f1c:	4018      	ands	r0, r3
10001f1e:	4667      	mov	r7, ip
10001f20:	4338      	orrs	r0, r7
10001f22:	0037      	movs	r7, r6
10001f24:	4017      	ands	r7, r2
10001f26:	4307      	orrs	r7, r0
10001f28:	a80e      	add	r0, sp, #56	; 0x38
10001f2a:	7007      	strb	r7, [r0, #0]
10001f2c:	004f      	lsls	r7, r1, #1
10001f2e:	4653      	mov	r3, sl
10001f30:	401f      	ands	r7, r3
10001f32:	46bc      	mov	ip, r7
10001f34:	4647      	mov	r7, r8
10001f36:	3b02      	subs	r3, #2
10001f38:	401f      	ands	r7, r3
10001f3a:	46bb      	mov	fp, r7
10001f3c:	4667      	mov	r7, ip
10001f3e:	465b      	mov	r3, fp
10001f40:	431f      	orrs	r7, r3
10001f42:	46bc      	mov	ip, r7
10001f44:	1053      	asrs	r3, r2, #1
10001f46:	001f      	movs	r7, r3
10001f48:	4037      	ands	r7, r6
10001f4a:	46bb      	mov	fp, r7
10001f4c:	4667      	mov	r7, ip
10001f4e:	465b      	mov	r3, fp
10001f50:	431f      	orrs	r7, r3
10001f52:	7047      	strb	r7, [r0, #1]
10001f54:	4657      	mov	r7, sl
10001f56:	400f      	ands	r7, r1
10001f58:	46bb      	mov	fp, r7
10001f5a:	4643      	mov	r3, r8
10001f5c:	105b      	asrs	r3, r3, #1
10001f5e:	001f      	movs	r7, r3
10001f60:	2302      	movs	r3, #2
10001f62:	401f      	ands	r7, r3
10001f64:	46bc      	mov	ip, r7
10001f66:	465f      	mov	r7, fp
10001f68:	4663      	mov	r3, ip
10001f6a:	431f      	orrs	r7, r3
10001f6c:	46bc      	mov	ip, r7
10001f6e:	1093      	asrs	r3, r2, #2
10001f70:	001f      	movs	r7, r3
10001f72:	4037      	ands	r7, r6
10001f74:	46bb      	mov	fp, r7
10001f76:	4667      	mov	r7, ip
10001f78:	465b      	mov	r3, fp
10001f7a:	431f      	orrs	r7, r3
10001f7c:	7087      	strb	r7, [r0, #2]
10001f7e:	1049      	asrs	r1, r1, #1
10001f80:	4653      	mov	r3, sl
10001f82:	4019      	ands	r1, r3
10001f84:	4643      	mov	r3, r8
10001f86:	109b      	asrs	r3, r3, #2
10001f88:	2702      	movs	r7, #2
10001f8a:	403b      	ands	r3, r7
10001f8c:	4319      	orrs	r1, r3
10001f8e:	10d2      	asrs	r2, r2, #3
10001f90:	4016      	ands	r6, r2
10001f92:	4331      	orrs	r1, r6
10001f94:	70c1      	strb	r1, [r0, #3]
10001f96:	2300      	movs	r3, #0
10001f98:	4698      	mov	r8, r3
10001f9a:	9b04      	ldr	r3, [sp, #16]
10001f9c:	2b04      	cmp	r3, #4
10001f9e:	d100      	bne.n	10001fa2 <PICC_DumpMifareClassicSectorToSerial+0x1a2>
10001fa0:	e0b8      	b.n	10002114 <PICC_DumpMifareClassicSectorToSerial+0x314>
10001fa2:	2105      	movs	r1, #5
10001fa4:	0028      	movs	r0, r5
10001fa6:	f003 fd1b 	bl	100059e0 <__wrap___aeabi_idiv>
10001faa:	b2c6      	uxtb	r6, r0
10001fac:	2e03      	cmp	r6, #3
10001fae:	d100      	bne.n	10001fb2 <PICC_DumpMifareClassicSectorToSerial+0x1b2>
10001fb0:	e0ac      	b.n	1000210c <PICC_DumpMifareClassicSectorToSerial+0x30c>
10001fb2:	1c68      	adds	r0, r5, #1
10001fb4:	2105      	movs	r1, #5
10001fb6:	f003 fd13 	bl	100059e0 <__wrap___aeabi_idiv>
10001fba:	4286      	cmp	r6, r0
10001fbc:	d100      	bne.n	10001fc0 <PICC_DumpMifareClassicSectorToSerial+0x1c0>
10001fbe:	e0a7      	b.n	10002110 <PICC_DumpMifareClassicSectorToSerial+0x310>
10001fc0:	2301      	movs	r3, #1
10001fc2:	2b00      	cmp	r3, #0
10001fc4:	d030      	beq.n	10002028 <PICC_DumpMifareClassicSectorToSerial+0x228>
10001fc6:	486e      	ldr	r0, [pc, #440]	; (10002180 <PICC_DumpMifareClassicSectorToSerial+0x380>)
10001fc8:	f004 faa0 	bl	1000650c <__wrap_printf>
10001fcc:	ab0e      	add	r3, sp, #56	; 0x38
10001fce:	5d9b      	ldrb	r3, [r3, r6]
10001fd0:	469b      	mov	fp, r3
10001fd2:	089a      	lsrs	r2, r3, #2
10001fd4:	2501      	movs	r5, #1
10001fd6:	402a      	ands	r2, r5
10001fd8:	4b6a      	ldr	r3, [pc, #424]	; (10002184 <PICC_DumpMifareClassicSectorToSerial+0x384>)
10001fda:	469a      	mov	sl, r3
10001fdc:	0019      	movs	r1, r3
10001fde:	a80f      	add	r0, sp, #60	; 0x3c
10001fe0:	f003 fca6 	bl	10005930 <__wrap_sprintf>
10001fe4:	a80f      	add	r0, sp, #60	; 0x3c
10001fe6:	f004 fa91 	bl	1000650c <__wrap_printf>
10001fea:	2020      	movs	r0, #32
10001fec:	f004 fa2a 	bl	10006444 <__wrap_putchar>
10001ff0:	465b      	mov	r3, fp
10001ff2:	085a      	lsrs	r2, r3, #1
10001ff4:	402a      	ands	r2, r5
10001ff6:	4651      	mov	r1, sl
10001ff8:	a80f      	add	r0, sp, #60	; 0x3c
10001ffa:	f003 fc99 	bl	10005930 <__wrap_sprintf>
10001ffe:	a80f      	add	r0, sp, #60	; 0x3c
10002000:	f004 fa84 	bl	1000650c <__wrap_printf>
10002004:	2020      	movs	r0, #32
10002006:	f004 fa1d 	bl	10006444 <__wrap_putchar>
1000200a:	465a      	mov	r2, fp
1000200c:	402a      	ands	r2, r5
1000200e:	4651      	mov	r1, sl
10002010:	a80f      	add	r0, sp, #60	; 0x3c
10002012:	f003 fc8d 	bl	10005930 <__wrap_sprintf>
10002016:	a80f      	add	r0, sp, #60	; 0x3c
10002018:	f004 fa78 	bl	1000650c <__wrap_printf>
1000201c:	485a      	ldr	r0, [pc, #360]	; (10002188 <PICC_DumpMifareClassicSectorToSerial+0x388>)
1000201e:	f004 fa75 	bl	1000650c <__wrap_printf>
10002022:	9b05      	ldr	r3, [sp, #20]
10002024:	2b00      	cmp	r3, #0
10002026:	d177      	bne.n	10002118 <PICC_DumpMifareClassicSectorToSerial+0x318>
10002028:	2e03      	cmp	r6, #3
1000202a:	d005      	beq.n	10002038 <PICC_DumpMifareClassicSectorToSerial+0x238>
1000202c:	ab0e      	add	r3, sp, #56	; 0x38
1000202e:	5d9b      	ldrb	r3, [r3, r6]
10002030:	2b01      	cmp	r3, #1
10002032:	d075      	beq.n	10002120 <PICC_DumpMifareClassicSectorToSerial+0x320>
10002034:	2b06      	cmp	r3, #6
10002036:	d073      	beq.n	10002120 <PICC_DumpMifareClassicSectorToSerial+0x320>
10002038:	4854      	ldr	r0, [pc, #336]	; (1000218c <PICC_DumpMifareClassicSectorToSerial+0x38c>)
1000203a:	f004 fa37 	bl	100064ac <__wrap_puts>
1000203e:	3c01      	subs	r4, #1
10002040:	b265      	sxtb	r5, r4
10002042:	2d00      	cmp	r5, #0
10002044:	da00      	bge.n	10002048 <PICC_DumpMifareClassicSectorToSerial+0x248>
10002046:	e71f      	b.n	10001e88 <PICC_DumpMifareClassicSectorToSerial+0x88>
10002048:	b2ec      	uxtb	r4, r5
1000204a:	9b02      	ldr	r3, [sp, #8]
1000204c:	18e6      	adds	r6, r4, r3
1000204e:	b2f6      	uxtb	r6, r6
10002050:	4643      	mov	r3, r8
10002052:	2b00      	cmp	r3, #0
10002054:	d100      	bne.n	10002058 <PICC_DumpMifareClassicSectorToSerial+0x258>
10002056:	e6ff      	b.n	10001e58 <PICC_DumpMifareClassicSectorToSerial+0x58>
10002058:	464b      	mov	r3, r9
1000205a:	2b09      	cmp	r3, #9
1000205c:	d900      	bls.n	10002060 <PICC_DumpMifareClassicSectorToSerial+0x260>
1000205e:	e6f7      	b.n	10001e50 <PICC_DumpMifareClassicSectorToSerial+0x50>
10002060:	4843      	ldr	r0, [pc, #268]	; (10002170 <PICC_DumpMifareClassicSectorToSerial+0x370>)
10002062:	f004 fa53 	bl	1000650c <__wrap_printf>
10002066:	464a      	mov	r2, r9
10002068:	4946      	ldr	r1, [pc, #280]	; (10002184 <PICC_DumpMifareClassicSectorToSerial+0x384>)
1000206a:	a80f      	add	r0, sp, #60	; 0x3c
1000206c:	f003 fc60 	bl	10005930 <__wrap_sprintf>
10002070:	a80f      	add	r0, sp, #60	; 0x3c
10002072:	f004 fa4b 	bl	1000650c <__wrap_printf>
10002076:	483e      	ldr	r0, [pc, #248]	; (10002170 <PICC_DumpMifareClassicSectorToSerial+0x370>)
10002078:	f004 fa48 	bl	1000650c <__wrap_printf>
1000207c:	2e09      	cmp	r6, #9
1000207e:	d800      	bhi.n	10002082 <PICC_DumpMifareClassicSectorToSerial+0x282>
10002080:	e6ee      	b.n	10001e60 <PICC_DumpMifareClassicSectorToSerial+0x60>
10002082:	2e63      	cmp	r6, #99	; 0x63
10002084:	d900      	bls.n	10002088 <PICC_DumpMifareClassicSectorToSerial+0x288>
10002086:	e6ef      	b.n	10001e68 <PICC_DumpMifareClassicSectorToSerial+0x68>
10002088:	4837      	ldr	r0, [pc, #220]	; (10002168 <PICC_DumpMifareClassicSectorToSerial+0x368>)
1000208a:	f004 fa3f 	bl	1000650c <__wrap_printf>
1000208e:	0032      	movs	r2, r6
10002090:	493c      	ldr	r1, [pc, #240]	; (10002184 <PICC_DumpMifareClassicSectorToSerial+0x384>)
10002092:	a80f      	add	r0, sp, #60	; 0x3c
10002094:	f003 fc4c 	bl	10005930 <__wrap_sprintf>
10002098:	a80f      	add	r0, sp, #60	; 0x3c
1000209a:	f004 fa37 	bl	1000650c <__wrap_printf>
1000209e:	4832      	ldr	r0, [pc, #200]	; (10002168 <PICC_DumpMifareClassicSectorToSerial+0x368>)
100020a0:	f004 fa34 	bl	1000650c <__wrap_printf>
100020a4:	4643      	mov	r3, r8
100020a6:	2b00      	cmp	r3, #0
100020a8:	d00a      	beq.n	100020c0 <PICC_DumpMifareClassicSectorToSerial+0x2c0>
100020aa:	9b06      	ldr	r3, [sp, #24]
100020ac:	9300      	str	r3, [sp, #0]
100020ae:	9b07      	ldr	r3, [sp, #28]
100020b0:	9a02      	ldr	r2, [sp, #8]
100020b2:	2160      	movs	r1, #96	; 0x60
100020b4:	9803      	ldr	r0, [sp, #12]
100020b6:	f7ff fd6b 	bl	10001b90 <PCD_Authenticate>
100020ba:	2800      	cmp	r0, #0
100020bc:	d000      	beq.n	100020c0 <PICC_DumpMifareClassicSectorToSerial+0x2c0>
100020be:	e6d7      	b.n	10001e70 <PICC_DumpMifareClassicSectorToSerial+0x70>
100020c0:	231f      	movs	r3, #31
100020c2:	aa06      	add	r2, sp, #24
100020c4:	4694      	mov	ip, r2
100020c6:	4463      	add	r3, ip
100020c8:	2212      	movs	r2, #18
100020ca:	701a      	strb	r2, [r3, #0]
100020cc:	aa09      	add	r2, sp, #36	; 0x24
100020ce:	0031      	movs	r1, r6
100020d0:	9803      	ldr	r0, [sp, #12]
100020d2:	f7ff fd8e 	bl	10001bf2 <MIFARE_Read>
100020d6:	0006      	movs	r6, r0
100020d8:	1e07      	subs	r7, r0, #0
100020da:	d100      	bne.n	100020de <PICC_DumpMifareClassicSectorToSerial+0x2de>
100020dc:	e6ed      	b.n	10001eba <PICC_DumpMifareClassicSectorToSerial+0xba>
100020de:	482c      	ldr	r0, [pc, #176]	; (10002190 <PICC_DumpMifareClassicSectorToSerial+0x390>)
100020e0:	f004 fa14 	bl	1000650c <__wrap_printf>
100020e4:	0030      	movs	r0, r6
100020e6:	f7ff fdab 	bl	10001c40 <GetStatusCodeName>
100020ea:	f004 fa0f 	bl	1000650c <__wrap_printf>
100020ee:	e7a6      	b.n	1000203e <PICC_DumpMifareClassicSectorToSerial+0x23e>
100020f0:	260f      	movs	r6, #15
100020f2:	439e      	bics	r6, r3
100020f4:	45b0      	cmp	r8, r6
100020f6:	d001      	beq.n	100020fc <PICC_DumpMifareClassicSectorToSerial+0x2fc>
100020f8:	2301      	movs	r3, #1
100020fa:	e704      	b.n	10001f06 <PICC_DumpMifareClassicSectorToSerial+0x106>
100020fc:	230f      	movs	r3, #15
100020fe:	4383      	bics	r3, r0
10002100:	429a      	cmp	r2, r3
10002102:	d001      	beq.n	10002108 <PICC_DumpMifareClassicSectorToSerial+0x308>
10002104:	2301      	movs	r3, #1
10002106:	e6fe      	b.n	10001f06 <PICC_DumpMifareClassicSectorToSerial+0x106>
10002108:	2300      	movs	r3, #0
1000210a:	e6fc      	b.n	10001f06 <PICC_DumpMifareClassicSectorToSerial+0x106>
1000210c:	2301      	movs	r3, #1
1000210e:	e758      	b.n	10001fc2 <PICC_DumpMifareClassicSectorToSerial+0x1c2>
10002110:	2300      	movs	r3, #0
10002112:	e756      	b.n	10001fc2 <PICC_DumpMifareClassicSectorToSerial+0x1c2>
10002114:	0026      	movs	r6, r4
10002116:	e756      	b.n	10001fc6 <PICC_DumpMifareClassicSectorToSerial+0x1c6>
10002118:	481e      	ldr	r0, [pc, #120]	; (10002194 <PICC_DumpMifareClassicSectorToSerial+0x394>)
1000211a:	f004 f9f7 	bl	1000650c <__wrap_printf>
1000211e:	e783      	b.n	10002028 <PICC_DumpMifareClassicSectorToSerial+0x228>
10002120:	ad09      	add	r5, sp, #36	; 0x24
10002122:	78ee      	ldrb	r6, [r5, #3]
10002124:	0636      	lsls	r6, r6, #24
10002126:	78aa      	ldrb	r2, [r5, #2]
10002128:	0412      	lsls	r2, r2, #16
1000212a:	4316      	orrs	r6, r2
1000212c:	786a      	ldrb	r2, [r5, #1]
1000212e:	0212      	lsls	r2, r2, #8
10002130:	4316      	orrs	r6, r2
10002132:	782a      	ldrb	r2, [r5, #0]
10002134:	4316      	orrs	r6, r2
10002136:	4818      	ldr	r0, [pc, #96]	; (10002198 <PICC_DumpMifareClassicSectorToSerial+0x398>)
10002138:	f004 f9e8 	bl	1000650c <__wrap_printf>
1000213c:	22ff      	movs	r2, #255	; 0xff
1000213e:	4032      	ands	r2, r6
10002140:	4e0d      	ldr	r6, [pc, #52]	; (10002178 <PICC_DumpMifareClassicSectorToSerial+0x378>)
10002142:	0031      	movs	r1, r6
10002144:	a80f      	add	r0, sp, #60	; 0x3c
10002146:	f003 fbf3 	bl	10005930 <__wrap_sprintf>
1000214a:	a80f      	add	r0, sp, #60	; 0x3c
1000214c:	f004 f9de 	bl	1000650c <__wrap_printf>
10002150:	4812      	ldr	r0, [pc, #72]	; (1000219c <PICC_DumpMifareClassicSectorToSerial+0x39c>)
10002152:	f004 f9db 	bl	1000650c <__wrap_printf>
10002156:	7b2a      	ldrb	r2, [r5, #12]
10002158:	0031      	movs	r1, r6
1000215a:	a80f      	add	r0, sp, #60	; 0x3c
1000215c:	f003 fbe8 	bl	10005930 <__wrap_sprintf>
10002160:	a80f      	add	r0, sp, #60	; 0x3c
10002162:	f004 f9d3 	bl	1000650c <__wrap_printf>
10002166:	e767      	b.n	10002038 <PICC_DumpMifareClassicSectorToSerial+0x238>
10002168:	10009c00 	.word	0x10009c00
1000216c:	10009c08 	.word	0x10009c08
10002170:	10009c0c 	.word	0x10009c0c
10002174:	10009c10 	.word	0x10009c10
10002178:	10009b4c 	.word	0x10009b4c
1000217c:	1000b168 	.word	0x1000b168
10002180:	10009c44 	.word	0x10009c44
10002184:	10009c04 	.word	0x10009c04
10002188:	10009c48 	.word	0x10009c48
1000218c:	10009198 	.word	0x10009198
10002190:	10009c2c 	.word	0x10009c2c
10002194:	10009c4c 	.word	0x10009c4c
10002198:	10009c74 	.word	0x10009c74
1000219c:	10009c80 	.word	0x10009c80

100021a0 <PICC_DumpMifareClassicToSerial>:
100021a0:	b5f8      	push	{r3, r4, r5, r6, r7, lr}
100021a2:	0005      	movs	r5, r0
100021a4:	000e      	movs	r6, r1
100021a6:	001f      	movs	r7, r3
100021a8:	2a04      	cmp	r2, #4
100021aa:	d009      	beq.n	100021c0 <PICC_DumpMifareClassicToSerial+0x20>
100021ac:	2a05      	cmp	r2, #5
100021ae:	d009      	beq.n	100021c4 <PICC_DumpMifareClassicToSerial+0x24>
100021b0:	2a03      	cmp	r2, #3
100021b2:	d114      	bne.n	100021de <PICC_DumpMifareClassicToSerial+0x3e>
100021b4:	2405      	movs	r4, #5
100021b6:	480d      	ldr	r0, [pc, #52]	; (100021ec <PICC_DumpMifareClassicToSerial+0x4c>)
100021b8:	f004 f978 	bl	100064ac <__wrap_puts>
100021bc:	3c01      	subs	r4, #1
100021be:	e00c      	b.n	100021da <PICC_DumpMifareClassicToSerial+0x3a>
100021c0:	2410      	movs	r4, #16
100021c2:	e7f8      	b.n	100021b6 <PICC_DumpMifareClassicToSerial+0x16>
100021c4:	2428      	movs	r4, #40	; 0x28
100021c6:	e7f6      	b.n	100021b6 <PICC_DumpMifareClassicToSerial+0x16>
100021c8:	b2e4      	uxtb	r4, r4
100021ca:	0023      	movs	r3, r4
100021cc:	003a      	movs	r2, r7
100021ce:	0031      	movs	r1, r6
100021d0:	0028      	movs	r0, r5
100021d2:	f7ff fe15 	bl	10001e00 <PICC_DumpMifareClassicSectorToSerial>
100021d6:	3c01      	subs	r4, #1
100021d8:	b264      	sxtb	r4, r4
100021da:	2c00      	cmp	r4, #0
100021dc:	daf4      	bge.n	100021c8 <PICC_DumpMifareClassicToSerial+0x28>
100021de:	0028      	movs	r0, r5
100021e0:	f7ff fcb1 	bl	10001b46 <PICC_HaltA>
100021e4:	0028      	movs	r0, r5
100021e6:	f7ff fcfe 	bl	10001be6 <PCD_StopCrypto1>
100021ea:	bdf8      	pop	{r3, r4, r5, r6, r7, pc}
100021ec:	10009c88 	.word	0x10009c88

100021f0 <PICC_DumpMifareUltralightToSerial>:
100021f0:	b5f0      	push	{r4, r5, r6, r7, lr}
100021f2:	46ce      	mov	lr, r9
100021f4:	b500      	push	{lr}
100021f6:	b088      	sub	sp, #32
100021f8:	4681      	mov	r9, r0
100021fa:	4830      	ldr	r0, [pc, #192]	; (100022bc <PICC_DumpMifareUltralightToSerial+0xcc>)
100021fc:	f004 f956 	bl	100064ac <__wrap_puts>
10002200:	2500      	movs	r5, #0
10002202:	e048      	b.n	10002296 <PICC_DumpMifareUltralightToSerial+0xa6>
10002204:	482e      	ldr	r0, [pc, #184]	; (100022c0 <PICC_DumpMifareUltralightToSerial+0xd0>)
10002206:	f004 f981 	bl	1000650c <__wrap_printf>
1000220a:	9801      	ldr	r0, [sp, #4]
1000220c:	f7ff fd18 	bl	10001c40 <GetStatusCodeName>
10002210:	f004 f97c 	bl	1000650c <__wrap_printf>
10002214:	b008      	add	sp, #32
10002216:	bc80      	pop	{r7}
10002218:	46b9      	mov	r9, r7
1000221a:	bdf0      	pop	{r4, r5, r6, r7, pc}
1000221c:	2020      	movs	r0, #32
1000221e:	f004 f911 	bl	10006444 <__wrap_putchar>
10002222:	e029      	b.n	10002278 <PICC_DumpMifareUltralightToSerial+0x88>
10002224:	2020      	movs	r0, #32
10002226:	f004 f90d 	bl	10006444 <__wrap_putchar>
1000222a:	ab02      	add	r3, sp, #8
1000222c:	5d1a      	ldrb	r2, [r3, r4]
1000222e:	4925      	ldr	r1, [pc, #148]	; (100022c4 <PICC_DumpMifareUltralightToSerial+0xd4>)
10002230:	a807      	add	r0, sp, #28
10002232:	f003 fb7d 	bl	10005930 <__wrap_sprintf>
10002236:	a807      	add	r0, sp, #28
10002238:	f004 f968 	bl	1000650c <__wrap_printf>
1000223c:	3601      	adds	r6, #1
1000223e:	b2f6      	uxtb	r6, r6
10002240:	2e03      	cmp	r6, #3
10002242:	d80b      	bhi.n	1000225c <PICC_DumpMifareUltralightToSerial+0x6c>
10002244:	00bc      	lsls	r4, r7, #2
10002246:	b2e4      	uxtb	r4, r4
10002248:	19a4      	adds	r4, r4, r6
1000224a:	b2e4      	uxtb	r4, r4
1000224c:	ab02      	add	r3, sp, #8
1000224e:	5d1b      	ldrb	r3, [r3, r4]
10002250:	2b0f      	cmp	r3, #15
10002252:	d8e7      	bhi.n	10002224 <PICC_DumpMifareUltralightToSerial+0x34>
10002254:	481c      	ldr	r0, [pc, #112]	; (100022c8 <PICC_DumpMifareUltralightToSerial+0xd8>)
10002256:	f004 f959 	bl	1000650c <__wrap_printf>
1000225a:	e7e6      	b.n	1000222a <PICC_DumpMifareUltralightToSerial+0x3a>
1000225c:	481b      	ldr	r0, [pc, #108]	; (100022cc <PICC_DumpMifareUltralightToSerial+0xdc>)
1000225e:	f004 f925 	bl	100064ac <__wrap_puts>
10002262:	3701      	adds	r7, #1
10002264:	b2ff      	uxtb	r7, r7
10002266:	2f03      	cmp	r7, #3
10002268:	d813      	bhi.n	10002292 <PICC_DumpMifareUltralightToSerial+0xa2>
1000226a:	19ec      	adds	r4, r5, r7
1000226c:	b2e4      	uxtb	r4, r4
1000226e:	2c09      	cmp	r4, #9
10002270:	d8d4      	bhi.n	1000221c <PICC_DumpMifareUltralightToSerial+0x2c>
10002272:	4817      	ldr	r0, [pc, #92]	; (100022d0 <PICC_DumpMifareUltralightToSerial+0xe0>)
10002274:	f004 f94a 	bl	1000650c <__wrap_printf>
10002278:	0022      	movs	r2, r4
1000227a:	4916      	ldr	r1, [pc, #88]	; (100022d4 <PICC_DumpMifareUltralightToSerial+0xe4>)
1000227c:	a807      	add	r0, sp, #28
1000227e:	f003 fb57 	bl	10005930 <__wrap_sprintf>
10002282:	a807      	add	r0, sp, #28
10002284:	f004 f942 	bl	1000650c <__wrap_printf>
10002288:	4811      	ldr	r0, [pc, #68]	; (100022d0 <PICC_DumpMifareUltralightToSerial+0xe0>)
1000228a:	f004 f93f 	bl	1000650c <__wrap_printf>
1000228e:	9e01      	ldr	r6, [sp, #4]
10002290:	e7d6      	b.n	10002240 <PICC_DumpMifareUltralightToSerial+0x50>
10002292:	3504      	adds	r5, #4
10002294:	b2ed      	uxtb	r5, r5
10002296:	2d0f      	cmp	r5, #15
10002298:	d8bc      	bhi.n	10002214 <PICC_DumpMifareUltralightToSerial+0x24>
1000229a:	2313      	movs	r3, #19
1000229c:	aa02      	add	r2, sp, #8
1000229e:	4694      	mov	ip, r2
100022a0:	4463      	add	r3, ip
100022a2:	2212      	movs	r2, #18
100022a4:	701a      	strb	r2, [r3, #0]
100022a6:	4662      	mov	r2, ip
100022a8:	0029      	movs	r1, r5
100022aa:	4648      	mov	r0, r9
100022ac:	f7ff fca1 	bl	10001bf2 <MIFARE_Read>
100022b0:	9001      	str	r0, [sp, #4]
100022b2:	2800      	cmp	r0, #0
100022b4:	d1a6      	bne.n	10002204 <PICC_DumpMifareUltralightToSerial+0x14>
100022b6:	9f01      	ldr	r7, [sp, #4]
100022b8:	e7d5      	b.n	10002266 <PICC_DumpMifareUltralightToSerial+0x76>
100022ba:	46c0      	nop			; (mov r8, r8)
100022bc:	10009cd8 	.word	0x10009cd8
100022c0:	10009c2c 	.word	0x10009c2c
100022c4:	10009b4c 	.word	0x10009b4c
100022c8:	1000b168 	.word	0x1000b168
100022cc:	10009198 	.word	0x10009198
100022d0:	10009c00 	.word	0x10009c00
100022d4:	10009c04 	.word	0x10009c04

100022d8 <PICC_DumpToSerial>:
100022d8:	b530      	push	{r4, r5, lr}
100022da:	b083      	sub	sp, #12
100022dc:	0005      	movs	r5, r0
100022de:	000c      	movs	r4, r1
100022e0:	0008      	movs	r0, r1
100022e2:	f7ff fd3b 	bl	10001d5c <PICC_DumpDetailsToSerial>
100022e6:	7ae0      	ldrb	r0, [r4, #11]
100022e8:	f7ff fce0 	bl	10001cac <PICC_GetType>
100022ec:	0002      	movs	r2, r0
100022ee:	2806      	cmp	r0, #6
100022f0:	d028      	beq.n	10002344 <PICC_DumpToSerial+0x6c>
100022f2:	d812      	bhi.n	1000231a <PICC_DumpToSerial+0x42>
100022f4:	2802      	cmp	r0, #2
100022f6:	d905      	bls.n	10002304 <PICC_DumpToSerial+0x2c>
100022f8:	1ec3      	subs	r3, r0, #3
100022fa:	b2db      	uxtb	r3, r3
100022fc:	2b02      	cmp	r3, #2
100022fe:	d804      	bhi.n	1000230a <PICC_DumpToSerial+0x32>
10002300:	2300      	movs	r3, #0
10002302:	e017      	b.n	10002334 <PICC_DumpToSerial+0x5c>
10002304:	b242      	sxtb	r2, r0
10002306:	2a00      	cmp	r2, #0
10002308:	d10b      	bne.n	10002322 <PICC_DumpToSerial+0x4a>
1000230a:	4810      	ldr	r0, [pc, #64]	; (1000234c <PICC_DumpToSerial+0x74>)
1000230c:	f004 f8ce 	bl	100064ac <__wrap_puts>
10002310:	0028      	movs	r0, r5
10002312:	f7ff fc18 	bl	10001b46 <PICC_HaltA>
10002316:	b003      	add	sp, #12
10002318:	bd30      	pop	{r4, r5, pc}
1000231a:	3a07      	subs	r2, #7
1000231c:	b2d2      	uxtb	r2, r2
1000231e:	2a01      	cmp	r2, #1
10002320:	d8f3      	bhi.n	1000230a <PICC_DumpToSerial+0x32>
10002322:	480b      	ldr	r0, [pc, #44]	; (10002350 <PICC_DumpToSerial+0x78>)
10002324:	f004 f8c2 	bl	100064ac <__wrap_puts>
10002328:	e7ef      	b.n	1000230a <PICC_DumpToSerial+0x32>
1000232a:	21ff      	movs	r1, #255	; 0xff
1000232c:	4668      	mov	r0, sp
1000232e:	54c1      	strb	r1, [r0, r3]
10002330:	3301      	adds	r3, #1
10002332:	b2db      	uxtb	r3, r3
10002334:	2b05      	cmp	r3, #5
10002336:	d9f8      	bls.n	1000232a <PICC_DumpToSerial+0x52>
10002338:	466b      	mov	r3, sp
1000233a:	0021      	movs	r1, r4
1000233c:	0028      	movs	r0, r5
1000233e:	f7ff ff2f 	bl	100021a0 <PICC_DumpMifareClassicToSerial>
10002342:	e7e2      	b.n	1000230a <PICC_DumpToSerial+0x32>
10002344:	0028      	movs	r0, r5
10002346:	f7ff ff53 	bl	100021f0 <PICC_DumpMifareUltralightToSerial>
1000234a:	e7de      	b.n	1000230a <PICC_DumpToSerial+0x32>
1000234c:	10009198 	.word	0x10009198
10002350:	10009cec 	.word	0x10009cec

10002354 <PICC_IsNewCardPresent>:
10002354:	b500      	push	{lr}
10002356:	b083      	sub	sp, #12
10002358:	466b      	mov	r3, sp
1000235a:	1cda      	adds	r2, r3, #3
1000235c:	2302      	movs	r3, #2
1000235e:	7013      	strb	r3, [r2, #0]
10002360:	a901      	add	r1, sp, #4
10002362:	f7ff fa4b 	bl	100017fc <PICC_RequestA>
10002366:	2800      	cmp	r0, #0
10002368:	d005      	beq.n	10002376 <PICC_IsNewCardPresent+0x22>
1000236a:	2802      	cmp	r0, #2
1000236c:	d001      	beq.n	10002372 <PICC_IsNewCardPresent+0x1e>
1000236e:	2000      	movs	r0, #0
10002370:	e002      	b.n	10002378 <PICC_IsNewCardPresent+0x24>
10002372:	3801      	subs	r0, #1
10002374:	e000      	b.n	10002378 <PICC_IsNewCardPresent+0x24>
10002376:	2001      	movs	r0, #1
10002378:	b003      	add	sp, #12
1000237a:	bd00      	pop	{pc}

1000237c <PICC_ReadCardSerial>:
1000237c:	b510      	push	{r4, lr}
1000237e:	2200      	movs	r2, #0
10002380:	0001      	movs	r1, r0
10002382:	f7ff fa42 	bl	1000180a <PICC_Select>
10002386:	4243      	negs	r3, r0
10002388:	4158      	adcs	r0, r3
1000238a:	b2c0      	uxtb	r0, r0
1000238c:	bd10      	pop	{r4, pc}
	...

10002390 <pico_keypad_init>:
10002390:	b5f8      	push	{r3, r4, r5, r6, r7, lr}
10002392:	46ce      	mov	lr, r9
10002394:	4647      	mov	r7, r8
10002396:	b580      	push	{r7, lr}
10002398:	4680      	mov	r8, r0
1000239a:	000f      	movs	r7, r1
1000239c:	2300      	movs	r3, #0
1000239e:	e003      	b.n	100023a8 <pico_keypad_init+0x18>
100023a0:	5cd5      	ldrb	r5, [r2, r3]
100023a2:	4c1e      	ldr	r4, [pc, #120]	; (1000241c <pico_keypad_init+0x8c>)
100023a4:	54e5      	strb	r5, [r4, r3]
100023a6:	3301      	adds	r3, #1
100023a8:	2b0f      	cmp	r3, #15
100023aa:	ddf9      	ble.n	100023a0 <pico_keypad_init+0x10>
100023ac:	2500      	movs	r5, #0
100023ae:	2d03      	cmp	r5, #3
100023b0:	dc22      	bgt.n	100023f8 <pico_keypad_init+0x68>
100023b2:	00ac      	lsls	r4, r5, #2
100023b4:	4643      	mov	r3, r8
100023b6:	5918      	ldr	r0, [r3, r4]
100023b8:	4b19      	ldr	r3, [pc, #100]	; (10002420 <pico_keypad_init+0x90>)
100023ba:	4699      	mov	r9, r3
100023bc:	50e0      	str	r0, [r4, r3]
100023be:	4e19      	ldr	r6, [pc, #100]	; (10002424 <pico_keypad_init+0x94>)
100023c0:	593b      	ldr	r3, [r7, r4]
100023c2:	51a3      	str	r3, [r4, r6]
100023c4:	f000 f9dc 	bl	10002780 <gpio_init>
100023c8:	59a0      	ldr	r0, [r4, r6]
100023ca:	f000 f9d9 	bl	10002780 <gpio_init>
100023ce:	464b      	mov	r3, r9
100023d0:	58e2      	ldr	r2, [r4, r3]
100023d2:	2301      	movs	r3, #1
100023d4:	0019      	movs	r1, r3
100023d6:	4091      	lsls	r1, r2
100023d8:	000a      	movs	r2, r1
100023da:	21d0      	movs	r1, #208	; 0xd0
100023dc:	0609      	lsls	r1, r1, #24
100023de:	628a      	str	r2, [r1, #40]	; 0x28
100023e0:	59a0      	ldr	r0, [r4, r6]
100023e2:	4083      	lsls	r3, r0
100023e4:	624b      	str	r3, [r1, #36]	; 0x24
100023e6:	614b      	str	r3, [r1, #20]
100023e8:	490f      	ldr	r1, [pc, #60]	; (10002428 <pico_keypad_init+0x98>)
100023ea:	680b      	ldr	r3, [r1, #0]
100023ec:	18d3      	adds	r3, r2, r3
100023ee:	600b      	str	r3, [r1, #0]
100023f0:	4b0e      	ldr	r3, [pc, #56]	; (1000242c <pico_keypad_init+0x9c>)
100023f2:	50e2      	str	r2, [r4, r3]
100023f4:	3501      	adds	r5, #1
100023f6:	e7da      	b.n	100023ae <pico_keypad_init+0x1e>
100023f8:	f001 fbee 	bl	10003bd8 <time_us_64>
100023fc:	2900      	cmp	r1, #0
100023fe:	db06      	blt.n	1000240e <pico_keypad_init+0x7e>
10002400:	4b0b      	ldr	r3, [pc, #44]	; (10002430 <pico_keypad_init+0xa0>)
10002402:	6018      	str	r0, [r3, #0]
10002404:	6059      	str	r1, [r3, #4]
10002406:	bcc0      	pop	{r6, r7}
10002408:	46b9      	mov	r9, r7
1000240a:	46b0      	mov	r8, r6
1000240c:	bdf8      	pop	{r3, r4, r5, r6, r7, pc}
1000240e:	4b09      	ldr	r3, [pc, #36]	; (10002434 <pico_keypad_init+0xa4>)
10002410:	4a09      	ldr	r2, [pc, #36]	; (10002438 <pico_keypad_init+0xa8>)
10002412:	213f      	movs	r1, #63	; 0x3f
10002414:	4809      	ldr	r0, [pc, #36]	; (1000243c <pico_keypad_init+0xac>)
10002416:	f002 f945 	bl	100046a4 <__assert_func>
1000241a:	46c0      	nop			; (mov r8, r8)
1000241c:	20001318 	.word	0x20001318
10002420:	200012f4 	.word	0x200012f4
10002424:	20001328 	.word	0x20001328
10002428:	200014ac 	.word	0x200014ac
1000242c:	200015c4 	.word	0x200015c4
10002430:	20001000 	.word	0x20001000
10002434:	100090e4 	.word	0x100090e4
10002438:	10009d2c 	.word	0x10009d2c
1000243c:	10009100 	.word	0x10009100

10002440 <debounce_time_passed>:
10002440:	b510      	push	{r4, lr}
10002442:	f001 fbc9 	bl	10003bd8 <time_us_64>
10002446:	0002      	movs	r2, r0
10002448:	1e0b      	subs	r3, r1, #0
1000244a:	db09      	blt.n	10002460 <debounce_time_passed+0x20>
1000244c:	490b      	ldr	r1, [pc, #44]	; (1000247c <debounce_time_passed+0x3c>)
1000244e:	6808      	ldr	r0, [r1, #0]
10002450:	6849      	ldr	r1, [r1, #4]
10002452:	1a12      	subs	r2, r2, r0
10002454:	418b      	sbcs	r3, r1
10002456:	2001      	movs	r0, #1
10002458:	2b00      	cmp	r3, #0
1000245a:	dd07      	ble.n	1000246c <debounce_time_passed+0x2c>
1000245c:	b2c0      	uxtb	r0, r0
1000245e:	bd10      	pop	{r4, pc}
10002460:	4b07      	ldr	r3, [pc, #28]	; (10002480 <debounce_time_passed+0x40>)
10002462:	4a08      	ldr	r2, [pc, #32]	; (10002484 <debounce_time_passed+0x44>)
10002464:	213f      	movs	r1, #63	; 0x3f
10002466:	4808      	ldr	r0, [pc, #32]	; (10002488 <debounce_time_passed+0x48>)
10002468:	f002 f91c 	bl	100046a4 <__assert_func>
1000246c:	2b00      	cmp	r3, #0
1000246e:	d102      	bne.n	10002476 <debounce_time_passed+0x36>
10002470:	4b06      	ldr	r3, [pc, #24]	; (1000248c <debounce_time_passed+0x4c>)
10002472:	429a      	cmp	r2, r3
10002474:	d8f2      	bhi.n	1000245c <debounce_time_passed+0x1c>
10002476:	2000      	movs	r0, #0
10002478:	e7f0      	b.n	1000245c <debounce_time_passed+0x1c>
1000247a:	46c0      	nop			; (mov r8, r8)
1000247c:	20001000 	.word	0x20001000
10002480:	100090e4 	.word	0x100090e4
10002484:	10009d2c 	.word	0x10009d2c
10002488:	10009100 	.word	0x10009100
1000248c:	0000c350 	.word	0x0000c350

10002490 <pico_keypad_get_key>:
10002490:	b5f0      	push	{r4, r5, r6, r7, lr}
10002492:	46c6      	mov	lr, r8
10002494:	b500      	push	{lr}
10002496:	23d0      	movs	r3, #208	; 0xd0
10002498:	061b      	lsls	r3, r3, #24
1000249a:	685a      	ldr	r2, [r3, #4]
1000249c:	4b33      	ldr	r3, [pc, #204]	; (1000256c <pico_keypad_get_key+0xdc>)
1000249e:	681b      	ldr	r3, [r3, #0]
100024a0:	0010      	movs	r0, r2
100024a2:	4018      	ands	r0, r3
100024a4:	421a      	tst	r2, r3
100024a6:	d05d      	beq.n	10002564 <pico_keypad_get_key+0xd4>
100024a8:	2300      	movs	r3, #0
100024aa:	e008      	b.n	100024be <pico_keypad_get_key+0x2e>
100024ac:	0099      	lsls	r1, r3, #2
100024ae:	4a30      	ldr	r2, [pc, #192]	; (10002570 <pico_keypad_get_key+0xe0>)
100024b0:	5889      	ldr	r1, [r1, r2]
100024b2:	2201      	movs	r2, #1
100024b4:	408a      	lsls	r2, r1
100024b6:	21d0      	movs	r1, #208	; 0xd0
100024b8:	0609      	lsls	r1, r1, #24
100024ba:	618a      	str	r2, [r1, #24]
100024bc:	3301      	adds	r3, #1
100024be:	2b03      	cmp	r3, #3
100024c0:	ddf4      	ble.n	100024ac <pico_keypad_get_key+0x1c>
100024c2:	2400      	movs	r4, #0
100024c4:	2c03      	cmp	r4, #3
100024c6:	dc1b      	bgt.n	10002500 <pico_keypad_get_key+0x70>
100024c8:	4f29      	ldr	r7, [pc, #164]	; (10002570 <pico_keypad_get_key+0xe0>)
100024ca:	00a3      	lsls	r3, r4, #2
100024cc:	4698      	mov	r8, r3
100024ce:	2501      	movs	r5, #1
100024d0:	001a      	movs	r2, r3
100024d2:	002b      	movs	r3, r5
100024d4:	59d2      	ldr	r2, [r2, r7]
100024d6:	4093      	lsls	r3, r2
100024d8:	26d0      	movs	r6, #208	; 0xd0
100024da:	0636      	lsls	r6, r6, #24
100024dc:	6173      	str	r3, [r6, #20]
100024de:	4825      	ldr	r0, [pc, #148]	; (10002574 <pico_keypad_get_key+0xe4>)
100024e0:	2100      	movs	r1, #0
100024e2:	f001 fb99 	bl	10003c18 <busy_wait_us>
100024e6:	6872      	ldr	r2, [r6, #4]
100024e8:	4643      	mov	r3, r8
100024ea:	59db      	ldr	r3, [r3, r7]
100024ec:	409d      	lsls	r5, r3
100024ee:	61b5      	str	r5, [r6, #24]
100024f0:	4b1e      	ldr	r3, [pc, #120]	; (1000256c <pico_keypad_get_key+0xdc>)
100024f2:	681b      	ldr	r3, [r3, #0]
100024f4:	0010      	movs	r0, r2
100024f6:	4018      	ands	r0, r3
100024f8:	421a      	tst	r2, r3
100024fa:	d101      	bne.n	10002500 <pico_keypad_get_key+0x70>
100024fc:	3401      	adds	r4, #1
100024fe:	e7e1      	b.n	100024c4 <pico_keypad_get_key+0x34>
10002500:	2300      	movs	r3, #0
10002502:	e008      	b.n	10002516 <pico_keypad_get_key+0x86>
10002504:	0099      	lsls	r1, r3, #2
10002506:	4a1a      	ldr	r2, [pc, #104]	; (10002570 <pico_keypad_get_key+0xe0>)
10002508:	5889      	ldr	r1, [r1, r2]
1000250a:	2201      	movs	r2, #1
1000250c:	408a      	lsls	r2, r1
1000250e:	21d0      	movs	r1, #208	; 0xd0
10002510:	0609      	lsls	r1, r1, #24
10002512:	614a      	str	r2, [r1, #20]
10002514:	3301      	adds	r3, #1
10002516:	2b03      	cmp	r3, #3
10002518:	ddf4      	ble.n	10002504 <pico_keypad_get_key+0x74>
1000251a:	4b17      	ldr	r3, [pc, #92]	; (10002578 <pico_keypad_get_key+0xe8>)
1000251c:	681b      	ldr	r3, [r3, #0]
1000251e:	4283      	cmp	r3, r0
10002520:	d00d      	beq.n	1000253e <pico_keypad_get_key+0xae>
10002522:	4b15      	ldr	r3, [pc, #84]	; (10002578 <pico_keypad_get_key+0xe8>)
10002524:	685b      	ldr	r3, [r3, #4]
10002526:	4283      	cmp	r3, r0
10002528:	d00d      	beq.n	10002546 <pico_keypad_get_key+0xb6>
1000252a:	4b13      	ldr	r3, [pc, #76]	; (10002578 <pico_keypad_get_key+0xe8>)
1000252c:	689b      	ldr	r3, [r3, #8]
1000252e:	4283      	cmp	r3, r0
10002530:	d00e      	beq.n	10002550 <pico_keypad_get_key+0xc0>
10002532:	4b11      	ldr	r3, [pc, #68]	; (10002578 <pico_keypad_get_key+0xe8>)
10002534:	68db      	ldr	r3, [r3, #12]
10002536:	4283      	cmp	r3, r0
10002538:	d00f      	beq.n	1000255a <pico_keypad_get_key+0xca>
1000253a:	2000      	movs	r0, #0
1000253c:	e013      	b.n	10002566 <pico_keypad_get_key+0xd6>
1000253e:	00a4      	lsls	r4, r4, #2
10002540:	4b0e      	ldr	r3, [pc, #56]	; (1000257c <pico_keypad_get_key+0xec>)
10002542:	5d18      	ldrb	r0, [r3, r4]
10002544:	e00f      	b.n	10002566 <pico_keypad_get_key+0xd6>
10002546:	00a4      	lsls	r4, r4, #2
10002548:	3401      	adds	r4, #1
1000254a:	4b0c      	ldr	r3, [pc, #48]	; (1000257c <pico_keypad_get_key+0xec>)
1000254c:	5d18      	ldrb	r0, [r3, r4]
1000254e:	e00a      	b.n	10002566 <pico_keypad_get_key+0xd6>
10002550:	00a4      	lsls	r4, r4, #2
10002552:	3402      	adds	r4, #2
10002554:	4b09      	ldr	r3, [pc, #36]	; (1000257c <pico_keypad_get_key+0xec>)
10002556:	5d18      	ldrb	r0, [r3, r4]
10002558:	e005      	b.n	10002566 <pico_keypad_get_key+0xd6>
1000255a:	00a4      	lsls	r4, r4, #2
1000255c:	3403      	adds	r4, #3
1000255e:	4b07      	ldr	r3, [pc, #28]	; (1000257c <pico_keypad_get_key+0xec>)
10002560:	5d18      	ldrb	r0, [r3, r4]
10002562:	e000      	b.n	10002566 <pico_keypad_get_key+0xd6>
10002564:	2000      	movs	r0, #0
10002566:	bc80      	pop	{r7}
10002568:	46b8      	mov	r8, r7
1000256a:	bdf0      	pop	{r4, r5, r6, r7, pc}
1000256c:	200014ac 	.word	0x200014ac
10002570:	20001328 	.word	0x20001328
10002574:	00002710 	.word	0x00002710
10002578:	200015c4 	.word	0x200015c4
1000257c:	20001318 	.word	0x20001318

10002580 <pico_keypad_irq_enable>:
10002580:	b5f0      	push	{r4, r5, r6, r7, lr}
10002582:	46c6      	mov	lr, r8
10002584:	b500      	push	{lr}
10002586:	4680      	mov	r8, r0
10002588:	000f      	movs	r7, r1
1000258a:	2400      	movs	r4, #0
1000258c:	e008      	b.n	100025a0 <pico_keypad_irq_enable+0x20>
1000258e:	00a6      	lsls	r6, r4, #2
10002590:	4d06      	ldr	r5, [pc, #24]	; (100025ac <pico_keypad_irq_enable+0x2c>)
10002592:	5970      	ldr	r0, [r6, r5]
10002594:	003b      	movs	r3, r7
10002596:	4642      	mov	r2, r8
10002598:	2108      	movs	r1, #8
1000259a:	f000 f895 	bl	100026c8 <gpio_set_irq_enabled_with_callback>
1000259e:	3401      	adds	r4, #1
100025a0:	2c03      	cmp	r4, #3
100025a2:	ddf4      	ble.n	1000258e <pico_keypad_irq_enable+0xe>
100025a4:	bc80      	pop	{r7}
100025a6:	46b8      	mov	r8, r7
100025a8:	bdf0      	pop	{r4, r5, r6, r7, pc}
100025aa:	46c0      	nop			; (mov r8, r8)
100025ac:	200012f4 	.word	0x200012f4

100025b0 <gpio_set_function>:
100025b0:	b510      	push	{r4, lr}
100025b2:	0083      	lsls	r3, r0, #2
100025b4:	4a08      	ldr	r2, [pc, #32]	; (100025d8 <gpio_set_function+0x28>)
100025b6:	4694      	mov	ip, r2
100025b8:	4463      	add	r3, ip
100025ba:	681c      	ldr	r4, [r3, #0]
100025bc:	2240      	movs	r2, #64	; 0x40
100025be:	4062      	eors	r2, r4
100025c0:	24c0      	movs	r4, #192	; 0xc0
100025c2:	4014      	ands	r4, r2
100025c4:	2280      	movs	r2, #128	; 0x80
100025c6:	0152      	lsls	r2, r2, #5
100025c8:	4313      	orrs	r3, r2
100025ca:	601c      	str	r4, [r3, #0]
100025cc:	00c0      	lsls	r0, r0, #3
100025ce:	4b03      	ldr	r3, [pc, #12]	; (100025dc <gpio_set_function+0x2c>)
100025d0:	469c      	mov	ip, r3
100025d2:	4460      	add	r0, ip
100025d4:	6041      	str	r1, [r0, #4]
100025d6:	bd10      	pop	{r4, pc}
100025d8:	4001c004 	.word	0x4001c004
100025dc:	40014000 	.word	0x40014000

100025e0 <gpio_set_pulls>:
100025e0:	0080      	lsls	r0, r0, #2
100025e2:	4b0b      	ldr	r3, [pc, #44]	; (10002610 <gpio_set_pulls+0x30>)
100025e4:	469c      	mov	ip, r3
100025e6:	4460      	add	r0, ip
100025e8:	2900      	cmp	r1, #0
100025ea:	d00d      	beq.n	10002608 <gpio_set_pulls+0x28>
100025ec:	2308      	movs	r3, #8
100025ee:	2a00      	cmp	r2, #0
100025f0:	d00c      	beq.n	1000260c <gpio_set_pulls+0x2c>
100025f2:	2204      	movs	r2, #4
100025f4:	4313      	orrs	r3, r2
100025f6:	6802      	ldr	r2, [r0, #0]
100025f8:	4053      	eors	r3, r2
100025fa:	220c      	movs	r2, #12
100025fc:	4013      	ands	r3, r2
100025fe:	2280      	movs	r2, #128	; 0x80
10002600:	0152      	lsls	r2, r2, #5
10002602:	4310      	orrs	r0, r2
10002604:	6003      	str	r3, [r0, #0]
10002606:	4770      	bx	lr
10002608:	2300      	movs	r3, #0
1000260a:	e7f0      	b.n	100025ee <gpio_set_pulls+0xe>
1000260c:	2200      	movs	r2, #0
1000260e:	e7f1      	b.n	100025f4 <gpio_set_pulls+0x14>
10002610:	4001c004 	.word	0x4001c004

10002614 <gpio_set_irq_callback>:
10002614:	b570      	push	{r4, r5, r6, lr}
10002616:	0004      	movs	r4, r0
10002618:	23d0      	movs	r3, #208	; 0xd0
1000261a:	061b      	lsls	r3, r3, #24
1000261c:	681d      	ldr	r5, [r3, #0]
1000261e:	00aa      	lsls	r2, r5, #2
10002620:	4b0c      	ldr	r3, [pc, #48]	; (10002654 <gpio_set_irq_callback+0x40>)
10002622:	58d3      	ldr	r3, [r2, r3]
10002624:	2b00      	cmp	r3, #0
10002626:	d00a      	beq.n	1000263e <gpio_set_irq_callback+0x2a>
10002628:	2800      	cmp	r0, #0
1000262a:	d003      	beq.n	10002634 <gpio_set_irq_callback+0x20>
1000262c:	00ad      	lsls	r5, r5, #2
1000262e:	4b09      	ldr	r3, [pc, #36]	; (10002654 <gpio_set_irq_callback+0x40>)
10002630:	50ec      	str	r4, [r5, r3]
10002632:	bd70      	pop	{r4, r5, r6, pc}
10002634:	4908      	ldr	r1, [pc, #32]	; (10002658 <gpio_set_irq_callback+0x44>)
10002636:	200d      	movs	r0, #13
10002638:	f000 fb20 	bl	10002c7c <irq_remove_handler>
1000263c:	e7f6      	b.n	1000262c <gpio_set_irq_callback+0x18>
1000263e:	2800      	cmp	r0, #0
10002640:	d0f7      	beq.n	10002632 <gpio_set_irq_callback+0x1e>
10002642:	00ad      	lsls	r5, r5, #2
10002644:	4b03      	ldr	r3, [pc, #12]	; (10002654 <gpio_set_irq_callback+0x40>)
10002646:	50e8      	str	r0, [r5, r3]
10002648:	2200      	movs	r2, #0
1000264a:	4903      	ldr	r1, [pc, #12]	; (10002658 <gpio_set_irq_callback+0x44>)
1000264c:	200d      	movs	r0, #13
1000264e:	f000 f9fb 	bl	10002a48 <irq_add_shared_handler>
10002652:	e7ee      	b.n	10002632 <gpio_set_irq_callback+0x1e>
10002654:	200015b0 	.word	0x200015b0
10002658:	100026e9 	.word	0x100026e9

1000265c <gpio_acknowledge_irq>:
1000265c:	2307      	movs	r3, #7
1000265e:	4003      	ands	r3, r0
10002660:	009b      	lsls	r3, r3, #2
10002662:	08c0      	lsrs	r0, r0, #3
10002664:	4099      	lsls	r1, r3
10002666:	303c      	adds	r0, #60	; 0x3c
10002668:	0080      	lsls	r0, r0, #2
1000266a:	4b01      	ldr	r3, [pc, #4]	; (10002670 <gpio_acknowledge_irq+0x14>)
1000266c:	50c1      	str	r1, [r0, r3]
1000266e:	4770      	bx	lr
10002670:	40014000 	.word	0x40014000

10002674 <_gpio_set_irq_enabled>:
10002674:	b5f8      	push	{r3, r4, r5, r6, r7, lr}
10002676:	0007      	movs	r7, r0
10002678:	000c      	movs	r4, r1
1000267a:	0016      	movs	r6, r2
1000267c:	001d      	movs	r5, r3
1000267e:	f7ff ffed 	bl	1000265c <gpio_acknowledge_irq>
10002682:	08fb      	lsrs	r3, r7, #3
10002684:	009b      	lsls	r3, r3, #2
10002686:	18ed      	adds	r5, r5, r3
10002688:	2007      	movs	r0, #7
1000268a:	4038      	ands	r0, r7
1000268c:	0080      	lsls	r0, r0, #2
1000268e:	4084      	lsls	r4, r0
10002690:	2e00      	cmp	r6, #0
10002692:	d004      	beq.n	1000269e <_gpio_set_irq_enabled+0x2a>
10002694:	2380      	movs	r3, #128	; 0x80
10002696:	019b      	lsls	r3, r3, #6
10002698:	431d      	orrs	r5, r3
1000269a:	602c      	str	r4, [r5, #0]
1000269c:	bdf8      	pop	{r3, r4, r5, r6, r7, pc}
1000269e:	23c0      	movs	r3, #192	; 0xc0
100026a0:	019b      	lsls	r3, r3, #6
100026a2:	431d      	orrs	r5, r3
100026a4:	602c      	str	r4, [r5, #0]
100026a6:	e7f9      	b.n	1000269c <_gpio_set_irq_enabled+0x28>

100026a8 <gpio_set_irq_enabled>:
100026a8:	b510      	push	{r4, lr}
100026aa:	23d0      	movs	r3, #208	; 0xd0
100026ac:	061b      	lsls	r3, r3, #24
100026ae:	681b      	ldr	r3, [r3, #0]
100026b0:	2b00      	cmp	r3, #0
100026b2:	d003      	beq.n	100026bc <gpio_set_irq_enabled+0x14>
100026b4:	4b02      	ldr	r3, [pc, #8]	; (100026c0 <gpio_set_irq_enabled+0x18>)
100026b6:	f7ff ffdd 	bl	10002674 <_gpio_set_irq_enabled>
100026ba:	bd10      	pop	{r4, pc}
100026bc:	4b01      	ldr	r3, [pc, #4]	; (100026c4 <gpio_set_irq_enabled+0x1c>)
100026be:	e7fa      	b.n	100026b6 <gpio_set_irq_enabled+0xe>
100026c0:	40014130 	.word	0x40014130
100026c4:	40014100 	.word	0x40014100

100026c8 <gpio_set_irq_enabled_with_callback>:
100026c8:	b570      	push	{r4, r5, r6, lr}
100026ca:	0014      	movs	r4, r2
100026cc:	001d      	movs	r5, r3
100026ce:	f7ff ffeb 	bl	100026a8 <gpio_set_irq_enabled>
100026d2:	0028      	movs	r0, r5
100026d4:	f7ff ff9e 	bl	10002614 <gpio_set_irq_callback>
100026d8:	2c00      	cmp	r4, #0
100026da:	d100      	bne.n	100026de <gpio_set_irq_enabled_with_callback+0x16>
100026dc:	bd70      	pop	{r4, r5, r6, pc}
100026de:	2101      	movs	r1, #1
100026e0:	200d      	movs	r0, #13
100026e2:	f000 f95d 	bl	100029a0 <irq_set_enabled>
100026e6:	e7f9      	b.n	100026dc <gpio_set_irq_enabled_with_callback+0x14>

100026e8 <gpio_default_irq_handler>:
100026e8:	b5f0      	push	{r4, r5, r6, r7, lr}
100026ea:	46d6      	mov	lr, sl
100026ec:	464f      	mov	r7, r9
100026ee:	4646      	mov	r6, r8
100026f0:	b5c0      	push	{r6, r7, lr}
100026f2:	23d0      	movs	r3, #208	; 0xd0
100026f4:	061b      	lsls	r3, r3, #24
100026f6:	681f      	ldr	r7, [r3, #0]
100026f8:	00ba      	lsls	r2, r7, #2
100026fa:	4b1d      	ldr	r3, [pc, #116]	; (10002770 <gpio_default_irq_handler+0x88>)
100026fc:	58d3      	ldr	r3, [r2, r3]
100026fe:	4698      	mov	r8, r3
10002700:	2f00      	cmp	r7, #0
10002702:	d003      	beq.n	1000270c <gpio_default_irq_handler+0x24>
10002704:	4b1b      	ldr	r3, [pc, #108]	; (10002774 <gpio_default_irq_handler+0x8c>)
10002706:	4699      	mov	r9, r3
10002708:	2600      	movs	r6, #0
1000270a:	e023      	b.n	10002754 <gpio_default_irq_handler+0x6c>
1000270c:	4b1a      	ldr	r3, [pc, #104]	; (10002778 <gpio_default_irq_handler+0x90>)
1000270e:	4699      	mov	r9, r3
10002710:	e7fa      	b.n	10002708 <gpio_default_irq_handler+0x20>
10002712:	0924      	lsrs	r4, r4, #4
10002714:	3501      	adds	r5, #1
10002716:	2c00      	cmp	r4, #0
10002718:	d01b      	beq.n	10002752 <gpio_default_irq_handler+0x6a>
1000271a:	0033      	movs	r3, r6
1000271c:	3308      	adds	r3, #8
1000271e:	42ab      	cmp	r3, r5
10002720:	d917      	bls.n	10002752 <gpio_default_irq_handler+0x6a>
10002722:	230f      	movs	r3, #15
10002724:	001a      	movs	r2, r3
10002726:	4022      	ands	r2, r4
10002728:	4692      	mov	sl, r2
1000272a:	4223      	tst	r3, r4
1000272c:	d0f1      	beq.n	10002712 <gpio_default_irq_handler+0x2a>
1000272e:	00bb      	lsls	r3, r7, #2
10002730:	4a12      	ldr	r2, [pc, #72]	; (1000277c <gpio_default_irq_handler+0x94>)
10002732:	589a      	ldr	r2, [r3, r2]
10002734:	2301      	movs	r3, #1
10002736:	40ab      	lsls	r3, r5
10002738:	4213      	tst	r3, r2
1000273a:	d1ea      	bne.n	10002712 <gpio_default_irq_handler+0x2a>
1000273c:	4651      	mov	r1, sl
1000273e:	0028      	movs	r0, r5
10002740:	f7ff ff8c 	bl	1000265c <gpio_acknowledge_irq>
10002744:	4643      	mov	r3, r8
10002746:	2b00      	cmp	r3, #0
10002748:	d0e3      	beq.n	10002712 <gpio_default_irq_handler+0x2a>
1000274a:	4651      	mov	r1, sl
1000274c:	0028      	movs	r0, r5
1000274e:	47c0      	blx	r8
10002750:	e7df      	b.n	10002712 <gpio_default_irq_handler+0x2a>
10002752:	3608      	adds	r6, #8
10002754:	2e1d      	cmp	r6, #29
10002756:	d806      	bhi.n	10002766 <gpio_default_irq_handler+0x7e>
10002758:	08f3      	lsrs	r3, r6, #3
1000275a:	3308      	adds	r3, #8
1000275c:	009b      	lsls	r3, r3, #2
1000275e:	464a      	mov	r2, r9
10002760:	589c      	ldr	r4, [r3, r2]
10002762:	0035      	movs	r5, r6
10002764:	e7d7      	b.n	10002716 <gpio_default_irq_handler+0x2e>
10002766:	bce0      	pop	{r5, r6, r7}
10002768:	46ba      	mov	sl, r7
1000276a:	46b1      	mov	r9, r6
1000276c:	46a8      	mov	r8, r5
1000276e:	bdf0      	pop	{r4, r5, r6, r7, pc}
10002770:	200015b0 	.word	0x200015b0
10002774:	40014130 	.word	0x40014130
10002778:	40014100 	.word	0x40014100
1000277c:	20001ac8 	.word	0x20001ac8

10002780 <gpio_init>:
10002780:	b510      	push	{r4, lr}
10002782:	2301      	movs	r3, #1
10002784:	4083      	lsls	r3, r0
10002786:	22d0      	movs	r2, #208	; 0xd0
10002788:	0612      	lsls	r2, r2, #24
1000278a:	6293      	str	r3, [r2, #40]	; 0x28
1000278c:	6193      	str	r3, [r2, #24]
1000278e:	2105      	movs	r1, #5
10002790:	f7ff ff0e 	bl	100025b0 <gpio_set_function>
10002794:	bd10      	pop	{r4, pc}
	...

10002798 <running_on_fpga>:
10002798:	4b03      	ldr	r3, [pc, #12]	; (100027a8 <running_on_fpga+0x10>)
1000279a:	681b      	ldr	r3, [r3, #0]
1000279c:	2002      	movs	r0, #2
1000279e:	4018      	ands	r0, r3
100027a0:	1e43      	subs	r3, r0, #1
100027a2:	4198      	sbcs	r0, r3
100027a4:	b2c0      	uxtb	r0, r0
100027a6:	4770      	bx	lr
100027a8:	4006c000 	.word	0x4006c000

100027ac <hw_claim_lock>:
100027ac:	f3ef 8010 	mrs	r0, PRIMASK
100027b0:	b672      	cpsid	i
100027b2:	4b03      	ldr	r3, [pc, #12]	; (100027c0 <hw_claim_lock+0x14>)
100027b4:	681b      	ldr	r3, [r3, #0]
100027b6:	2b00      	cmp	r3, #0
100027b8:	d0fb      	beq.n	100027b2 <hw_claim_lock+0x6>
100027ba:	f3bf 8f5f 	dmb	sy
100027be:	4770      	bx	lr
100027c0:	d000012c 	.word	0xd000012c

100027c4 <hw_claim_unlock>:
100027c4:	f3bf 8f5f 	dmb	sy
100027c8:	4b02      	ldr	r3, [pc, #8]	; (100027d4 <hw_claim_unlock+0x10>)
100027ca:	2200      	movs	r2, #0
100027cc:	601a      	str	r2, [r3, #0]
100027ce:	f380 8810 	msr	PRIMASK, r0
100027d2:	4770      	bx	lr
100027d4:	d000012c 	.word	0xd000012c

100027d8 <hw_claim_or_assert>:
100027d8:	b5f8      	push	{r3, r4, r5, r6, r7, lr}
100027da:	0006      	movs	r6, r0
100027dc:	000c      	movs	r4, r1
100027de:	0015      	movs	r5, r2
100027e0:	f7ff ffe4 	bl	100027ac <hw_claim_lock>
100027e4:	08e3      	lsrs	r3, r4, #3
100027e6:	18f7      	adds	r7, r6, r3
100027e8:	5cf1      	ldrb	r1, [r6, r3]
100027ea:	2207      	movs	r2, #7
100027ec:	4022      	ands	r2, r4
100027ee:	2301      	movs	r3, #1
100027f0:	4093      	lsls	r3, r2
100027f2:	420b      	tst	r3, r1
100027f4:	d105      	bne.n	10002802 <hw_claim_or_assert+0x2a>
100027f6:	b2db      	uxtb	r3, r3
100027f8:	430b      	orrs	r3, r1
100027fa:	703b      	strb	r3, [r7, #0]
100027fc:	f7ff ffe2 	bl	100027c4 <hw_claim_unlock>
10002800:	bdf8      	pop	{r3, r4, r5, r6, r7, pc}
10002802:	0021      	movs	r1, r4
10002804:	0028      	movs	r0, r5
10002806:	f001 ffe7 	bl	100047d8 <panic>

1000280a <hw_claim_unused_from_range>:
1000280a:	b5f0      	push	{r4, r5, r6, r7, lr}
1000280c:	b083      	sub	sp, #12
1000280e:	0006      	movs	r6, r0
10002810:	9101      	str	r1, [sp, #4]
10002812:	0014      	movs	r4, r2
10002814:	001f      	movs	r7, r3
10002816:	f7ff ffc9 	bl	100027ac <hw_claim_lock>
1000281a:	e000      	b.n	1000281e <hw_claim_unused_from_range+0x14>
1000281c:	3401      	adds	r4, #1
1000281e:	42bc      	cmp	r4, r7
10002820:	d80c      	bhi.n	1000283c <hw_claim_unused_from_range+0x32>
10002822:	08e3      	lsrs	r3, r4, #3
10002824:	18f5      	adds	r5, r6, r3
10002826:	5cf3      	ldrb	r3, [r6, r3]
10002828:	2107      	movs	r1, #7
1000282a:	4021      	ands	r1, r4
1000282c:	2201      	movs	r2, #1
1000282e:	408a      	lsls	r2, r1
10002830:	421a      	tst	r2, r3
10002832:	d1f3      	bne.n	1000281c <hw_claim_unused_from_range+0x12>
10002834:	b2d2      	uxtb	r2, r2
10002836:	431a      	orrs	r2, r3
10002838:	702a      	strb	r2, [r5, #0]
1000283a:	e001      	b.n	10002840 <hw_claim_unused_from_range+0x36>
1000283c:	2401      	movs	r4, #1
1000283e:	4264      	negs	r4, r4
10002840:	f7ff ffc0 	bl	100027c4 <hw_claim_unlock>
10002844:	2c00      	cmp	r4, #0
10002846:	db02      	blt.n	1000284e <hw_claim_unused_from_range+0x44>
10002848:	0020      	movs	r0, r4
1000284a:	b003      	add	sp, #12
1000284c:	bdf0      	pop	{r4, r5, r6, r7, pc}
1000284e:	9b01      	ldr	r3, [sp, #4]
10002850:	2b00      	cmp	r3, #0
10002852:	d0f9      	beq.n	10002848 <hw_claim_unused_from_range+0x3e>
10002854:	9808      	ldr	r0, [sp, #32]
10002856:	f001 ffbf 	bl	100047d8 <panic>
	...

1000285c <spin_locks_reset>:
1000285c:	2300      	movs	r3, #0
1000285e:	e007      	b.n	10002870 <spin_locks_reset+0x14>
10002860:	4a05      	ldr	r2, [pc, #20]	; (10002878 <spin_locks_reset+0x1c>)
10002862:	189a      	adds	r2, r3, r2
10002864:	0092      	lsls	r2, r2, #2
10002866:	f3bf 8f5f 	dmb	sy
1000286a:	2100      	movs	r1, #0
1000286c:	6011      	str	r1, [r2, #0]
1000286e:	3301      	adds	r3, #1
10002870:	2b1f      	cmp	r3, #31
10002872:	d9f5      	bls.n	10002860 <spin_locks_reset+0x4>
10002874:	4770      	bx	lr
10002876:	46c0      	nop			; (mov r8, r8)
10002878:	34000040 	.word	0x34000040

1000287c <next_striped_spin_lock_num>:
1000287c:	4a05      	ldr	r2, [pc, #20]	; (10002894 <next_striped_spin_lock_num+0x18>)
1000287e:	7810      	ldrb	r0, [r2, #0]
10002880:	1c43      	adds	r3, r0, #1
10002882:	b2db      	uxtb	r3, r3
10002884:	7013      	strb	r3, [r2, #0]
10002886:	2b17      	cmp	r3, #23
10002888:	d902      	bls.n	10002890 <next_striped_spin_lock_num+0x14>
1000288a:	0013      	movs	r3, r2
1000288c:	2210      	movs	r2, #16
1000288e:	701a      	strb	r2, [r3, #0]
10002890:	4770      	bx	lr
10002892:	46c0      	nop			; (mov r8, r8)
10002894:	20000df1 	.word	0x20000df1

10002898 <spin_lock_claim_unused>:
10002898:	b500      	push	{lr}
1000289a:	b083      	sub	sp, #12
1000289c:	0001      	movs	r1, r0
1000289e:	4b04      	ldr	r3, [pc, #16]	; (100028b0 <spin_lock_claim_unused+0x18>)
100028a0:	9300      	str	r3, [sp, #0]
100028a2:	231f      	movs	r3, #31
100028a4:	2218      	movs	r2, #24
100028a6:	4803      	ldr	r0, [pc, #12]	; (100028b4 <spin_lock_claim_unused+0x1c>)
100028a8:	f7ff ffaf 	bl	1000280a <hw_claim_unused_from_range>
100028ac:	b003      	add	sp, #12
100028ae:	bd00      	pop	{pc}
100028b0:	10009d44 	.word	0x10009d44
100028b4:	200015c0 	.word	0x200015c0

100028b8 <set_raw_irq_handler_and_unlock>:
100028b8:	4b07      	ldr	r3, [pc, #28]	; (100028d8 <set_raw_irq_handler_and_unlock+0x20>)
100028ba:	689b      	ldr	r3, [r3, #8]
100028bc:	3010      	adds	r0, #16
100028be:	0080      	lsls	r0, r0, #2
100028c0:	5019      	str	r1, [r3, r0]
100028c2:	f3bf 8f5f 	dmb	sy
100028c6:	f3bf 8f5f 	dmb	sy
100028ca:	4b04      	ldr	r3, [pc, #16]	; (100028dc <set_raw_irq_handler_and_unlock+0x24>)
100028cc:	2100      	movs	r1, #0
100028ce:	6019      	str	r1, [r3, #0]
100028d0:	f382 8810 	msr	PRIMASK, r2
100028d4:	4770      	bx	lr
100028d6:	46c0      	nop			; (mov r8, r8)
100028d8:	e000ed00 	.word	0xe000ed00
100028dc:	d0000124 	.word	0xd0000124

100028e0 <make_branch>:
100028e0:	b510      	push	{r4, lr}
100028e2:	1a09      	subs	r1, r1, r0
100028e4:	1f08      	subs	r0, r1, #4
100028e6:	4b0a      	ldr	r3, [pc, #40]	; (10002910 <make_branch+0x30>)
100028e8:	469c      	mov	ip, r3
100028ea:	4461      	add	r1, ip
100028ec:	4a09      	ldr	r2, [pc, #36]	; (10002914 <make_branch+0x34>)
100028ee:	4291      	cmp	r1, r2
100028f0:	d808      	bhi.n	10002904 <make_branch+0x24>
100028f2:	07c3      	lsls	r3, r0, #31
100028f4:	d406      	bmi.n	10002904 <make_branch+0x24>
100028f6:	1040      	asrs	r0, r0, #1
100028f8:	0540      	lsls	r0, r0, #21
100028fa:	0d40      	lsrs	r0, r0, #21
100028fc:	4b06      	ldr	r3, [pc, #24]	; (10002918 <make_branch+0x38>)
100028fe:	4318      	orrs	r0, r3
10002900:	b280      	uxth	r0, r0
10002902:	bd10      	pop	{r4, pc}
10002904:	4b05      	ldr	r3, [pc, #20]	; (1000291c <make_branch+0x3c>)
10002906:	4a06      	ldr	r2, [pc, #24]	; (10002920 <make_branch+0x40>)
10002908:	21a3      	movs	r1, #163	; 0xa3
1000290a:	4806      	ldr	r0, [pc, #24]	; (10002924 <make_branch+0x44>)
1000290c:	f001 feca 	bl	100046a4 <__assert_func>
10002910:	000007fc 	.word	0x000007fc
10002914:	00000ffe 	.word	0x00000ffe
10002918:	ffffe000 	.word	0xffffe000
1000291c:	10009d60 	.word	0x10009d60
10002920:	10009fec 	.word	0x10009fec
10002924:	10009d90 	.word	0x10009d90

10002928 <insert_branch_and_link>:
10002928:	b510      	push	{r4, lr}
1000292a:	1a09      	subs	r1, r1, r0
1000292c:	3904      	subs	r1, #4
1000292e:	084c      	lsrs	r4, r1, #1
10002930:	0b09      	lsrs	r1, r1, #12
10002932:	d108      	bne.n	10002946 <insert_branch_and_link+0x1e>
10002934:	0549      	lsls	r1, r1, #21
10002936:	0d49      	lsrs	r1, r1, #21
10002938:	4a06      	ldr	r2, [pc, #24]	; (10002954 <insert_branch_and_link+0x2c>)
1000293a:	4311      	orrs	r1, r2
1000293c:	8001      	strh	r1, [r0, #0]
1000293e:	4b06      	ldr	r3, [pc, #24]	; (10002958 <insert_branch_and_link+0x30>)
10002940:	4323      	orrs	r3, r4
10002942:	8043      	strh	r3, [r0, #2]
10002944:	bd10      	pop	{r4, pc}
10002946:	4b05      	ldr	r3, [pc, #20]	; (1000295c <insert_branch_and_link+0x34>)
10002948:	4a05      	ldr	r2, [pc, #20]	; (10002960 <insert_branch_and_link+0x38>)
1000294a:	21ab      	movs	r1, #171	; 0xab
1000294c:	4805      	ldr	r0, [pc, #20]	; (10002964 <insert_branch_and_link+0x3c>)
1000294e:	f001 fea9 	bl	100046a4 <__assert_func>
10002952:	46c0      	nop			; (mov r8, r8)
10002954:	fffff000 	.word	0xfffff000
10002958:	fffff800 	.word	0xfffff800
1000295c:	10009dec 	.word	0x10009dec
10002960:	10009fc0 	.word	0x10009fc0
10002964:	10009d90 	.word	0x10009d90

10002968 <irq_is_enabled>:
10002968:	2301      	movs	r3, #1
1000296a:	4083      	lsls	r3, r0
1000296c:	4a03      	ldr	r2, [pc, #12]	; (1000297c <irq_is_enabled+0x14>)
1000296e:	6810      	ldr	r0, [r2, #0]
10002970:	4018      	ands	r0, r3
10002972:	1e43      	subs	r3, r0, #1
10002974:	4198      	sbcs	r0, r3
10002976:	b2c0      	uxtb	r0, r0
10002978:	4770      	bx	lr
1000297a:	46c0      	nop			; (mov r8, r8)
1000297c:	e000e100 	.word	0xe000e100

10002980 <irq_set_mask_enabled>:
10002980:	2900      	cmp	r1, #0
10002982:	d004      	beq.n	1000298e <irq_set_mask_enabled+0xe>
10002984:	4b03      	ldr	r3, [pc, #12]	; (10002994 <irq_set_mask_enabled+0x14>)
10002986:	6018      	str	r0, [r3, #0]
10002988:	4b03      	ldr	r3, [pc, #12]	; (10002998 <irq_set_mask_enabled+0x18>)
1000298a:	6018      	str	r0, [r3, #0]
1000298c:	4770      	bx	lr
1000298e:	4b03      	ldr	r3, [pc, #12]	; (1000299c <irq_set_mask_enabled+0x1c>)
10002990:	6018      	str	r0, [r3, #0]
10002992:	e7fb      	b.n	1000298c <irq_set_mask_enabled+0xc>
10002994:	e000e280 	.word	0xe000e280
10002998:	e000e100 	.word	0xe000e100
1000299c:	e000e180 	.word	0xe000e180

100029a0 <irq_set_enabled>:
100029a0:	b510      	push	{r4, lr}
100029a2:	2301      	movs	r3, #1
100029a4:	4083      	lsls	r3, r0
100029a6:	0018      	movs	r0, r3
100029a8:	f7ff ffea 	bl	10002980 <irq_set_mask_enabled>
100029ac:	bd10      	pop	{r4, pc}
	...

100029b0 <irq_set_pending>:
100029b0:	2301      	movs	r3, #1
100029b2:	4083      	lsls	r3, r0
100029b4:	4a01      	ldr	r2, [pc, #4]	; (100029bc <irq_set_pending+0xc>)
100029b6:	6013      	str	r3, [r2, #0]
100029b8:	4770      	bx	lr
100029ba:	46c0      	nop			; (mov r8, r8)
100029bc:	e000e200 	.word	0xe000e200

100029c0 <irq_get_vtable_handler>:
100029c0:	4b02      	ldr	r3, [pc, #8]	; (100029cc <irq_get_vtable_handler+0xc>)
100029c2:	689b      	ldr	r3, [r3, #8]
100029c4:	3010      	adds	r0, #16
100029c6:	0080      	lsls	r0, r0, #2
100029c8:	58c0      	ldr	r0, [r0, r3]
100029ca:	4770      	bx	lr
100029cc:	e000ed00 	.word	0xe000ed00

100029d0 <irq_has_shared_handler>:
100029d0:	b510      	push	{r4, lr}
100029d2:	f7ff fff5 	bl	100029c0 <irq_get_vtable_handler>
100029d6:	2800      	cmp	r0, #0
100029d8:	d005      	beq.n	100029e6 <irq_has_shared_handler+0x16>
100029da:	4b05      	ldr	r3, [pc, #20]	; (100029f0 <irq_has_shared_handler+0x20>)
100029dc:	1ac0      	subs	r0, r0, r3
100029de:	282f      	cmp	r0, #47	; 0x2f
100029e0:	d803      	bhi.n	100029ea <irq_has_shared_handler+0x1a>
100029e2:	2001      	movs	r0, #1
100029e4:	bd10      	pop	{r4, pc}
100029e6:	2000      	movs	r0, #0
100029e8:	e7fc      	b.n	100029e4 <irq_has_shared_handler+0x14>
100029ea:	2000      	movs	r0, #0
100029ec:	e7fa      	b.n	100029e4 <irq_has_shared_handler+0x14>
100029ee:	46c0      	nop			; (mov r8, r8)
100029f0:	20000df4 	.word	0x20000df4

100029f4 <irq_set_exclusive_handler>:
100029f4:	b570      	push	{r4, r5, r6, lr}
100029f6:	0004      	movs	r4, r0
100029f8:	000d      	movs	r5, r1
100029fa:	f3ef 8610 	mrs	r6, PRIMASK
100029fe:	b672      	cpsid	i
10002a00:	4b0c      	ldr	r3, [pc, #48]	; (10002a34 <irq_set_exclusive_handler+0x40>)
10002a02:	681b      	ldr	r3, [r3, #0]
10002a04:	2b00      	cmp	r3, #0
10002a06:	d0fb      	beq.n	10002a00 <irq_set_exclusive_handler+0xc>
10002a08:	f3bf 8f5f 	dmb	sy
10002a0c:	0020      	movs	r0, r4
10002a0e:	f7ff ffd7 	bl	100029c0 <irq_get_vtable_handler>
10002a12:	4b09      	ldr	r3, [pc, #36]	; (10002a38 <irq_set_exclusive_handler+0x44>)
10002a14:	4298      	cmp	r0, r3
10002a16:	d001      	beq.n	10002a1c <irq_set_exclusive_handler+0x28>
10002a18:	42a8      	cmp	r0, r5
10002a1a:	d105      	bne.n	10002a28 <irq_set_exclusive_handler+0x34>
10002a1c:	0032      	movs	r2, r6
10002a1e:	0029      	movs	r1, r5
10002a20:	0020      	movs	r0, r4
10002a22:	f7ff ff49 	bl	100028b8 <set_raw_irq_handler_and_unlock>
10002a26:	bd70      	pop	{r4, r5, r6, pc}
10002a28:	4b04      	ldr	r3, [pc, #16]	; (10002a3c <irq_set_exclusive_handler+0x48>)
10002a2a:	4a05      	ldr	r2, [pc, #20]	; (10002a40 <irq_set_exclusive_handler+0x4c>)
10002a2c:	2186      	movs	r1, #134	; 0x86
10002a2e:	4805      	ldr	r0, [pc, #20]	; (10002a44 <irq_set_exclusive_handler+0x50>)
10002a30:	f001 fe38 	bl	100046a4 <__assert_func>
10002a34:	d0000124 	.word	0xd0000124
10002a38:	100001cd 	.word	0x100001cd
10002a3c:	10009dfc 	.word	0x10009dfc
10002a40:	1000a020 	.word	0x1000a020
10002a44:	10009d90 	.word	0x10009d90

10002a48 <irq_add_shared_handler>:
10002a48:	b5f0      	push	{r4, r5, r6, r7, lr}
10002a4a:	46de      	mov	lr, fp
10002a4c:	4657      	mov	r7, sl
10002a4e:	464e      	mov	r6, r9
10002a50:	4645      	mov	r5, r8
10002a52:	b5e0      	push	{r5, r6, r7, lr}
10002a54:	b089      	sub	sp, #36	; 0x24
10002a56:	4681      	mov	r9, r0
10002a58:	9101      	str	r1, [sp, #4]
10002a5a:	0015      	movs	r5, r2
10002a5c:	f3ef 8a10 	mrs	sl, PRIMASK
10002a60:	b672      	cpsid	i
10002a62:	4b74      	ldr	r3, [pc, #464]	; (10002c34 <irq_add_shared_handler+0x1ec>)
10002a64:	681b      	ldr	r3, [r3, #0]
10002a66:	2b00      	cmp	r3, #0
10002a68:	d0fb      	beq.n	10002a62 <irq_add_shared_handler+0x1a>
10002a6a:	f3bf 8f5f 	dmb	sy
10002a6e:	4b72      	ldr	r3, [pc, #456]	; (10002c38 <irq_add_shared_handler+0x1f0>)
10002a70:	2700      	movs	r7, #0
10002a72:	57df      	ldrsb	r7, [r3, r7]
10002a74:	2f00      	cmp	r7, #0
10002a76:	db40      	blt.n	10002afa <irq_add_shared_handler+0xb2>
10002a78:	007c      	lsls	r4, r7, #1
10002a7a:	19e4      	adds	r4, r4, r7
10002a7c:	00a4      	lsls	r4, r4, #2
10002a7e:	486f      	ldr	r0, [pc, #444]	; (10002c3c <irq_add_shared_handler+0x1f4>)
10002a80:	1824      	adds	r4, r4, r0
10002a82:	2206      	movs	r2, #6
10002a84:	56a2      	ldrsb	r2, [r4, r2]
10002a86:	4b6c      	ldr	r3, [pc, #432]	; (10002c38 <irq_add_shared_handler+0x1f0>)
10002a88:	701a      	strb	r2, [r3, #0]
10002a8a:	4b6d      	ldr	r3, [pc, #436]	; (10002c40 <irq_add_shared_handler+0x1f8>)
10002a8c:	689a      	ldr	r2, [r3, #8]
10002a8e:	464b      	mov	r3, r9
10002a90:	3310      	adds	r3, #16
10002a92:	009b      	lsls	r3, r3, #2
10002a94:	58d3      	ldr	r3, [r2, r3]
10002a96:	4698      	mov	r8, r3
10002a98:	001e      	movs	r6, r3
10002a9a:	1a1b      	subs	r3, r3, r0
10002a9c:	2b2f      	cmp	r3, #47	; 0x2f
10002a9e:	d938      	bls.n	10002b12 <irq_add_shared_handler+0xca>
10002aa0:	4b68      	ldr	r3, [pc, #416]	; (10002c44 <irq_add_shared_handler+0x1fc>)
10002aa2:	4598      	cmp	r8, r3
10002aa4:	d12f      	bne.n	10002b06 <irq_add_shared_handler+0xbe>
10002aa6:	ae05      	add	r6, sp, #20
10002aa8:	4b67      	ldr	r3, [pc, #412]	; (10002c48 <irq_add_shared_handler+0x200>)
10002aaa:	8033      	strh	r3, [r6, #0]
10002aac:	007b      	lsls	r3, r7, #1
10002aae:	469b      	mov	fp, r3
10002ab0:	19d8      	adds	r0, r3, r7
10002ab2:	0080      	lsls	r0, r0, #2
10002ab4:	4b61      	ldr	r3, [pc, #388]	; (10002c3c <irq_add_shared_handler+0x1f4>)
10002ab6:	4698      	mov	r8, r3
10002ab8:	4440      	add	r0, r8
10002aba:	3002      	adds	r0, #2
10002abc:	4963      	ldr	r1, [pc, #396]	; (10002c4c <irq_add_shared_handler+0x204>)
10002abe:	f7ff ff0f 	bl	100028e0 <make_branch>
10002ac2:	8070      	strh	r0, [r6, #2]
10002ac4:	4b62      	ldr	r3, [pc, #392]	; (10002c50 <irq_add_shared_handler+0x208>)
10002ac6:	80b3      	strh	r3, [r6, #4]
10002ac8:	23ff      	movs	r3, #255	; 0xff
10002aca:	71b3      	strb	r3, [r6, #6]
10002acc:	71f5      	strb	r5, [r6, #7]
10002ace:	9b01      	ldr	r3, [sp, #4]
10002ad0:	9307      	str	r3, [sp, #28]
10002ad2:	445f      	add	r7, fp
10002ad4:	00bf      	lsls	r7, r7, #2
10002ad6:	4447      	add	r7, r8
10002ad8:	ce0e      	ldmia	r6!, {r1, r2, r3}
10002ada:	c70e      	stmia	r7!, {r1, r2, r3}
10002adc:	2301      	movs	r3, #1
10002ade:	431c      	orrs	r4, r3
10002ae0:	46a0      	mov	r8, r4
10002ae2:	4652      	mov	r2, sl
10002ae4:	4641      	mov	r1, r8
10002ae6:	4648      	mov	r0, r9
10002ae8:	f7ff fee6 	bl	100028b8 <set_raw_irq_handler_and_unlock>
10002aec:	b009      	add	sp, #36	; 0x24
10002aee:	bcf0      	pop	{r4, r5, r6, r7}
10002af0:	46bb      	mov	fp, r7
10002af2:	46b2      	mov	sl, r6
10002af4:	46a9      	mov	r9, r5
10002af6:	46a0      	mov	r8, r4
10002af8:	bdf0      	pop	{r4, r5, r6, r7, pc}
10002afa:	4b56      	ldr	r3, [pc, #344]	; (10002c54 <irq_add_shared_handler+0x20c>)
10002afc:	4a56      	ldr	r2, [pc, #344]	; (10002c58 <irq_add_shared_handler+0x210>)
10002afe:	21d7      	movs	r1, #215	; 0xd7
10002b00:	4856      	ldr	r0, [pc, #344]	; (10002c5c <irq_add_shared_handler+0x214>)
10002b02:	f001 fdcf 	bl	100046a4 <__assert_func>
10002b06:	4b56      	ldr	r3, [pc, #344]	; (10002c60 <irq_add_shared_handler+0x218>)
10002b08:	4a53      	ldr	r2, [pc, #332]	; (10002c58 <irq_add_shared_handler+0x210>)
10002b0a:	21de      	movs	r1, #222	; 0xde
10002b0c:	4853      	ldr	r0, [pc, #332]	; (10002c5c <irq_add_shared_handler+0x214>)
10002b0e:	f001 fdc9 	bl	100046a4 <__assert_func>
10002b12:	43c0      	mvns	r0, r0
10002b14:	4440      	add	r0, r8
10002b16:	210c      	movs	r1, #12
10002b18:	f002 ff8a 	bl	10005a30 <__wrap___aeabi_uidiv>
10002b1c:	2900      	cmp	r1, #0
10002b1e:	d112      	bne.n	10002b46 <irq_add_shared_handler+0xfe>
10002b20:	2301      	movs	r3, #1
10002b22:	439e      	bics	r6, r3
10002b24:	46b3      	mov	fp, r6
10002b26:	0033      	movs	r3, r6
10002b28:	2600      	movs	r6, #0
10002b2a:	79da      	ldrb	r2, [r3, #7]
10002b2c:	42aa      	cmp	r2, r5
10002b2e:	d911      	bls.n	10002b54 <irq_add_shared_handler+0x10c>
10002b30:	2106      	movs	r1, #6
10002b32:	5659      	ldrsb	r1, [r3, r1]
10002b34:	2900      	cmp	r1, #0
10002b36:	db0c      	blt.n	10002b52 <irq_add_shared_handler+0x10a>
10002b38:	004a      	lsls	r2, r1, #1
10002b3a:	1852      	adds	r2, r2, r1
10002b3c:	0092      	lsls	r2, r2, #2
10002b3e:	001e      	movs	r6, r3
10002b40:	4b3e      	ldr	r3, [pc, #248]	; (10002c3c <irq_add_shared_handler+0x1f4>)
10002b42:	189b      	adds	r3, r3, r2
10002b44:	e7f1      	b.n	10002b2a <irq_add_shared_handler+0xe2>
10002b46:	4b47      	ldr	r3, [pc, #284]	; (10002c64 <irq_add_shared_handler+0x21c>)
10002b48:	4a43      	ldr	r2, [pc, #268]	; (10002c58 <irq_add_shared_handler+0x210>)
10002b4a:	21ea      	movs	r1, #234	; 0xea
10002b4c:	4843      	ldr	r0, [pc, #268]	; (10002c5c <irq_add_shared_handler+0x214>)
10002b4e:	f001 fda9 	bl	100046a4 <__assert_func>
10002b52:	001e      	movs	r6, r3
10002b54:	2e00      	cmp	r6, #0
10002b56:	d03a      	beq.n	10002bce <irq_add_shared_handler+0x186>
10002b58:	ab05      	add	r3, sp, #20
10002b5a:	4a43      	ldr	r2, [pc, #268]	; (10002c68 <irq_add_shared_handler+0x220>)
10002b5c:	801a      	strh	r2, [r3, #0]
10002b5e:	3a81      	subs	r2, #129	; 0x81
10002b60:	805a      	strh	r2, [r3, #2]
10002b62:	2306      	movs	r3, #6
10002b64:	56f3      	ldrsb	r3, [r6, r3]
10002b66:	9302      	str	r3, [sp, #8]
10002b68:	2b00      	cmp	r3, #0
10002b6a:	da17      	bge.n	10002b9c <irq_add_shared_handler+0x154>
10002b6c:	483f      	ldr	r0, [pc, #252]	; (10002c6c <irq_add_shared_handler+0x224>)
10002b6e:	ab05      	add	r3, sp, #20
10002b70:	469b      	mov	fp, r3
10002b72:	8098      	strh	r0, [r3, #4]
10002b74:	9a02      	ldr	r2, [sp, #8]
10002b76:	719a      	strb	r2, [r3, #6]
10002b78:	71dd      	strb	r5, [r3, #7]
10002b7a:	9a01      	ldr	r2, [sp, #4]
10002b7c:	9207      	str	r2, [sp, #28]
10002b7e:	1d30      	adds	r0, r6, #4
10002b80:	0021      	movs	r1, r4
10002b82:	f7ff fead 	bl	100028e0 <make_branch>
10002b86:	80b0      	strh	r0, [r6, #4]
10002b88:	71b7      	strb	r7, [r6, #6]
10002b8a:	007b      	lsls	r3, r7, #1
10002b8c:	19db      	adds	r3, r3, r7
10002b8e:	009b      	lsls	r3, r3, #2
10002b90:	4f2a      	ldr	r7, [pc, #168]	; (10002c3c <irq_add_shared_handler+0x1f4>)
10002b92:	18ff      	adds	r7, r7, r3
10002b94:	465b      	mov	r3, fp
10002b96:	cb07      	ldmia	r3!, {r0, r1, r2}
10002b98:	c707      	stmia	r7!, {r0, r1, r2}
10002b9a:	e7a2      	b.n	10002ae2 <irq_add_shared_handler+0x9a>
10002b9c:	0078      	lsls	r0, r7, #1
10002b9e:	19c0      	adds	r0, r0, r7
10002ba0:	0080      	lsls	r0, r0, #2
10002ba2:	4b26      	ldr	r3, [pc, #152]	; (10002c3c <irq_add_shared_handler+0x1f4>)
10002ba4:	18c0      	adds	r0, r0, r3
10002ba6:	3004      	adds	r0, #4
10002ba8:	1d32      	adds	r2, r6, #4
10002baa:	88b3      	ldrh	r3, [r6, #4]
10002bac:	0ad9      	lsrs	r1, r3, #11
10002bae:	291c      	cmp	r1, #28
10002bb0:	d107      	bne.n	10002bc2 <irq_add_shared_handler+0x17a>
10002bb2:	055b      	lsls	r3, r3, #21
10002bb4:	1559      	asrs	r1, r3, #21
10002bb6:	3102      	adds	r1, #2
10002bb8:	0049      	lsls	r1, r1, #1
10002bba:	1851      	adds	r1, r2, r1
10002bbc:	f7ff fe90 	bl	100028e0 <make_branch>
10002bc0:	e7d5      	b.n	10002b6e <irq_add_shared_handler+0x126>
10002bc2:	4b2b      	ldr	r3, [pc, #172]	; (10002c70 <irq_add_shared_handler+0x228>)
10002bc4:	4a2b      	ldr	r2, [pc, #172]	; (10002c74 <irq_add_shared_handler+0x22c>)
10002bc6:	21b1      	movs	r1, #177	; 0xb1
10002bc8:	4824      	ldr	r0, [pc, #144]	; (10002c5c <irq_add_shared_handler+0x214>)
10002bca:	f001 fd6b 	bl	100046a4 <__assert_func>
10002bce:	ae05      	add	r6, sp, #20
10002bd0:	4b1d      	ldr	r3, [pc, #116]	; (10002c48 <irq_add_shared_handler+0x200>)
10002bd2:	8033      	strh	r3, [r6, #0]
10002bd4:	007b      	lsls	r3, r7, #1
10002bd6:	9302      	str	r3, [sp, #8]
10002bd8:	19d8      	adds	r0, r3, r7
10002bda:	0080      	lsls	r0, r0, #2
10002bdc:	4a17      	ldr	r2, [pc, #92]	; (10002c3c <irq_add_shared_handler+0x1f4>)
10002bde:	4690      	mov	r8, r2
10002be0:	0002      	movs	r2, r0
10002be2:	4442      	add	r2, r8
10002be4:	9203      	str	r2, [sp, #12]
10002be6:	1c90      	adds	r0, r2, #2
10002be8:	4918      	ldr	r1, [pc, #96]	; (10002c4c <irq_add_shared_handler+0x204>)
10002bea:	f7ff fe79 	bl	100028e0 <make_branch>
10002bee:	8070      	strh	r0, [r6, #2]
10002bf0:	9a03      	ldr	r2, [sp, #12]
10002bf2:	1d10      	adds	r0, r2, #4
10002bf4:	4659      	mov	r1, fp
10002bf6:	f7ff fe73 	bl	100028e0 <make_branch>
10002bfa:	80b0      	strh	r0, [r6, #4]
10002bfc:	4b1e      	ldr	r3, [pc, #120]	; (10002c78 <irq_add_shared_handler+0x230>)
10002bfe:	465a      	mov	r2, fp
10002c00:	4641      	mov	r1, r8
10002c02:	1a52      	subs	r2, r2, r1
10002c04:	4152      	adcs	r2, r2
10002c06:	4353      	muls	r3, r2
10002c08:	0d1b      	lsrs	r3, r3, #20
10002c0a:	71b3      	strb	r3, [r6, #6]
10002c0c:	71f5      	strb	r5, [r6, #7]
10002c0e:	9a01      	ldr	r2, [sp, #4]
10002c10:	9207      	str	r2, [sp, #28]
10002c12:	9b02      	ldr	r3, [sp, #8]
10002c14:	469c      	mov	ip, r3
10002c16:	4467      	add	r7, ip
10002c18:	00bf      	lsls	r7, r7, #2
10002c1a:	4447      	add	r7, r8
10002c1c:	ce0e      	ldmia	r6!, {r1, r2, r3}
10002c1e:	c70e      	stmia	r7!, {r1, r2, r3}
10002c20:	4b11      	ldr	r3, [pc, #68]	; (10002c68 <irq_add_shared_handler+0x220>)
10002c22:	465a      	mov	r2, fp
10002c24:	8013      	strh	r3, [r2, #0]
10002c26:	3b81      	subs	r3, #129	; 0x81
10002c28:	8053      	strh	r3, [r2, #2]
10002c2a:	2301      	movs	r3, #1
10002c2c:	431c      	orrs	r4, r3
10002c2e:	46a0      	mov	r8, r4
10002c30:	e757      	b.n	10002ae2 <irq_add_shared_handler+0x9a>
10002c32:	46c0      	nop			; (mov r8, r8)
10002c34:	d0000124 	.word	0xd0000124
10002c38:	20001d31 	.word	0x20001d31
10002c3c:	20000df4 	.word	0x20000df4
10002c40:	e000ed00 	.word	0xe000ed00
10002c44:	100001cd 	.word	0x100001cd
10002c48:	ffffa100 	.word	0xffffa100
10002c4c:	20000e24 	.word	0x20000e24
10002c50:	ffffbd01 	.word	0xffffbd01
10002c54:	10009e34 	.word	0x10009e34
10002c58:	1000a008 	.word	0x1000a008
10002c5c:	10009d90 	.word	0x10009d90
10002c60:	10009e5c 	.word	0x10009e5c
10002c64:	10009e84 	.word	0x10009e84
10002c68:	00004801 	.word	0x00004801
10002c6c:	0000bd01 	.word	0x0000bd01
10002c70:	10009ef8 	.word	0x10009ef8
10002c74:	10009ff8 	.word	0x10009ff8
10002c78:	0000aaaa 	.word	0x0000aaaa

10002c7c <irq_remove_handler>:
10002c7c:	b5f0      	push	{r4, r5, r6, r7, lr}
10002c7e:	46ce      	mov	lr, r9
10002c80:	4647      	mov	r7, r8
10002c82:	b580      	push	{r7, lr}
10002c84:	b083      	sub	sp, #12
10002c86:	0006      	movs	r6, r0
10002c88:	000d      	movs	r5, r1
10002c8a:	f3ef 8810 	mrs	r8, PRIMASK
10002c8e:	b672      	cpsid	i
10002c90:	4b56      	ldr	r3, [pc, #344]	; (10002dec <irq_remove_handler+0x170>)
10002c92:	681b      	ldr	r3, [r3, #0]
10002c94:	2b00      	cmp	r3, #0
10002c96:	d0fb      	beq.n	10002c90 <irq_remove_handler+0x14>
10002c98:	f3bf 8f5f 	dmb	sy
10002c9c:	4b54      	ldr	r3, [pc, #336]	; (10002df0 <irq_remove_handler+0x174>)
10002c9e:	689a      	ldr	r2, [r3, #8]
10002ca0:	0034      	movs	r4, r6
10002ca2:	3410      	adds	r4, #16
10002ca4:	00a3      	lsls	r3, r4, #2
10002ca6:	58d7      	ldr	r7, [r2, r3]
10002ca8:	4b52      	ldr	r3, [pc, #328]	; (10002df4 <irq_remove_handler+0x178>)
10002caa:	429f      	cmp	r7, r3
10002cac:	d007      	beq.n	10002cbe <irq_remove_handler+0x42>
10002cae:	42af      	cmp	r7, r5
10002cb0:	d100      	bne.n	10002cb4 <irq_remove_handler+0x38>
10002cb2:	e098      	b.n	10002de6 <irq_remove_handler+0x16a>
10002cb4:	9701      	str	r7, [sp, #4]
10002cb6:	4b50      	ldr	r3, [pc, #320]	; (10002df8 <irq_remove_handler+0x17c>)
10002cb8:	1afb      	subs	r3, r7, r3
10002cba:	2b2f      	cmp	r3, #47	; 0x2f
10002cbc:	d909      	bls.n	10002cd2 <irq_remove_handler+0x56>
10002cbe:	4642      	mov	r2, r8
10002cc0:	0039      	movs	r1, r7
10002cc2:	0030      	movs	r0, r6
10002cc4:	f7ff fdf8 	bl	100028b8 <set_raw_irq_handler_and_unlock>
10002cc8:	b003      	add	sp, #12
10002cca:	bcc0      	pop	{r6, r7}
10002ccc:	46b9      	mov	r9, r7
10002cce:	46b0      	mov	r8, r6
10002cd0:	bdf0      	pop	{r4, r5, r6, r7, pc}
10002cd2:	0030      	movs	r0, r6
10002cd4:	f7ff fe48 	bl	10002968 <irq_is_enabled>
10002cd8:	4681      	mov	r9, r0
10002cda:	2100      	movs	r1, #0
10002cdc:	0030      	movs	r0, r6
10002cde:	f7ff fe5f 	bl	100029a0 <irq_set_enabled>
10002ce2:	f3bf 8f5f 	dmb	sy
10002ce6:	f3ef 8105 	mrs	r1, IPSR
10002cea:	2900      	cmp	r1, #0
10002cec:	d001      	beq.n	10002cf2 <irq_remove_handler+0x76>
10002cee:	428c      	cmp	r4, r1
10002cf0:	d111      	bne.n	10002d16 <irq_remove_handler+0x9a>
10002cf2:	2301      	movs	r3, #1
10002cf4:	9c01      	ldr	r4, [sp, #4]
10002cf6:	439c      	bics	r4, r3
10002cf8:	2200      	movs	r2, #0
10002cfa:	68a3      	ldr	r3, [r4, #8]
10002cfc:	42ab      	cmp	r3, r5
10002cfe:	d012      	beq.n	10002d26 <irq_remove_handler+0xaa>
10002d00:	2206      	movs	r2, #6
10002d02:	56a2      	ldrsb	r2, [r4, r2]
10002d04:	2a00      	cmp	r2, #0
10002d06:	db0d      	blt.n	10002d24 <irq_remove_handler+0xa8>
10002d08:	0053      	lsls	r3, r2, #1
10002d0a:	189b      	adds	r3, r3, r2
10002d0c:	009b      	lsls	r3, r3, #2
10002d0e:	0022      	movs	r2, r4
10002d10:	4c39      	ldr	r4, [pc, #228]	; (10002df8 <irq_remove_handler+0x17c>)
10002d12:	18e4      	adds	r4, r4, r3
10002d14:	e7f1      	b.n	10002cfa <irq_remove_handler+0x7e>
10002d16:	2136      	movs	r1, #54	; 0x36
10002d18:	4b38      	ldr	r3, [pc, #224]	; (10002dfc <irq_remove_handler+0x180>)
10002d1a:	4a39      	ldr	r2, [pc, #228]	; (10002e00 <irq_remove_handler+0x184>)
10002d1c:	31ff      	adds	r1, #255	; 0xff
10002d1e:	4839      	ldr	r0, [pc, #228]	; (10002e04 <irq_remove_handler+0x188>)
10002d20:	f001 fcc0 	bl	100046a4 <__assert_func>
10002d24:	0022      	movs	r2, r4
10002d26:	42ab      	cmp	r3, r5
10002d28:	d156      	bne.n	10002dd8 <irq_remove_handler+0x15c>
10002d2a:	2506      	movs	r5, #6
10002d2c:	5765      	ldrsb	r5, [r4, r5]
10002d2e:	2d00      	cmp	r5, #0
10002d30:	db38      	blt.n	10002da4 <irq_remove_handler+0x128>
10002d32:	006b      	lsls	r3, r5, #1
10002d34:	195b      	adds	r3, r3, r5
10002d36:	009a      	lsls	r2, r3, #2
10002d38:	4b2f      	ldr	r3, [pc, #188]	; (10002df8 <irq_remove_handler+0x17c>)
10002d3a:	189b      	adds	r3, r3, r2
10002d3c:	689a      	ldr	r2, [r3, #8]
10002d3e:	60a2      	str	r2, [r4, #8]
10002d40:	79da      	ldrb	r2, [r3, #7]
10002d42:	71e2      	strb	r2, [r4, #7]
10002d44:	2206      	movs	r2, #6
10002d46:	569a      	ldrsb	r2, [r3, r2]
10002d48:	71a2      	strb	r2, [r4, #6]
10002d4a:	799b      	ldrb	r3, [r3, #6]
10002d4c:	b25b      	sxtb	r3, r3
10002d4e:	2b00      	cmp	r3, #0
10002d50:	da0f      	bge.n	10002d72 <irq_remove_handler+0xf6>
10002d52:	482d      	ldr	r0, [pc, #180]	; (10002e08 <irq_remove_handler+0x18c>)
10002d54:	80a0      	strh	r0, [r4, #4]
10002d56:	006b      	lsls	r3, r5, #1
10002d58:	195b      	adds	r3, r3, r5
10002d5a:	009b      	lsls	r3, r3, #2
10002d5c:	4a26      	ldr	r2, [pc, #152]	; (10002df8 <irq_remove_handler+0x17c>)
10002d5e:	18d3      	adds	r3, r2, r3
10002d60:	4a2a      	ldr	r2, [pc, #168]	; (10002e0c <irq_remove_handler+0x190>)
10002d62:	7811      	ldrb	r1, [r2, #0]
10002d64:	7199      	strb	r1, [r3, #6]
10002d66:	7015      	strb	r5, [r2, #0]
10002d68:	4649      	mov	r1, r9
10002d6a:	0030      	movs	r0, r6
10002d6c:	f7ff fe18 	bl	100029a0 <irq_set_enabled>
10002d70:	e7a5      	b.n	10002cbe <irq_remove_handler+0x42>
10002d72:	1d20      	adds	r0, r4, #4
10002d74:	006b      	lsls	r3, r5, #1
10002d76:	195b      	adds	r3, r3, r5
10002d78:	009b      	lsls	r3, r3, #2
10002d7a:	4a1f      	ldr	r2, [pc, #124]	; (10002df8 <irq_remove_handler+0x17c>)
10002d7c:	189b      	adds	r3, r3, r2
10002d7e:	1d1a      	adds	r2, r3, #4
10002d80:	889b      	ldrh	r3, [r3, #4]
10002d82:	0ad9      	lsrs	r1, r3, #11
10002d84:	291c      	cmp	r1, #28
10002d86:	d107      	bne.n	10002d98 <irq_remove_handler+0x11c>
10002d88:	055b      	lsls	r3, r3, #21
10002d8a:	155b      	asrs	r3, r3, #21
10002d8c:	3302      	adds	r3, #2
10002d8e:	0059      	lsls	r1, r3, #1
10002d90:	1851      	adds	r1, r2, r1
10002d92:	f7ff fda5 	bl	100028e0 <make_branch>
10002d96:	e7dd      	b.n	10002d54 <irq_remove_handler+0xd8>
10002d98:	4b1d      	ldr	r3, [pc, #116]	; (10002e10 <irq_remove_handler+0x194>)
10002d9a:	4a1e      	ldr	r2, [pc, #120]	; (10002e14 <irq_remove_handler+0x198>)
10002d9c:	21b1      	movs	r1, #177	; 0xb1
10002d9e:	4819      	ldr	r0, [pc, #100]	; (10002e04 <irq_remove_handler+0x188>)
10002da0:	f001 fc80 	bl	100046a4 <__assert_func>
10002da4:	2900      	cmp	r1, #0
10002da6:	d112      	bne.n	10002dce <irq_remove_handler+0x152>
10002da8:	2a00      	cmp	r2, #0
10002daa:	d00e      	beq.n	10002dca <irq_remove_handler+0x14e>
10002dac:	23ff      	movs	r3, #255	; 0xff
10002dae:	7193      	strb	r3, [r2, #6]
10002db0:	4b19      	ldr	r3, [pc, #100]	; (10002e18 <irq_remove_handler+0x19c>)
10002db2:	8093      	strh	r3, [r2, #4]
10002db4:	4a15      	ldr	r2, [pc, #84]	; (10002e0c <irq_remove_handler+0x190>)
10002db6:	7813      	ldrb	r3, [r2, #0]
10002db8:	71a3      	strb	r3, [r4, #6]
10002dba:	4b18      	ldr	r3, [pc, #96]	; (10002e1c <irq_remove_handler+0x1a0>)
10002dbc:	490e      	ldr	r1, [pc, #56]	; (10002df8 <irq_remove_handler+0x17c>)
10002dbe:	1a64      	subs	r4, r4, r1
10002dc0:	4164      	adcs	r4, r4
10002dc2:	4363      	muls	r3, r4
10002dc4:	0d1b      	lsrs	r3, r3, #20
10002dc6:	7013      	strb	r3, [r2, #0]
10002dc8:	e7ce      	b.n	10002d68 <irq_remove_handler+0xec>
10002dca:	4f0a      	ldr	r7, [pc, #40]	; (10002df4 <irq_remove_handler+0x178>)
10002dcc:	e7f2      	b.n	10002db4 <irq_remove_handler+0x138>
10002dce:	1d20      	adds	r0, r4, #4
10002dd0:	4913      	ldr	r1, [pc, #76]	; (10002e20 <irq_remove_handler+0x1a4>)
10002dd2:	f7ff fda9 	bl	10002928 <insert_branch_and_link>
10002dd6:	e7c7      	b.n	10002d68 <irq_remove_handler+0xec>
10002dd8:	216a      	movs	r1, #106	; 0x6a
10002dda:	4b12      	ldr	r3, [pc, #72]	; (10002e24 <irq_remove_handler+0x1a8>)
10002ddc:	4a08      	ldr	r2, [pc, #32]	; (10002e00 <irq_remove_handler+0x184>)
10002dde:	31ff      	adds	r1, #255	; 0xff
10002de0:	4808      	ldr	r0, [pc, #32]	; (10002e04 <irq_remove_handler+0x188>)
10002de2:	f001 fc5f 	bl	100046a4 <__assert_func>
10002de6:	4f03      	ldr	r7, [pc, #12]	; (10002df4 <irq_remove_handler+0x178>)
10002de8:	e769      	b.n	10002cbe <irq_remove_handler+0x42>
10002dea:	46c0      	nop			; (mov r8, r8)
10002dec:	d0000124 	.word	0xd0000124
10002df0:	e000ed00 	.word	0xe000ed00
10002df4:	100001cd 	.word	0x100001cd
10002df8:	20000df4 	.word	0x20000df4
10002dfc:	10009f10 	.word	0x10009f10
10002e00:	10009fd8 	.word	0x10009fd8
10002e04:	10009d90 	.word	0x10009d90
10002e08:	0000bd01 	.word	0x0000bd01
10002e0c:	20001d31 	.word	0x20001d31
10002e10:	10009ef8 	.word	0x10009ef8
10002e14:	10009ff8 	.word	0x10009ff8
10002e18:	ffffbd01 	.word	0xffffbd01
10002e1c:	0000aaaa 	.word	0x0000aaaa
10002e20:	20000e2e 	.word	0x20000e2e
10002e24:	10009f44 	.word	0x10009f44

10002e28 <irq_add_tail_to_free_list>:
10002e28:	b570      	push	{r4, r5, r6, lr}
10002e2a:	2101      	movs	r1, #1
10002e2c:	4301      	orrs	r1, r0
10002e2e:	4b2e      	ldr	r3, [pc, #184]	; (10002ee8 <irq_add_tail_to_free_list+0xc0>)
10002e30:	1acb      	subs	r3, r1, r3
10002e32:	2b2f      	cmp	r3, #47	; 0x2f
10002e34:	d828      	bhi.n	10002e88 <irq_add_tail_to_free_list+0x60>
10002e36:	f3ef 8305 	mrs	r3, IPSR
10002e3a:	2b00      	cmp	r3, #0
10002e3c:	d02b      	beq.n	10002e96 <irq_add_tail_to_free_list+0x6e>
10002e3e:	f3ef 8c10 	mrs	ip, PRIMASK
10002e42:	b672      	cpsid	i
10002e44:	4a29      	ldr	r2, [pc, #164]	; (10002eec <irq_add_tail_to_free_list+0xc4>)
10002e46:	6812      	ldr	r2, [r2, #0]
10002e48:	2a00      	cmp	r2, #0
10002e4a:	d0fb      	beq.n	10002e44 <irq_add_tail_to_free_list+0x1c>
10002e4c:	f3bf 8f5f 	dmb	sy
10002e50:	4a27      	ldr	r2, [pc, #156]	; (10002ef0 <irq_add_tail_to_free_list+0xc8>)
10002e52:	0004      	movs	r4, r0
10002e54:	4d24      	ldr	r5, [pc, #144]	; (10002ee8 <irq_add_tail_to_free_list+0xc0>)
10002e56:	1b64      	subs	r4, r4, r5
10002e58:	4164      	adcs	r4, r4
10002e5a:	4362      	muls	r2, r4
10002e5c:	0d12      	lsrs	r2, r2, #20
10002e5e:	b254      	sxtb	r4, r2
10002e60:	4a24      	ldr	r2, [pc, #144]	; (10002ef4 <irq_add_tail_to_free_list+0xcc>)
10002e62:	6892      	ldr	r2, [r2, #8]
10002e64:	009b      	lsls	r3, r3, #2
10002e66:	58d2      	ldr	r2, [r2, r3]
10002e68:	428a      	cmp	r2, r1
10002e6a:	d01b      	beq.n	10002ea4 <irq_add_tail_to_free_list+0x7c>
10002e6c:	2200      	movs	r2, #0
10002e6e:	2a03      	cmp	r2, #3
10002e70:	d832      	bhi.n	10002ed8 <irq_add_tail_to_free_list+0xb0>
10002e72:	0053      	lsls	r3, r2, #1
10002e74:	189b      	adds	r3, r3, r2
10002e76:	009b      	lsls	r3, r3, #2
10002e78:	491b      	ldr	r1, [pc, #108]	; (10002ee8 <irq_add_tail_to_free_list+0xc0>)
10002e7a:	18cb      	adds	r3, r1, r3
10002e7c:	799b      	ldrb	r3, [r3, #6]
10002e7e:	b25b      	sxtb	r3, r3
10002e80:	42a3      	cmp	r3, r4
10002e82:	d01f      	beq.n	10002ec4 <irq_add_tail_to_free_list+0x9c>
10002e84:	3201      	adds	r2, #1
10002e86:	e7f2      	b.n	10002e6e <irq_add_tail_to_free_list+0x46>
10002e88:	21c7      	movs	r1, #199	; 0xc7
10002e8a:	4b1b      	ldr	r3, [pc, #108]	; (10002ef8 <irq_add_tail_to_free_list+0xd0>)
10002e8c:	4a1b      	ldr	r2, [pc, #108]	; (10002efc <irq_add_tail_to_free_list+0xd4>)
10002e8e:	0049      	lsls	r1, r1, #1
10002e90:	481b      	ldr	r0, [pc, #108]	; (10002f00 <irq_add_tail_to_free_list+0xd8>)
10002e92:	f001 fc07 	bl	100046a4 <__assert_func>
10002e96:	2192      	movs	r1, #146	; 0x92
10002e98:	4b1a      	ldr	r3, [pc, #104]	; (10002f04 <irq_add_tail_to_free_list+0xdc>)
10002e9a:	4a18      	ldr	r2, [pc, #96]	; (10002efc <irq_add_tail_to_free_list+0xd4>)
10002e9c:	31ff      	adds	r1, #255	; 0xff
10002e9e:	4818      	ldr	r0, [pc, #96]	; (10002f00 <irq_add_tail_to_free_list+0xd8>)
10002ea0:	f001 fc00 	bl	100046a4 <__assert_func>
10002ea4:	4a13      	ldr	r2, [pc, #76]	; (10002ef4 <irq_add_tail_to_free_list+0xcc>)
10002ea6:	6892      	ldr	r2, [r2, #8]
10002ea8:	4917      	ldr	r1, [pc, #92]	; (10002f08 <irq_add_tail_to_free_list+0xe0>)
10002eaa:	50d1      	str	r1, [r2, r3]
10002eac:	4b17      	ldr	r3, [pc, #92]	; (10002f0c <irq_add_tail_to_free_list+0xe4>)
10002eae:	781a      	ldrb	r2, [r3, #0]
10002eb0:	7182      	strb	r2, [r0, #6]
10002eb2:	701c      	strb	r4, [r3, #0]
10002eb4:	f3bf 8f5f 	dmb	sy
10002eb8:	4b0c      	ldr	r3, [pc, #48]	; (10002eec <irq_add_tail_to_free_list+0xc4>)
10002eba:	2200      	movs	r2, #0
10002ebc:	601a      	str	r2, [r3, #0]
10002ebe:	f38c 8810 	msr	PRIMASK, ip
10002ec2:	bd70      	pop	{r4, r5, r6, pc}
10002ec4:	000d      	movs	r5, r1
10002ec6:	0053      	lsls	r3, r2, #1
10002ec8:	1899      	adds	r1, r3, r2
10002eca:	0089      	lsls	r1, r1, #2
10002ecc:	1869      	adds	r1, r5, r1
10002ece:	26ff      	movs	r6, #255	; 0xff
10002ed0:	718e      	strb	r6, [r1, #6]
10002ed2:	4a0f      	ldr	r2, [pc, #60]	; (10002f10 <irq_add_tail_to_free_list+0xe8>)
10002ed4:	808a      	strh	r2, [r1, #4]
10002ed6:	e7e9      	b.n	10002eac <irq_add_tail_to_free_list+0x84>
10002ed8:	21d1      	movs	r1, #209	; 0xd1
10002eda:	4b0e      	ldr	r3, [pc, #56]	; (10002f14 <irq_add_tail_to_free_list+0xec>)
10002edc:	4a07      	ldr	r2, [pc, #28]	; (10002efc <irq_add_tail_to_free_list+0xd4>)
10002ede:	0049      	lsls	r1, r1, #1
10002ee0:	4807      	ldr	r0, [pc, #28]	; (10002f00 <irq_add_tail_to_free_list+0xd8>)
10002ee2:	f001 fbdf 	bl	100046a4 <__assert_func>
10002ee6:	46c0      	nop			; (mov r8, r8)
10002ee8:	20000df4 	.word	0x20000df4
10002eec:	d0000124 	.word	0xd0000124
10002ef0:	0000aaaa 	.word	0x0000aaaa
10002ef4:	e000ed00 	.word	0xe000ed00
10002ef8:	10009f4c 	.word	0x10009f4c
10002efc:	10009fa4 	.word	0x10009fa4
10002f00:	10009d90 	.word	0x10009d90
10002f04:	10009f74 	.word	0x10009f74
10002f08:	100001cd 	.word	0x100001cd
10002f0c:	20001d31 	.word	0x20001d31
10002f10:	ffffbd01 	.word	0xffffbd01
10002f14:	10009f80 	.word	0x10009f80

10002f18 <irq_init_priorities>:
10002f18:	2200      	movs	r2, #0
10002f1a:	4b04      	ldr	r3, [pc, #16]	; (10002f2c <irq_init_priorities+0x14>)
10002f1c:	e002      	b.n	10002f24 <irq_init_priorities+0xc>
10002f1e:	4904      	ldr	r1, [pc, #16]	; (10002f30 <irq_init_priorities+0x18>)
10002f20:	c302      	stmia	r3!, {r1}
10002f22:	3201      	adds	r2, #1
10002f24:	2a07      	cmp	r2, #7
10002f26:	d9fa      	bls.n	10002f1e <irq_init_priorities+0x6>
10002f28:	4770      	bx	lr
10002f2a:	46c0      	nop			; (mov r8, r8)
10002f2c:	e000e400 	.word	0xe000e400
10002f30:	80808080 	.word	0x80808080

10002f34 <user_irq_claim_unused>:
10002f34:	b500      	push	{lr}
10002f36:	b083      	sub	sp, #12
10002f38:	0001      	movs	r1, r0
10002f3a:	4b06      	ldr	r3, [pc, #24]	; (10002f54 <user_irq_claim_unused+0x20>)
10002f3c:	9300      	str	r3, [sp, #0]
10002f3e:	2305      	movs	r3, #5
10002f40:	2200      	movs	r2, #0
10002f42:	4805      	ldr	r0, [pc, #20]	; (10002f58 <user_irq_claim_unused+0x24>)
10002f44:	f7ff fc61 	bl	1000280a <hw_claim_unused_from_range>
10002f48:	2800      	cmp	r0, #0
10002f4a:	db01      	blt.n	10002f50 <user_irq_claim_unused+0x1c>
10002f4c:	231f      	movs	r3, #31
10002f4e:	1a18      	subs	r0, r3, r0
10002f50:	b003      	add	sp, #12
10002f52:	bd00      	pop	{pc}
10002f54:	10009f88 	.word	0x10009f88
10002f58:	20001d39 	.word	0x20001d39

10002f5c <lock_init>:
10002f5c:	4b02      	ldr	r3, [pc, #8]	; (10002f68 <lock_init+0xc>)
10002f5e:	469c      	mov	ip, r3
10002f60:	4461      	add	r1, ip
10002f62:	0089      	lsls	r1, r1, #2
10002f64:	6001      	str	r1, [r0, #0]
10002f66:	4770      	bx	lr
10002f68:	34000040 	.word	0x34000040

10002f6c <mutex_init>:
10002f6c:	b510      	push	{r4, lr}
10002f6e:	0004      	movs	r4, r0
10002f70:	f7ff fc84 	bl	1000287c <next_striped_spin_lock_num>
10002f74:	0001      	movs	r1, r0
10002f76:	0020      	movs	r0, r4
10002f78:	f7ff fff0 	bl	10002f5c <lock_init>
10002f7c:	23ff      	movs	r3, #255	; 0xff
10002f7e:	7123      	strb	r3, [r4, #4]
10002f80:	f3bf 8f5f 	dmb	sy
10002f84:	bd10      	pop	{r4, pc}

10002f86 <recursive_mutex_init>:
10002f86:	b510      	push	{r4, lr}
10002f88:	0004      	movs	r4, r0
10002f8a:	f7ff fc77 	bl	1000287c <next_striped_spin_lock_num>
10002f8e:	0001      	movs	r1, r0
10002f90:	0020      	movs	r0, r4
10002f92:	f7ff ffe3 	bl	10002f5c <lock_init>
10002f96:	23ff      	movs	r3, #255	; 0xff
10002f98:	7123      	strb	r3, [r4, #4]
10002f9a:	2300      	movs	r3, #0
10002f9c:	7163      	strb	r3, [r4, #5]
10002f9e:	f3bf 8f5f 	dmb	sy
10002fa2:	bd10      	pop	{r4, pc}

10002fa4 <critical_section_init_with_lock_num>:
10002fa4:	4b03      	ldr	r3, [pc, #12]	; (10002fb4 <critical_section_init_with_lock_num+0x10>)
10002fa6:	469c      	mov	ip, r3
10002fa8:	4461      	add	r1, ip
10002faa:	0089      	lsls	r1, r1, #2
10002fac:	6001      	str	r1, [r0, #0]
10002fae:	f3bf 8f5f 	dmb	sy
10002fb2:	4770      	bx	lr
10002fb4:	34000040 	.word	0x34000040

10002fb8 <critical_section_init>:
10002fb8:	b510      	push	{r4, lr}
10002fba:	0004      	movs	r4, r0
10002fbc:	2001      	movs	r0, #1
10002fbe:	f7ff fc6b 	bl	10002898 <spin_lock_claim_unused>
10002fc2:	0001      	movs	r1, r0
10002fc4:	0020      	movs	r0, r4
10002fc6:	f7ff ffed 	bl	10002fa4 <critical_section_init_with_lock_num>
10002fca:	bd10      	pop	{r4, pc}

10002fcc <alarm_pool_post_alloc_init>:
10002fcc:	b570      	push	{r4, r5, r6, lr}
10002fce:	0005      	movs	r5, r0
10002fd0:	000c      	movs	r4, r1
10002fd2:	0008      	movs	r0, r1
10002fd4:	f000 ff00 	bl	10003dd8 <hardware_alarm_cancel>
10002fd8:	4909      	ldr	r1, [pc, #36]	; (10003000 <alarm_pool_post_alloc_init+0x34>)
10002fda:	0020      	movs	r0, r4
10002fdc:	f000 fe40 	bl	10003c60 <hardware_alarm_set_callback>
10002fe0:	f7ff fc4c 	bl	1000287c <next_striped_spin_lock_num>
10002fe4:	4b07      	ldr	r3, [pc, #28]	; (10003004 <alarm_pool_post_alloc_init+0x38>)
10002fe6:	469c      	mov	ip, r3
10002fe8:	4460      	add	r0, ip
10002fea:	0080      	lsls	r0, r0, #2
10002fec:	6068      	str	r0, [r5, #4]
10002fee:	752c      	strb	r4, [r5, #20]
10002ff0:	23d0      	movs	r3, #208	; 0xd0
10002ff2:	061b      	lsls	r3, r3, #24
10002ff4:	781b      	ldrb	r3, [r3, #0]
10002ff6:	756b      	strb	r3, [r5, #21]
10002ff8:	00a4      	lsls	r4, r4, #2
10002ffa:	4b03      	ldr	r3, [pc, #12]	; (10003008 <alarm_pool_post_alloc_init+0x3c>)
10002ffc:	50e5      	str	r5, [r4, r3]
10002ffe:	bd70      	pop	{r4, r5, r6, pc}
10003000:	10003311 	.word	0x10003311
10003004:	34000040 	.word	0x34000040
10003008:	20001ab8 	.word	0x20001ab8

1000300c <sleep_until_callback>:
1000300c:	4b0a      	ldr	r3, [pc, #40]	; (10003038 <sleep_until_callback+0x2c>)
1000300e:	681a      	ldr	r2, [r3, #0]
10003010:	f3ef 8110 	mrs	r1, PRIMASK
10003014:	b672      	cpsid	i
10003016:	6813      	ldr	r3, [r2, #0]
10003018:	2b00      	cmp	r3, #0
1000301a:	d0fc      	beq.n	10003016 <sleep_until_callback+0xa>
1000301c:	f3bf 8f5f 	dmb	sy
10003020:	4b05      	ldr	r3, [pc, #20]	; (10003038 <sleep_until_callback+0x2c>)
10003022:	681b      	ldr	r3, [r3, #0]
10003024:	f3bf 8f5f 	dmb	sy
10003028:	2200      	movs	r2, #0
1000302a:	601a      	str	r2, [r3, #0]
1000302c:	f381 8810 	msr	PRIMASK, r1
10003030:	bf40      	sev
10003032:	2000      	movs	r0, #0
10003034:	2100      	movs	r1, #0
10003036:	4770      	bx	lr
10003038:	20001cdc 	.word	0x20001cdc

1000303c <timer_pool_entry_comparator>:
1000303c:	b510      	push	{r4, lr}
1000303e:	2900      	cmp	r1, #0
10003040:	d022      	beq.n	10003088 <timer_pool_entry_comparator+0x4c>
10003042:	6803      	ldr	r3, [r0, #0]
10003044:	7b1b      	ldrb	r3, [r3, #12]
10003046:	4299      	cmp	r1, r3
10003048:	d81e      	bhi.n	10003088 <timer_pool_entry_comparator+0x4c>
1000304a:	4b17      	ldr	r3, [pc, #92]	; (100030a8 <timer_pool_entry_comparator+0x6c>)
1000304c:	469c      	mov	ip, r3
1000304e:	4461      	add	r1, ip
10003050:	0109      	lsls	r1, r1, #4
10003052:	6883      	ldr	r3, [r0, #8]
10003054:	469c      	mov	ip, r3
10003056:	4461      	add	r1, ip
10003058:	680c      	ldr	r4, [r1, #0]
1000305a:	6849      	ldr	r1, [r1, #4]
1000305c:	2a00      	cmp	r2, #0
1000305e:	d019      	beq.n	10003094 <timer_pool_entry_comparator+0x58>
10003060:	6803      	ldr	r3, [r0, #0]
10003062:	7b1b      	ldrb	r3, [r3, #12]
10003064:	429a      	cmp	r2, r3
10003066:	d815      	bhi.n	10003094 <timer_pool_entry_comparator+0x58>
10003068:	6883      	ldr	r3, [r0, #8]
1000306a:	480f      	ldr	r0, [pc, #60]	; (100030a8 <timer_pool_entry_comparator+0x6c>)
1000306c:	4684      	mov	ip, r0
1000306e:	4462      	add	r2, ip
10003070:	0112      	lsls	r2, r2, #4
10003072:	189a      	adds	r2, r3, r2
10003074:	6810      	ldr	r0, [r2, #0]
10003076:	6853      	ldr	r3, [r2, #4]
10003078:	0002      	movs	r2, r0
1000307a:	2001      	movs	r0, #1
1000307c:	428b      	cmp	r3, r1
1000307e:	d801      	bhi.n	10003084 <timer_pool_entry_comparator+0x48>
10003080:	d00e      	beq.n	100030a0 <timer_pool_entry_comparator+0x64>
10003082:	2000      	movs	r0, #0
10003084:	b2c0      	uxtb	r0, r0
10003086:	bd10      	pop	{r4, pc}
10003088:	4b08      	ldr	r3, [pc, #32]	; (100030ac <timer_pool_entry_comparator+0x70>)
1000308a:	4a09      	ldr	r2, [pc, #36]	; (100030b0 <timer_pool_entry_comparator+0x74>)
1000308c:	213c      	movs	r1, #60	; 0x3c
1000308e:	4809      	ldr	r0, [pc, #36]	; (100030b4 <timer_pool_entry_comparator+0x78>)
10003090:	f001 fb08 	bl	100046a4 <__assert_func>
10003094:	4b05      	ldr	r3, [pc, #20]	; (100030ac <timer_pool_entry_comparator+0x70>)
10003096:	4a06      	ldr	r2, [pc, #24]	; (100030b0 <timer_pool_entry_comparator+0x74>)
10003098:	213c      	movs	r1, #60	; 0x3c
1000309a:	4806      	ldr	r0, [pc, #24]	; (100030b4 <timer_pool_entry_comparator+0x78>)
1000309c:	f001 fb02 	bl	100046a4 <__assert_func>
100030a0:	42a2      	cmp	r2, r4
100030a2:	d8ef      	bhi.n	10003084 <timer_pool_entry_comparator+0x48>
100030a4:	e7ed      	b.n	10003082 <timer_pool_entry_comparator+0x46>
100030a6:	46c0      	nop			; (mov r8, r8)
100030a8:	0fffffff 	.word	0x0fffffff
100030ac:	1000a188 	.word	0x1000a188
100030b0:	1000a408 	.word	0x1000a408
100030b4:	1000a134 	.word	0x1000a134

100030b8 <ph_add_child_node>:
100030b8:	b510      	push	{r4, lr}
100030ba:	2900      	cmp	r1, #0
100030bc:	d01e      	beq.n	100030fc <ph_add_child_node+0x44>
100030be:	7b03      	ldrb	r3, [r0, #12]
100030c0:	4299      	cmp	r1, r3
100030c2:	d81b      	bhi.n	100030fc <ph_add_child_node+0x44>
100030c4:	004b      	lsls	r3, r1, #1
100030c6:	185b      	adds	r3, r3, r1
100030c8:	3b03      	subs	r3, #3
100030ca:	6804      	ldr	r4, [r0, #0]
100030cc:	46a4      	mov	ip, r4
100030ce:	4463      	add	r3, ip
100030d0:	2900      	cmp	r1, #0
100030d2:	d019      	beq.n	10003108 <ph_add_child_node+0x50>
100030d4:	2a00      	cmp	r2, #0
100030d6:	d01d      	beq.n	10003114 <ph_add_child_node+0x5c>
100030d8:	4291      	cmp	r1, r2
100030da:	d021      	beq.n	10003120 <ph_add_child_node+0x68>
100030dc:	2a00      	cmp	r2, #0
100030de:	d025      	beq.n	1000312c <ph_add_child_node+0x74>
100030e0:	7b04      	ldrb	r4, [r0, #12]
100030e2:	42a2      	cmp	r2, r4
100030e4:	d822      	bhi.n	1000312c <ph_add_child_node+0x74>
100030e6:	6804      	ldr	r4, [r0, #0]
100030e8:	0050      	lsls	r0, r2, #1
100030ea:	1880      	adds	r0, r0, r2
100030ec:	3803      	subs	r0, #3
100030ee:	1820      	adds	r0, r4, r0
100030f0:	7081      	strb	r1, [r0, #2]
100030f2:	7819      	ldrb	r1, [r3, #0]
100030f4:	2900      	cmp	r1, #0
100030f6:	d11f      	bne.n	10003138 <ph_add_child_node+0x80>
100030f8:	701a      	strb	r2, [r3, #0]
100030fa:	bd10      	pop	{r4, pc}
100030fc:	4b10      	ldr	r3, [pc, #64]	; (10003140 <ph_add_child_node+0x88>)
100030fe:	4a11      	ldr	r2, [pc, #68]	; (10003144 <ph_add_child_node+0x8c>)
10003100:	2168      	movs	r1, #104	; 0x68
10003102:	4811      	ldr	r0, [pc, #68]	; (10003148 <ph_add_child_node+0x90>)
10003104:	f001 face 	bl	100046a4 <__assert_func>
10003108:	4b10      	ldr	r3, [pc, #64]	; (1000314c <ph_add_child_node+0x94>)
1000310a:	4a11      	ldr	r2, [pc, #68]	; (10003150 <ph_add_child_node+0x98>)
1000310c:	316f      	adds	r1, #111	; 0x6f
1000310e:	480e      	ldr	r0, [pc, #56]	; (10003148 <ph_add_child_node+0x90>)
10003110:	f001 fac8 	bl	100046a4 <__assert_func>
10003114:	4b0f      	ldr	r3, [pc, #60]	; (10003154 <ph_add_child_node+0x9c>)
10003116:	4a0e      	ldr	r2, [pc, #56]	; (10003150 <ph_add_child_node+0x98>)
10003118:	2170      	movs	r1, #112	; 0x70
1000311a:	480b      	ldr	r0, [pc, #44]	; (10003148 <ph_add_child_node+0x90>)
1000311c:	f001 fac2 	bl	100046a4 <__assert_func>
10003120:	4b0d      	ldr	r3, [pc, #52]	; (10003158 <ph_add_child_node+0xa0>)
10003122:	4a0b      	ldr	r2, [pc, #44]	; (10003150 <ph_add_child_node+0x98>)
10003124:	2171      	movs	r1, #113	; 0x71
10003126:	4808      	ldr	r0, [pc, #32]	; (10003148 <ph_add_child_node+0x90>)
10003128:	f001 fabc 	bl	100046a4 <__assert_func>
1000312c:	4b04      	ldr	r3, [pc, #16]	; (10003140 <ph_add_child_node+0x88>)
1000312e:	4a05      	ldr	r2, [pc, #20]	; (10003144 <ph_add_child_node+0x8c>)
10003130:	2168      	movs	r1, #104	; 0x68
10003132:	4805      	ldr	r0, [pc, #20]	; (10003148 <ph_add_child_node+0x90>)
10003134:	f001 fab6 	bl	100046a4 <__assert_func>
10003138:	7041      	strb	r1, [r0, #1]
1000313a:	701a      	strb	r2, [r3, #0]
1000313c:	e7dd      	b.n	100030fa <ph_add_child_node+0x42>
1000313e:	46c0      	nop			; (mov r8, r8)
10003140:	1000a1ac 	.word	0x1000a1ac
10003144:	1000a474 	.word	0x1000a474
10003148:	1000a1c8 	.word	0x1000a1c8
1000314c:	1000a230 	.word	0x1000a230
10003150:	1000a450 	.word	0x1000a450
10003154:	1000a23c 	.word	0x1000a23c
10003158:	1000a248 	.word	0x1000a248

1000315c <ph_merge_nodes>:
1000315c:	b570      	push	{r4, r5, r6, lr}
1000315e:	0006      	movs	r6, r0
10003160:	000d      	movs	r5, r1
10003162:	0014      	movs	r4, r2
10003164:	2900      	cmp	r1, #0
10003166:	d014      	beq.n	10003192 <ph_merge_nodes+0x36>
10003168:	2a00      	cmp	r2, #0
1000316a:	d014      	beq.n	10003196 <ph_merge_nodes+0x3a>
1000316c:	6880      	ldr	r0, [r0, #8]
1000316e:	6873      	ldr	r3, [r6, #4]
10003170:	4798      	blx	r3
10003172:	2800      	cmp	r0, #0
10003174:	d006      	beq.n	10003184 <ph_merge_nodes+0x28>
10003176:	0022      	movs	r2, r4
10003178:	0029      	movs	r1, r5
1000317a:	0030      	movs	r0, r6
1000317c:	f7ff ff9c 	bl	100030b8 <ph_add_child_node>
10003180:	0028      	movs	r0, r5
10003182:	e007      	b.n	10003194 <ph_merge_nodes+0x38>
10003184:	002a      	movs	r2, r5
10003186:	0021      	movs	r1, r4
10003188:	0030      	movs	r0, r6
1000318a:	f7ff ff95 	bl	100030b8 <ph_add_child_node>
1000318e:	0020      	movs	r0, r4
10003190:	e000      	b.n	10003194 <ph_merge_nodes+0x38>
10003192:	0010      	movs	r0, r2
10003194:	bd70      	pop	{r4, r5, r6, pc}
10003196:	0008      	movs	r0, r1
10003198:	e7fc      	b.n	10003194 <ph_merge_nodes+0x38>
	...

1000319c <add_alarm_under_lock>:
1000319c:	b5f0      	push	{r4, r5, r6, r7, lr}
1000319e:	b083      	sub	sp, #12
100031a0:	0005      	movs	r5, r0
100031a2:	9200      	str	r2, [sp, #0]
100031a4:	9301      	str	r3, [sp, #4]
100031a6:	ab0a      	add	r3, sp, #40	; 0x28
100031a8:	781c      	ldrb	r4, [r3, #0]
100031aa:	ab0b      	add	r3, sp, #44	; 0x2c
100031ac:	781f      	ldrb	r7, [r3, #0]
100031ae:	2c00      	cmp	r4, #0
100031b0:	d026      	beq.n	10003200 <add_alarm_under_lock+0x64>
100031b2:	6803      	ldr	r3, [r0, #0]
100031b4:	7b5a      	ldrb	r2, [r3, #13]
100031b6:	4294      	cmp	r4, r2
100031b8:	d107      	bne.n	100031ca <add_alarm_under_lock+0x2e>
100031ba:	2301      	movs	r3, #1
100031bc:	2b00      	cmp	r3, #0
100031be:	d119      	bne.n	100031f4 <add_alarm_under_lock+0x58>
100031c0:	2c00      	cmp	r4, #0
100031c2:	d13b      	bne.n	1000323c <add_alarm_under_lock+0xa0>
100031c4:	0020      	movs	r0, r4
100031c6:	b003      	add	sp, #12
100031c8:	bdf0      	pop	{r4, r5, r6, r7, pc}
100031ca:	2c00      	cmp	r4, #0
100031cc:	d00c      	beq.n	100031e8 <add_alarm_under_lock+0x4c>
100031ce:	7b1a      	ldrb	r2, [r3, #12]
100031d0:	4294      	cmp	r4, r2
100031d2:	d809      	bhi.n	100031e8 <add_alarm_under_lock+0x4c>
100031d4:	681a      	ldr	r2, [r3, #0]
100031d6:	0063      	lsls	r3, r4, #1
100031d8:	191b      	adds	r3, r3, r4
100031da:	3b03      	subs	r3, #3
100031dc:	18d3      	adds	r3, r2, r3
100031de:	789b      	ldrb	r3, [r3, #2]
100031e0:	2b00      	cmp	r3, #0
100031e2:	d0eb      	beq.n	100031bc <add_alarm_under_lock+0x20>
100031e4:	2301      	movs	r3, #1
100031e6:	e7e9      	b.n	100031bc <add_alarm_under_lock+0x20>
100031e8:	4b3e      	ldr	r3, [pc, #248]	; (100032e4 <add_alarm_under_lock+0x148>)
100031ea:	4a3f      	ldr	r2, [pc, #252]	; (100032e8 <add_alarm_under_lock+0x14c>)
100031ec:	2168      	movs	r1, #104	; 0x68
100031ee:	483f      	ldr	r0, [pc, #252]	; (100032ec <add_alarm_under_lock+0x150>)
100031f0:	f001 fa58 	bl	100046a4 <__assert_func>
100031f4:	4b3e      	ldr	r3, [pc, #248]	; (100032f0 <add_alarm_under_lock+0x154>)
100031f6:	4a3f      	ldr	r2, [pc, #252]	; (100032f4 <add_alarm_under_lock+0x158>)
100031f8:	2167      	movs	r1, #103	; 0x67
100031fa:	483f      	ldr	r0, [pc, #252]	; (100032f8 <add_alarm_under_lock+0x15c>)
100031fc:	f001 fa52 	bl	100046a4 <__assert_func>
10003200:	6803      	ldr	r3, [r0, #0]
10003202:	7b9c      	ldrb	r4, [r3, #14]
10003204:	2c00      	cmp	r4, #0
10003206:	d0db      	beq.n	100031c0 <add_alarm_under_lock+0x24>
10003208:	d012      	beq.n	10003230 <add_alarm_under_lock+0x94>
1000320a:	7b1a      	ldrb	r2, [r3, #12]
1000320c:	4294      	cmp	r4, r2
1000320e:	d80f      	bhi.n	10003230 <add_alarm_under_lock+0x94>
10003210:	0062      	lsls	r2, r4, #1
10003212:	1912      	adds	r2, r2, r4
10003214:	3a03      	subs	r2, #3
10003216:	6819      	ldr	r1, [r3, #0]
10003218:	468c      	mov	ip, r1
1000321a:	4462      	add	r2, ip
1000321c:	7851      	ldrb	r1, [r2, #1]
1000321e:	7399      	strb	r1, [r3, #14]
10003220:	2900      	cmp	r1, #0
10003222:	d100      	bne.n	10003226 <add_alarm_under_lock+0x8a>
10003224:	73d9      	strb	r1, [r3, #15]
10003226:	2300      	movs	r3, #0
10003228:	7093      	strb	r3, [r2, #2]
1000322a:	7053      	strb	r3, [r2, #1]
1000322c:	7013      	strb	r3, [r2, #0]
1000322e:	e7c7      	b.n	100031c0 <add_alarm_under_lock+0x24>
10003230:	4b2c      	ldr	r3, [pc, #176]	; (100032e4 <add_alarm_under_lock+0x148>)
10003232:	4a2d      	ldr	r2, [pc, #180]	; (100032e8 <add_alarm_under_lock+0x14c>)
10003234:	2168      	movs	r1, #104	; 0x68
10003236:	482d      	ldr	r0, [pc, #180]	; (100032ec <add_alarm_under_lock+0x150>)
10003238:	f001 fa34 	bl	100046a4 <__assert_func>
1000323c:	2c00      	cmp	r4, #0
1000323e:	d03a      	beq.n	100032b6 <add_alarm_under_lock+0x11a>
10003240:	682b      	ldr	r3, [r5, #0]
10003242:	7b1b      	ldrb	r3, [r3, #12]
10003244:	429c      	cmp	r4, r3
10003246:	d836      	bhi.n	100032b6 <add_alarm_under_lock+0x11a>
10003248:	4b2c      	ldr	r3, [pc, #176]	; (100032fc <add_alarm_under_lock+0x160>)
1000324a:	18e3      	adds	r3, r4, r3
1000324c:	011b      	lsls	r3, r3, #4
1000324e:	68aa      	ldr	r2, [r5, #8]
10003250:	4694      	mov	ip, r2
10003252:	4463      	add	r3, ip
10003254:	9a00      	ldr	r2, [sp, #0]
10003256:	601a      	str	r2, [r3, #0]
10003258:	9a01      	ldr	r2, [sp, #4]
1000325a:	605a      	str	r2, [r3, #4]
1000325c:	9a08      	ldr	r2, [sp, #32]
1000325e:	609a      	str	r2, [r3, #8]
10003260:	9a09      	ldr	r2, [sp, #36]	; 0x24
10003262:	60da      	str	r2, [r3, #12]
10003264:	682e      	ldr	r6, [r5, #0]
10003266:	2c00      	cmp	r4, #0
10003268:	d02b      	beq.n	100032c2 <add_alarm_under_lock+0x126>
1000326a:	d030      	beq.n	100032ce <add_alarm_under_lock+0x132>
1000326c:	7b33      	ldrb	r3, [r6, #12]
1000326e:	429c      	cmp	r4, r3
10003270:	d82d      	bhi.n	100032ce <add_alarm_under_lock+0x132>
10003272:	0063      	lsls	r3, r4, #1
10003274:	191b      	adds	r3, r3, r4
10003276:	3b03      	subs	r3, #3
10003278:	6832      	ldr	r2, [r6, #0]
1000327a:	4694      	mov	ip, r2
1000327c:	4463      	add	r3, ip
1000327e:	2200      	movs	r2, #0
10003280:	709a      	strb	r2, [r3, #2]
10003282:	705a      	strb	r2, [r3, #1]
10003284:	701a      	strb	r2, [r3, #0]
10003286:	7b71      	ldrb	r1, [r6, #13]
10003288:	0022      	movs	r2, r4
1000328a:	0030      	movs	r0, r6
1000328c:	f7ff ff66 	bl	1000315c <ph_merge_nodes>
10003290:	7370      	strb	r0, [r6, #13]
10003292:	4284      	cmp	r4, r0
10003294:	d000      	beq.n	10003298 <add_alarm_under_lock+0xfc>
10003296:	e795      	b.n	100031c4 <add_alarm_under_lock+0x28>
10003298:	7d28      	ldrb	r0, [r5, #20]
1000329a:	9a00      	ldr	r2, [sp, #0]
1000329c:	9b01      	ldr	r3, [sp, #4]
1000329e:	f000 fd27 	bl	10003cf0 <hardware_alarm_set_target>
100032a2:	1e06      	subs	r6, r0, #0
100032a4:	d001      	beq.n	100032aa <add_alarm_under_lock+0x10e>
100032a6:	2f00      	cmp	r7, #0
100032a8:	d017      	beq.n	100032da <add_alarm_under_lock+0x13e>
100032aa:	9b0c      	ldr	r3, [sp, #48]	; 0x30
100032ac:	2b00      	cmp	r3, #0
100032ae:	d100      	bne.n	100032b2 <add_alarm_under_lock+0x116>
100032b0:	e788      	b.n	100031c4 <add_alarm_under_lock+0x28>
100032b2:	701e      	strb	r6, [r3, #0]
100032b4:	e786      	b.n	100031c4 <add_alarm_under_lock+0x28>
100032b6:	4b12      	ldr	r3, [pc, #72]	; (10003300 <add_alarm_under_lock+0x164>)
100032b8:	4a12      	ldr	r2, [pc, #72]	; (10003304 <add_alarm_under_lock+0x168>)
100032ba:	213c      	movs	r1, #60	; 0x3c
100032bc:	480e      	ldr	r0, [pc, #56]	; (100032f8 <add_alarm_under_lock+0x15c>)
100032be:	f001 f9f1 	bl	100046a4 <__assert_func>
100032c2:	4b11      	ldr	r3, [pc, #68]	; (10003308 <add_alarm_under_lock+0x16c>)
100032c4:	4a11      	ldr	r2, [pc, #68]	; (1000330c <add_alarm_under_lock+0x170>)
100032c6:	21a5      	movs	r1, #165	; 0xa5
100032c8:	4808      	ldr	r0, [pc, #32]	; (100032ec <add_alarm_under_lock+0x150>)
100032ca:	f001 f9eb 	bl	100046a4 <__assert_func>
100032ce:	4b05      	ldr	r3, [pc, #20]	; (100032e4 <add_alarm_under_lock+0x148>)
100032d0:	4a05      	ldr	r2, [pc, #20]	; (100032e8 <add_alarm_under_lock+0x14c>)
100032d2:	2168      	movs	r1, #104	; 0x68
100032d4:	4805      	ldr	r0, [pc, #20]	; (100032ec <add_alarm_under_lock+0x150>)
100032d6:	f001 f9e5 	bl	100046a4 <__assert_func>
100032da:	6828      	ldr	r0, [r5, #0]
100032dc:	0021      	movs	r1, r4
100032de:	f000 ff3f 	bl	10004160 <ph_remove_and_free_node>
100032e2:	e7e2      	b.n	100032aa <add_alarm_under_lock+0x10e>
100032e4:	1000a1ac 	.word	0x1000a1ac
100032e8:	1000a474 	.word	0x1000a474
100032ec:	1000a1c8 	.word	0x1000a1c8
100032f0:	1000a260 	.word	0x1000a260
100032f4:	1000a480 	.word	0x1000a480
100032f8:	1000a134 	.word	0x1000a134
100032fc:	0fffffff 	.word	0x0fffffff
10003300:	1000a188 	.word	0x1000a188
10003304:	1000a408 	.word	0x1000a408
10003308:	1000a130 	.word	0x1000a130
1000330c:	1000a464 	.word	0x1000a464

10003310 <alarm_pool_alarm_callback>:
10003310:	b5f0      	push	{r4, r5, r6, r7, lr}
10003312:	46de      	mov	lr, fp
10003314:	4657      	mov	r7, sl
10003316:	464e      	mov	r6, r9
10003318:	4645      	mov	r5, r8
1000331a:	b5e0      	push	{r5, r6, r7, lr}
1000331c:	b08b      	sub	sp, #44	; 0x2c
1000331e:	9009      	str	r0, [sp, #36]	; 0x24
10003320:	2300      	movs	r3, #0
10003322:	9308      	str	r3, [sp, #32]
10003324:	0082      	lsls	r2, r0, #2
10003326:	4bb5      	ldr	r3, [pc, #724]	; (100035fc <alarm_pool_alarm_callback+0x2ec>)
10003328:	58d6      	ldr	r6, [r2, r3]
1000332a:	0037      	movs	r7, r6
1000332c:	e052      	b.n	100033d4 <alarm_pool_alarm_callback+0xc4>
1000332e:	4bb4      	ldr	r3, [pc, #720]	; (10003600 <alarm_pool_alarm_callback+0x2f0>)
10003330:	4ab4      	ldr	r2, [pc, #720]	; (10003604 <alarm_pool_alarm_callback+0x2f4>)
10003332:	213f      	movs	r1, #63	; 0x3f
10003334:	48b4      	ldr	r0, [pc, #720]	; (10003608 <alarm_pool_alarm_callback+0x2f8>)
10003336:	f001 f9b5 	bl	100046a4 <__assert_func>
1000333a:	4bb4      	ldr	r3, [pc, #720]	; (1000360c <alarm_pool_alarm_callback+0x2fc>)
1000333c:	4ab4      	ldr	r2, [pc, #720]	; (10003610 <alarm_pool_alarm_callback+0x300>)
1000333e:	213c      	movs	r1, #60	; 0x3c
10003340:	48b4      	ldr	r0, [pc, #720]	; (10003614 <alarm_pool_alarm_callback+0x304>)
10003342:	f001 f9af 	bl	100046a4 <__assert_func>
10003346:	2900      	cmp	r1, #0
10003348:	d101      	bne.n	1000334e <alarm_pool_alarm_callback+0x3e>
1000334a:	2800      	cmp	r0, #0
1000334c:	d169      	bne.n	10003422 <alarm_pool_alarm_callback+0x112>
1000334e:	2100      	movs	r1, #0
10003350:	4640      	mov	r0, r8
10003352:	f000 fefb 	bl	1000414c <ph_remove_head>
10003356:	42a0      	cmp	r0, r4
10003358:	d119      	bne.n	1000338e <alarm_pool_alarm_callback+0x7e>
1000335a:	682a      	ldr	r2, [r5, #0]
1000335c:	686b      	ldr	r3, [r5, #4]
1000335e:	9206      	str	r2, [sp, #24]
10003360:	9307      	str	r3, [sp, #28]
10003362:	68ab      	ldr	r3, [r5, #8]
10003364:	4698      	mov	r8, r3
10003366:	68eb      	ldr	r3, [r5, #12]
10003368:	469a      	mov	sl, r3
1000336a:	4643      	mov	r3, r8
1000336c:	2b00      	cmp	r3, #0
1000336e:	d014      	beq.n	1000339a <alarm_pool_alarm_callback+0x8a>
10003370:	2c00      	cmp	r4, #0
10003372:	d018      	beq.n	100033a6 <alarm_pool_alarm_callback+0x96>
10003374:	683b      	ldr	r3, [r7, #0]
10003376:	7b1b      	ldrb	r3, [r3, #12]
10003378:	429c      	cmp	r4, r3
1000337a:	d814      	bhi.n	100033a6 <alarm_pool_alarm_callback+0x96>
1000337c:	1e63      	subs	r3, r4, #1
1000337e:	68fa      	ldr	r2, [r7, #12]
10003380:	5cd3      	ldrb	r3, [r2, r3]
10003382:	9308      	str	r3, [sp, #32]
10003384:	021b      	lsls	r3, r3, #8
10003386:	4318      	orrs	r0, r3
10003388:	6138      	str	r0, [r7, #16]
1000338a:	2000      	movs	r0, #0
1000338c:	e015      	b.n	100033ba <alarm_pool_alarm_callback+0xaa>
1000338e:	4ba2      	ldr	r3, [pc, #648]	; (10003618 <alarm_pool_alarm_callback+0x308>)
10003390:	4aa2      	ldr	r2, [pc, #648]	; (1000361c <alarm_pool_alarm_callback+0x30c>)
10003392:	218e      	movs	r1, #142	; 0x8e
10003394:	489f      	ldr	r0, [pc, #636]	; (10003614 <alarm_pool_alarm_callback+0x304>)
10003396:	f001 f985 	bl	100046a4 <__assert_func>
1000339a:	4ba1      	ldr	r3, [pc, #644]	; (10003620 <alarm_pool_alarm_callback+0x310>)
1000339c:	4a9f      	ldr	r2, [pc, #636]	; (1000361c <alarm_pool_alarm_callback+0x30c>)
1000339e:	2192      	movs	r1, #146	; 0x92
100033a0:	489c      	ldr	r0, [pc, #624]	; (10003614 <alarm_pool_alarm_callback+0x304>)
100033a2:	f001 f97f 	bl	100046a4 <__assert_func>
100033a6:	4b99      	ldr	r3, [pc, #612]	; (1000360c <alarm_pool_alarm_callback+0x2fc>)
100033a8:	4a9e      	ldr	r2, [pc, #632]	; (10003624 <alarm_pool_alarm_callback+0x314>)
100033aa:	2141      	movs	r1, #65	; 0x41
100033ac:	4899      	ldr	r0, [pc, #612]	; (10003614 <alarm_pool_alarm_callback+0x304>)
100033ae:	f001 f979 	bl	100046a4 <__assert_func>
100033b2:	2300      	movs	r3, #0
100033b4:	469a      	mov	sl, r3
100033b6:	4698      	mov	r8, r3
100033b8:	2000      	movs	r0, #0
100033ba:	687b      	ldr	r3, [r7, #4]
100033bc:	f3bf 8f5f 	dmb	sy
100033c0:	2200      	movs	r2, #0
100033c2:	601a      	str	r2, [r3, #0]
100033c4:	f386 8810 	msr	PRIMASK, r6
100033c8:	4643      	mov	r3, r8
100033ca:	2b00      	cmp	r3, #0
100033cc:	d132      	bne.n	10003434 <alarm_pool_alarm_callback+0x124>
100033ce:	2800      	cmp	r0, #0
100033d0:	d100      	bne.n	100033d4 <alarm_pool_alarm_callback+0xc4>
100033d2:	e10c      	b.n	100035ee <alarm_pool_alarm_callback+0x2de>
100033d4:	f000 fc00 	bl	10003bd8 <time_us_64>
100033d8:	0002      	movs	r2, r0
100033da:	1e0b      	subs	r3, r1, #0
100033dc:	dba7      	blt.n	1000332e <alarm_pool_alarm_callback+0x1e>
100033de:	2000      	movs	r0, #0
100033e0:	2100      	movs	r1, #0
100033e2:	9006      	str	r0, [sp, #24]
100033e4:	9107      	str	r1, [sp, #28]
100033e6:	6878      	ldr	r0, [r7, #4]
100033e8:	f3ef 8610 	mrs	r6, PRIMASK
100033ec:	b672      	cpsid	i
100033ee:	6801      	ldr	r1, [r0, #0]
100033f0:	2900      	cmp	r1, #0
100033f2:	d0fc      	beq.n	100033ee <alarm_pool_alarm_callback+0xde>
100033f4:	f3bf 8f5f 	dmb	sy
100033f8:	6839      	ldr	r1, [r7, #0]
100033fa:	4688      	mov	r8, r1
100033fc:	7b4c      	ldrb	r4, [r1, #13]
100033fe:	2c00      	cmp	r4, #0
10003400:	d0d7      	beq.n	100033b2 <alarm_pool_alarm_callback+0xa2>
10003402:	d09a      	beq.n	1000333a <alarm_pool_alarm_callback+0x2a>
10003404:	7b09      	ldrb	r1, [r1, #12]
10003406:	428c      	cmp	r4, r1
10003408:	d897      	bhi.n	1000333a <alarm_pool_alarm_callback+0x2a>
1000340a:	4987      	ldr	r1, [pc, #540]	; (10003628 <alarm_pool_alarm_callback+0x318>)
1000340c:	1865      	adds	r5, r4, r1
1000340e:	012d      	lsls	r5, r5, #4
10003410:	68b9      	ldr	r1, [r7, #8]
10003412:	468c      	mov	ip, r1
10003414:	4465      	add	r5, ip
10003416:	6828      	ldr	r0, [r5, #0]
10003418:	6869      	ldr	r1, [r5, #4]
1000341a:	1a80      	subs	r0, r0, r2
1000341c:	4199      	sbcs	r1, r3
1000341e:	2900      	cmp	r1, #0
10003420:	dd91      	ble.n	10003346 <alarm_pool_alarm_callback+0x36>
10003422:	682a      	ldr	r2, [r5, #0]
10003424:	686b      	ldr	r3, [r5, #4]
10003426:	9809      	ldr	r0, [sp, #36]	; 0x24
10003428:	f000 fc62 	bl	10003cf0 <hardware_alarm_set_target>
1000342c:	2300      	movs	r3, #0
1000342e:	469a      	mov	sl, r3
10003430:	4698      	mov	r8, r3
10003432:	e7c2      	b.n	100033ba <alarm_pool_alarm_callback+0xaa>
10003434:	9b08      	ldr	r3, [sp, #32]
10003436:	021b      	lsls	r3, r3, #8
10003438:	4323      	orrs	r3, r4
1000343a:	4699      	mov	r9, r3
1000343c:	4651      	mov	r1, sl
1000343e:	0018      	movs	r0, r3
10003440:	47c0      	blx	r8
10003442:	0005      	movs	r5, r0
10003444:	000e      	movs	r6, r1
10003446:	687a      	ldr	r2, [r7, #4]
10003448:	f3ef 8b10 	mrs	fp, PRIMASK
1000344c:	b672      	cpsid	i
1000344e:	6813      	ldr	r3, [r2, #0]
10003450:	4259      	negs	r1, r3
10003452:	414b      	adcs	r3, r1
10003454:	b2d9      	uxtb	r1, r3
10003456:	2b00      	cmp	r3, #0
10003458:	d1f9      	bne.n	1000344e <alarm_pool_alarm_callback+0x13e>
1000345a:	f3bf 8f5f 	dmb	sy
1000345e:	2e00      	cmp	r6, #0
10003460:	db1e      	blt.n	100034a0 <alarm_pool_alarm_callback+0x190>
10003462:	2e00      	cmp	r6, #0
10003464:	dd46      	ble.n	100034f4 <alarm_pool_alarm_callback+0x1e4>
10003466:	693b      	ldr	r3, [r7, #16]
10003468:	2b00      	cmp	r3, #0
1000346a:	d047      	beq.n	100034fc <alarm_pool_alarm_callback+0x1ec>
1000346c:	454b      	cmp	r3, r9
1000346e:	d16d      	bne.n	1000354c <alarm_pool_alarm_callback+0x23c>
10003470:	f000 fbb2 	bl	10003bd8 <time_us_64>
10003474:	0002      	movs	r2, r0
10003476:	1e0b      	subs	r3, r1, #0
10003478:	db6e      	blt.n	10003558 <alarm_pool_alarm_callback+0x248>
1000347a:	1952      	adds	r2, r2, r5
1000347c:	4173      	adcs	r3, r6
1000347e:	2b00      	cmp	r3, #0
10003480:	db70      	blt.n	10003564 <alarm_pool_alarm_callback+0x254>
10003482:	2b00      	cmp	r3, #0
10003484:	db72      	blt.n	1000356c <alarm_pool_alarm_callback+0x25c>
10003486:	2100      	movs	r1, #0
10003488:	9104      	str	r1, [sp, #16]
1000348a:	3101      	adds	r1, #1
1000348c:	9103      	str	r1, [sp, #12]
1000348e:	9402      	str	r4, [sp, #8]
10003490:	4651      	mov	r1, sl
10003492:	9101      	str	r1, [sp, #4]
10003494:	4641      	mov	r1, r8
10003496:	9100      	str	r1, [sp, #0]
10003498:	0038      	movs	r0, r7
1000349a:	f7ff fe7f 	bl	1000319c <add_alarm_under_lock>
1000349e:	e04c      	b.n	1000353a <alarm_pool_alarm_callback+0x22a>
100034a0:	693b      	ldr	r3, [r7, #16]
100034a2:	2b00      	cmp	r3, #0
100034a4:	d0dd      	beq.n	10003462 <alarm_pool_alarm_callback+0x152>
100034a6:	454b      	cmp	r3, r9
100034a8:	d114      	bne.n	100034d4 <alarm_pool_alarm_callback+0x1c4>
100034aa:	9a06      	ldr	r2, [sp, #24]
100034ac:	9b07      	ldr	r3, [sp, #28]
100034ae:	1b52      	subs	r2, r2, r5
100034b0:	41b3      	sbcs	r3, r6
100034b2:	2b00      	cmp	r3, #0
100034b4:	db14      	blt.n	100034e0 <alarm_pool_alarm_callback+0x1d0>
100034b6:	2b00      	cmp	r3, #0
100034b8:	db16      	blt.n	100034e8 <alarm_pool_alarm_callback+0x1d8>
100034ba:	2100      	movs	r1, #0
100034bc:	9104      	str	r1, [sp, #16]
100034be:	3101      	adds	r1, #1
100034c0:	9103      	str	r1, [sp, #12]
100034c2:	9402      	str	r4, [sp, #8]
100034c4:	4651      	mov	r1, sl
100034c6:	9101      	str	r1, [sp, #4]
100034c8:	4641      	mov	r1, r8
100034ca:	9100      	str	r1, [sp, #0]
100034cc:	0038      	movs	r0, r7
100034ce:	f7ff fe65 	bl	1000319c <add_alarm_under_lock>
100034d2:	e032      	b.n	1000353a <alarm_pool_alarm_callback+0x22a>
100034d4:	4b55      	ldr	r3, [pc, #340]	; (1000362c <alarm_pool_alarm_callback+0x31c>)
100034d6:	4a51      	ldr	r2, [pc, #324]	; (1000361c <alarm_pool_alarm_callback+0x30c>)
100034d8:	21a1      	movs	r1, #161	; 0xa1
100034da:	484e      	ldr	r0, [pc, #312]	; (10003614 <alarm_pool_alarm_callback+0x304>)
100034dc:	f001 f8e2 	bl	100046a4 <__assert_func>
100034e0:	2201      	movs	r2, #1
100034e2:	4252      	negs	r2, r2
100034e4:	4b52      	ldr	r3, [pc, #328]	; (10003630 <alarm_pool_alarm_callback+0x320>)
100034e6:	e7e6      	b.n	100034b6 <alarm_pool_alarm_callback+0x1a6>
100034e8:	4b45      	ldr	r3, [pc, #276]	; (10003600 <alarm_pool_alarm_callback+0x2f0>)
100034ea:	4a46      	ldr	r2, [pc, #280]	; (10003604 <alarm_pool_alarm_callback+0x2f4>)
100034ec:	213f      	movs	r1, #63	; 0x3f
100034ee:	4846      	ldr	r0, [pc, #280]	; (10003608 <alarm_pool_alarm_callback+0x2f8>)
100034f0:	f001 f8d8 	bl	100046a4 <__assert_func>
100034f4:	2e00      	cmp	r6, #0
100034f6:	d101      	bne.n	100034fc <alarm_pool_alarm_callback+0x1ec>
100034f8:	2d00      	cmp	r5, #0
100034fa:	d1b4      	bne.n	10003466 <alarm_pool_alarm_callback+0x156>
100034fc:	683b      	ldr	r3, [r7, #0]
100034fe:	2c00      	cmp	r4, #0
10003500:	d050      	beq.n	100035a4 <alarm_pool_alarm_callback+0x294>
10003502:	7b5a      	ldrb	r2, [r3, #13]
10003504:	4294      	cmp	r4, r2
10003506:	d137      	bne.n	10003578 <alarm_pool_alarm_callback+0x268>
10003508:	2101      	movs	r1, #1
1000350a:	2900      	cmp	r1, #0
1000350c:	d14a      	bne.n	100035a4 <alarm_pool_alarm_callback+0x294>
1000350e:	7bda      	ldrb	r2, [r3, #15]
10003510:	2a00      	cmp	r2, #0
10003512:	d14d      	bne.n	100035b0 <alarm_pool_alarm_callback+0x2a0>
10003514:	7b9a      	ldrb	r2, [r3, #14]
10003516:	2a00      	cmp	r2, #0
10003518:	d103      	bne.n	10003522 <alarm_pool_alarm_callback+0x212>
1000351a:	7bda      	ldrb	r2, [r3, #15]
1000351c:	2a00      	cmp	r2, #0
1000351e:	d15a      	bne.n	100035d6 <alarm_pool_alarm_callback+0x2c6>
10003520:	739c      	strb	r4, [r3, #14]
10003522:	73dc      	strb	r4, [r3, #15]
10003524:	2c00      	cmp	r4, #0
10003526:	d05c      	beq.n	100035e2 <alarm_pool_alarm_callback+0x2d2>
10003528:	683b      	ldr	r3, [r7, #0]
1000352a:	7b1b      	ldrb	r3, [r3, #12]
1000352c:	429c      	cmp	r4, r3
1000352e:	d858      	bhi.n	100035e2 <alarm_pool_alarm_callback+0x2d2>
10003530:	68fa      	ldr	r2, [r7, #12]
10003532:	3c01      	subs	r4, #1
10003534:	5d13      	ldrb	r3, [r2, r4]
10003536:	3301      	adds	r3, #1
10003538:	5513      	strb	r3, [r2, r4]
1000353a:	2300      	movs	r3, #0
1000353c:	613b      	str	r3, [r7, #16]
1000353e:	687a      	ldr	r2, [r7, #4]
10003540:	f3bf 8f5f 	dmb	sy
10003544:	6013      	str	r3, [r2, #0]
10003546:	f38b 8810 	msr	PRIMASK, fp
1000354a:	e743      	b.n	100033d4 <alarm_pool_alarm_callback+0xc4>
1000354c:	4b37      	ldr	r3, [pc, #220]	; (1000362c <alarm_pool_alarm_callback+0x31c>)
1000354e:	4a33      	ldr	r2, [pc, #204]	; (1000361c <alarm_pool_alarm_callback+0x30c>)
10003550:	21a4      	movs	r1, #164	; 0xa4
10003552:	4830      	ldr	r0, [pc, #192]	; (10003614 <alarm_pool_alarm_callback+0x304>)
10003554:	f001 f8a6 	bl	100046a4 <__assert_func>
10003558:	4b29      	ldr	r3, [pc, #164]	; (10003600 <alarm_pool_alarm_callback+0x2f0>)
1000355a:	4a2a      	ldr	r2, [pc, #168]	; (10003604 <alarm_pool_alarm_callback+0x2f4>)
1000355c:	213f      	movs	r1, #63	; 0x3f
1000355e:	482a      	ldr	r0, [pc, #168]	; (10003608 <alarm_pool_alarm_callback+0x2f8>)
10003560:	f001 f8a0 	bl	100046a4 <__assert_func>
10003564:	2201      	movs	r2, #1
10003566:	4252      	negs	r2, r2
10003568:	4b31      	ldr	r3, [pc, #196]	; (10003630 <alarm_pool_alarm_callback+0x320>)
1000356a:	e78a      	b.n	10003482 <alarm_pool_alarm_callback+0x172>
1000356c:	4b24      	ldr	r3, [pc, #144]	; (10003600 <alarm_pool_alarm_callback+0x2f0>)
1000356e:	4a25      	ldr	r2, [pc, #148]	; (10003604 <alarm_pool_alarm_callback+0x2f4>)
10003570:	213f      	movs	r1, #63	; 0x3f
10003572:	4825      	ldr	r0, [pc, #148]	; (10003608 <alarm_pool_alarm_callback+0x2f8>)
10003574:	f001 f896 	bl	100046a4 <__assert_func>
10003578:	2c00      	cmp	r4, #0
1000357a:	d00d      	beq.n	10003598 <alarm_pool_alarm_callback+0x288>
1000357c:	7b1a      	ldrb	r2, [r3, #12]
1000357e:	4294      	cmp	r4, r2
10003580:	d80a      	bhi.n	10003598 <alarm_pool_alarm_callback+0x288>
10003582:	0062      	lsls	r2, r4, #1
10003584:	1912      	adds	r2, r2, r4
10003586:	3a03      	subs	r2, #3
10003588:	6818      	ldr	r0, [r3, #0]
1000358a:	4684      	mov	ip, r0
1000358c:	4462      	add	r2, ip
1000358e:	7892      	ldrb	r2, [r2, #2]
10003590:	2a00      	cmp	r2, #0
10003592:	d0ba      	beq.n	1000350a <alarm_pool_alarm_callback+0x1fa>
10003594:	2101      	movs	r1, #1
10003596:	e7b8      	b.n	1000350a <alarm_pool_alarm_callback+0x1fa>
10003598:	4b26      	ldr	r3, [pc, #152]	; (10003634 <alarm_pool_alarm_callback+0x324>)
1000359a:	4a27      	ldr	r2, [pc, #156]	; (10003638 <alarm_pool_alarm_callback+0x328>)
1000359c:	2168      	movs	r1, #104	; 0x68
1000359e:	4827      	ldr	r0, [pc, #156]	; (1000363c <alarm_pool_alarm_callback+0x32c>)
100035a0:	f001 f880 	bl	100046a4 <__assert_func>
100035a4:	4b26      	ldr	r3, [pc, #152]	; (10003640 <alarm_pool_alarm_callback+0x330>)
100035a6:	4a27      	ldr	r2, [pc, #156]	; (10003644 <alarm_pool_alarm_callback+0x334>)
100035a8:	21f6      	movs	r1, #246	; 0xf6
100035aa:	4824      	ldr	r0, [pc, #144]	; (1000363c <alarm_pool_alarm_callback+0x32c>)
100035ac:	f001 f87a 	bl	100046a4 <__assert_func>
100035b0:	2a00      	cmp	r2, #0
100035b2:	d00a      	beq.n	100035ca <alarm_pool_alarm_callback+0x2ba>
100035b4:	7b19      	ldrb	r1, [r3, #12]
100035b6:	428a      	cmp	r2, r1
100035b8:	d807      	bhi.n	100035ca <alarm_pool_alarm_callback+0x2ba>
100035ba:	0051      	lsls	r1, r2, #1
100035bc:	188a      	adds	r2, r1, r2
100035be:	3a03      	subs	r2, #3
100035c0:	6819      	ldr	r1, [r3, #0]
100035c2:	468c      	mov	ip, r1
100035c4:	4462      	add	r2, ip
100035c6:	7054      	strb	r4, [r2, #1]
100035c8:	e7a4      	b.n	10003514 <alarm_pool_alarm_callback+0x204>
100035ca:	4b1a      	ldr	r3, [pc, #104]	; (10003634 <alarm_pool_alarm_callback+0x324>)
100035cc:	4a1a      	ldr	r2, [pc, #104]	; (10003638 <alarm_pool_alarm_callback+0x328>)
100035ce:	2168      	movs	r1, #104	; 0x68
100035d0:	481a      	ldr	r0, [pc, #104]	; (1000363c <alarm_pool_alarm_callback+0x32c>)
100035d2:	f001 f867 	bl	100046a4 <__assert_func>
100035d6:	4b1c      	ldr	r3, [pc, #112]	; (10003648 <alarm_pool_alarm_callback+0x338>)
100035d8:	4a1a      	ldr	r2, [pc, #104]	; (10003644 <alarm_pool_alarm_callback+0x334>)
100035da:	21fb      	movs	r1, #251	; 0xfb
100035dc:	4817      	ldr	r0, [pc, #92]	; (1000363c <alarm_pool_alarm_callback+0x32c>)
100035de:	f001 f861 	bl	100046a4 <__assert_func>
100035e2:	4b0a      	ldr	r3, [pc, #40]	; (1000360c <alarm_pool_alarm_callback+0x2fc>)
100035e4:	4a0f      	ldr	r2, [pc, #60]	; (10003624 <alarm_pool_alarm_callback+0x314>)
100035e6:	2141      	movs	r1, #65	; 0x41
100035e8:	480a      	ldr	r0, [pc, #40]	; (10003614 <alarm_pool_alarm_callback+0x304>)
100035ea:	f001 f85b 	bl	100046a4 <__assert_func>
100035ee:	b00b      	add	sp, #44	; 0x2c
100035f0:	bcf0      	pop	{r4, r5, r6, r7}
100035f2:	46bb      	mov	fp, r7
100035f4:	46b2      	mov	sl, r6
100035f6:	46a9      	mov	r9, r5
100035f8:	46a0      	mov	r8, r4
100035fa:	bdf0      	pop	{r4, r5, r6, r7, pc}
100035fc:	20001ab8 	.word	0x20001ab8
10003600:	100090e4 	.word	0x100090e4
10003604:	1000a3d4 	.word	0x1000a3d4
10003608:	10009100 	.word	0x10009100
1000360c:	1000a188 	.word	0x1000a188
10003610:	1000a408 	.word	0x1000a408
10003614:	1000a134 	.word	0x1000a134
10003618:	1000a288 	.word	0x1000a288
1000361c:	1000a3ec 	.word	0x1000a3ec
10003620:	1000a2a0 	.word	0x1000a2a0
10003624:	1000a42c 	.word	0x1000a42c
10003628:	0fffffff 	.word	0x0fffffff
1000362c:	1000a2ac 	.word	0x1000a2ac
10003630:	7fffffff 	.word	0x7fffffff
10003634:	1000a1ac 	.word	0x1000a1ac
10003638:	1000a474 	.word	0x1000a474
1000363c:	1000a1c8 	.word	0x1000a1c8
10003640:	1000a2e8 	.word	0x1000a2e8
10003644:	1000a440 	.word	0x1000a440
10003648:	1000a30c 	.word	0x1000a30c

1000364c <alarm_pool_init_default>:
1000364c:	b510      	push	{r4, lr}
1000364e:	4b0c      	ldr	r3, [pc, #48]	; (10003680 <alarm_pool_init_default+0x34>)
10003650:	685b      	ldr	r3, [r3, #4]
10003652:	2b00      	cmp	r3, #0
10003654:	d004      	beq.n	10003660 <alarm_pool_init_default+0x14>
10003656:	210a      	movs	r1, #10
10003658:	480a      	ldr	r0, [pc, #40]	; (10003684 <alarm_pool_init_default+0x38>)
1000365a:	f7ff fc7f 	bl	10002f5c <lock_init>
1000365e:	bd10      	pop	{r4, pc}
10003660:	4c07      	ldr	r4, [pc, #28]	; (10003680 <alarm_pool_init_default+0x34>)
10003662:	0023      	movs	r3, r4
10003664:	4a08      	ldr	r2, [pc, #32]	; (10003688 <alarm_pool_init_default+0x3c>)
10003666:	2110      	movs	r1, #16
10003668:	6820      	ldr	r0, [r4, #0]
1000366a:	f000 fc7f 	bl	10003f6c <ph_post_alloc_init>
1000366e:	2003      	movs	r0, #3
10003670:	f000 faa6 	bl	10003bc0 <hardware_alarm_claim>
10003674:	2103      	movs	r1, #3
10003676:	0020      	movs	r0, r4
10003678:	f7ff fca8 	bl	10002fcc <alarm_pool_post_alloc_init>
1000367c:	e7eb      	b.n	10003656 <alarm_pool_init_default+0xa>
1000367e:	46c0      	nop			; (mov r8, r8)
10003680:	20000e3c 	.word	0x20000e3c
10003684:	20001cdc 	.word	0x20001cdc
10003688:	1000303d 	.word	0x1000303d

1000368c <alarm_pool_get_default>:
1000368c:	b510      	push	{r4, lr}
1000368e:	4b06      	ldr	r3, [pc, #24]	; (100036a8 <alarm_pool_get_default+0x1c>)
10003690:	685b      	ldr	r3, [r3, #4]
10003692:	2b00      	cmp	r3, #0
10003694:	d001      	beq.n	1000369a <alarm_pool_get_default+0xe>
10003696:	4804      	ldr	r0, [pc, #16]	; (100036a8 <alarm_pool_get_default+0x1c>)
10003698:	bd10      	pop	{r4, pc}
1000369a:	4b04      	ldr	r3, [pc, #16]	; (100036ac <alarm_pool_get_default+0x20>)
1000369c:	4a04      	ldr	r2, [pc, #16]	; (100036b0 <alarm_pool_get_default+0x24>)
1000369e:	215e      	movs	r1, #94	; 0x5e
100036a0:	4804      	ldr	r0, [pc, #16]	; (100036b4 <alarm_pool_get_default+0x28>)
100036a2:	f000 ffff 	bl	100046a4 <__assert_func>
100036a6:	46c0      	nop			; (mov r8, r8)
100036a8:	20000e3c 	.word	0x20000e3c
100036ac:	1000a320 	.word	0x1000a320
100036b0:	1000a414 	.word	0x1000a414
100036b4:	1000a134 	.word	0x1000a134

100036b8 <alarm_pool_add_alarm_at>:
100036b8:	b5f0      	push	{r4, r5, r6, r7, lr}
100036ba:	46de      	mov	lr, fp
100036bc:	4657      	mov	r7, sl
100036be:	464e      	mov	r6, r9
100036c0:	4645      	mov	r5, r8
100036c2:	b5e0      	push	{r5, r6, r7, lr}
100036c4:	b08b      	sub	sp, #44	; 0x2c
100036c6:	4680      	mov	r8, r0
100036c8:	0016      	movs	r6, r2
100036ca:	001f      	movs	r7, r3
100036cc:	9b14      	ldr	r3, [sp, #80]	; 0x50
100036ce:	469a      	mov	sl, r3
100036d0:	9b15      	ldr	r3, [sp, #84]	; 0x54
100036d2:	4699      	mov	r9, r3
100036d4:	ab16      	add	r3, sp, #88	; 0x58
100036d6:	781b      	ldrb	r3, [r3, #0]
100036d8:	469b      	mov	fp, r3
100036da:	231f      	movs	r3, #31
100036dc:	aa02      	add	r2, sp, #8
100036de:	4694      	mov	ip, r2
100036e0:	4463      	add	r3, ip
100036e2:	2200      	movs	r2, #0
100036e4:	701a      	strb	r2, [r3, #0]
100036e6:	e02b      	b.n	10003740 <alarm_pool_add_alarm_at+0x88>
100036e8:	2800      	cmp	r0, #0
100036ea:	d009      	beq.n	10003700 <alarm_pool_add_alarm_at+0x48>
100036ec:	4642      	mov	r2, r8
100036ee:	6812      	ldr	r2, [r2, #0]
100036f0:	7b12      	ldrb	r2, [r2, #12]
100036f2:	4290      	cmp	r0, r2
100036f4:	d804      	bhi.n	10003700 <alarm_pool_add_alarm_at+0x48>
100036f6:	1e42      	subs	r2, r0, #1
100036f8:	4641      	mov	r1, r8
100036fa:	68c9      	ldr	r1, [r1, #12]
100036fc:	5c8a      	ldrb	r2, [r1, r2]
100036fe:	e041      	b.n	10003784 <alarm_pool_add_alarm_at+0xcc>
10003700:	4b40      	ldr	r3, [pc, #256]	; (10003804 <alarm_pool_add_alarm_at+0x14c>)
10003702:	4a41      	ldr	r2, [pc, #260]	; (10003808 <alarm_pool_add_alarm_at+0x150>)
10003704:	2141      	movs	r1, #65	; 0x41
10003706:	4841      	ldr	r0, [pc, #260]	; (1000380c <alarm_pool_add_alarm_at+0x154>)
10003708:	f000 ffcc 	bl	100046a4 <__assert_func>
1000370c:	9807      	ldr	r0, [sp, #28]
1000370e:	e04c      	b.n	100037aa <alarm_pool_add_alarm_at+0xf2>
10003710:	1b36      	subs	r6, r6, r4
10003712:	41af      	sbcs	r7, r5
10003714:	2f00      	cmp	r7, #0
10003716:	db07      	blt.n	10003728 <alarm_pool_add_alarm_at+0x70>
10003718:	2f00      	cmp	r7, #0
1000371a:	da11      	bge.n	10003740 <alarm_pool_add_alarm_at+0x88>
1000371c:	4b3c      	ldr	r3, [pc, #240]	; (10003810 <alarm_pool_add_alarm_at+0x158>)
1000371e:	4a3d      	ldr	r2, [pc, #244]	; (10003814 <alarm_pool_add_alarm_at+0x15c>)
10003720:	213f      	movs	r1, #63	; 0x3f
10003722:	483d      	ldr	r0, [pc, #244]	; (10003818 <alarm_pool_add_alarm_at+0x160>)
10003724:	f000 ffbe 	bl	100046a4 <__assert_func>
10003728:	2601      	movs	r6, #1
1000372a:	4276      	negs	r6, r6
1000372c:	4f3b      	ldr	r7, [pc, #236]	; (1000381c <alarm_pool_add_alarm_at+0x164>)
1000372e:	e7f3      	b.n	10003718 <alarm_pool_add_alarm_at+0x60>
10003730:	4b37      	ldr	r3, [pc, #220]	; (10003810 <alarm_pool_add_alarm_at+0x158>)
10003732:	4a38      	ldr	r2, [pc, #224]	; (10003814 <alarm_pool_add_alarm_at+0x15c>)
10003734:	213f      	movs	r1, #63	; 0x3f
10003736:	4838      	ldr	r0, [pc, #224]	; (10003818 <alarm_pool_add_alarm_at+0x160>)
10003738:	f000 ffb4 	bl	100046a4 <__assert_func>
1000373c:	2f00      	cmp	r7, #0
1000373e:	db4f      	blt.n	100037e0 <alarm_pool_add_alarm_at+0x128>
10003740:	4643      	mov	r3, r8
10003742:	685a      	ldr	r2, [r3, #4]
10003744:	f3ef 8410 	mrs	r4, PRIMASK
10003748:	b672      	cpsid	i
1000374a:	6813      	ldr	r3, [r2, #0]
1000374c:	4259      	negs	r1, r3
1000374e:	414b      	adcs	r3, r1
10003750:	b2d9      	uxtb	r1, r3
10003752:	9107      	str	r1, [sp, #28]
10003754:	2b00      	cmp	r3, #0
10003756:	d1f8      	bne.n	1000374a <alarm_pool_add_alarm_at+0x92>
10003758:	f3bf 8f5f 	dmb	sy
1000375c:	331f      	adds	r3, #31
1000375e:	aa02      	add	r2, sp, #8
10003760:	4694      	mov	ip, r2
10003762:	4463      	add	r3, ip
10003764:	9304      	str	r3, [sp, #16]
10003766:	2300      	movs	r3, #0
10003768:	9303      	str	r3, [sp, #12]
1000376a:	9302      	str	r3, [sp, #8]
1000376c:	464b      	mov	r3, r9
1000376e:	9301      	str	r3, [sp, #4]
10003770:	4653      	mov	r3, sl
10003772:	9300      	str	r3, [sp, #0]
10003774:	0032      	movs	r2, r6
10003776:	003b      	movs	r3, r7
10003778:	4640      	mov	r0, r8
1000377a:	f7ff fd0f 	bl	1000319c <add_alarm_under_lock>
1000377e:	1e03      	subs	r3, r0, #0
10003780:	d1b2      	bne.n	100036e8 <alarm_pool_add_alarm_at+0x30>
10003782:	0002      	movs	r2, r0
10003784:	4641      	mov	r1, r8
10003786:	6849      	ldr	r1, [r1, #4]
10003788:	f3bf 8f5f 	dmb	sy
1000378c:	2500      	movs	r5, #0
1000378e:	600d      	str	r5, [r1, #0]
10003790:	f384 8810 	msr	PRIMASK, r4
10003794:	2b00      	cmp	r3, #0
10003796:	d029      	beq.n	100037ec <alarm_pool_add_alarm_at+0x134>
10003798:	231f      	movs	r3, #31
1000379a:	a902      	add	r1, sp, #8
1000379c:	468c      	mov	ip, r1
1000379e:	4463      	add	r3, ip
100037a0:	781b      	ldrb	r3, [r3, #0]
100037a2:	2b00      	cmp	r3, #0
100037a4:	d1b2      	bne.n	1000370c <alarm_pool_add_alarm_at+0x54>
100037a6:	0212      	lsls	r2, r2, #8
100037a8:	4310      	orrs	r0, r2
100037aa:	2b00      	cmp	r3, #0
100037ac:	d020      	beq.n	100037f0 <alarm_pool_add_alarm_at+0x138>
100037ae:	465b      	mov	r3, fp
100037b0:	2b00      	cmp	r3, #0
100037b2:	d01d      	beq.n	100037f0 <alarm_pool_add_alarm_at+0x138>
100037b4:	4649      	mov	r1, r9
100037b6:	47d0      	blx	sl
100037b8:	0004      	movs	r4, r0
100037ba:	000d      	movs	r5, r1
100037bc:	0003      	movs	r3, r0
100037be:	430b      	orrs	r3, r1
100037c0:	d01d      	beq.n	100037fe <alarm_pool_add_alarm_at+0x146>
100037c2:	2900      	cmp	r1, #0
100037c4:	dba4      	blt.n	10003710 <alarm_pool_add_alarm_at+0x58>
100037c6:	f000 fa07 	bl	10003bd8 <time_us_64>
100037ca:	0006      	movs	r6, r0
100037cc:	1e0f      	subs	r7, r1, #0
100037ce:	dbaf      	blt.n	10003730 <alarm_pool_add_alarm_at+0x78>
100037d0:	1936      	adds	r6, r6, r4
100037d2:	416f      	adcs	r7, r5
100037d4:	2f00      	cmp	r7, #0
100037d6:	dab1      	bge.n	1000373c <alarm_pool_add_alarm_at+0x84>
100037d8:	2601      	movs	r6, #1
100037da:	4276      	negs	r6, r6
100037dc:	4f0f      	ldr	r7, [pc, #60]	; (1000381c <alarm_pool_add_alarm_at+0x164>)
100037de:	e7ad      	b.n	1000373c <alarm_pool_add_alarm_at+0x84>
100037e0:	4b0b      	ldr	r3, [pc, #44]	; (10003810 <alarm_pool_add_alarm_at+0x158>)
100037e2:	4a0c      	ldr	r2, [pc, #48]	; (10003814 <alarm_pool_add_alarm_at+0x15c>)
100037e4:	213f      	movs	r1, #63	; 0x3f
100037e6:	480c      	ldr	r0, [pc, #48]	; (10003818 <alarm_pool_add_alarm_at+0x160>)
100037e8:	f000 ff5c 	bl	100046a4 <__assert_func>
100037ec:	2001      	movs	r0, #1
100037ee:	4240      	negs	r0, r0
100037f0:	b00b      	add	sp, #44	; 0x2c
100037f2:	bcf0      	pop	{r4, r5, r6, r7}
100037f4:	46bb      	mov	fp, r7
100037f6:	46b2      	mov	sl, r6
100037f8:	46a9      	mov	r9, r5
100037fa:	46a0      	mov	r8, r4
100037fc:	bdf0      	pop	{r4, r5, r6, r7, pc}
100037fe:	9807      	ldr	r0, [sp, #28]
10003800:	e7f6      	b.n	100037f0 <alarm_pool_add_alarm_at+0x138>
10003802:	46c0      	nop			; (mov r8, r8)
10003804:	1000a188 	.word	0x1000a188
10003808:	1000a42c 	.word	0x1000a42c
1000380c:	1000a134 	.word	0x1000a134
10003810:	100090e4 	.word	0x100090e4
10003814:	1000a3d4 	.word	0x1000a3d4
10003818:	10009100 	.word	0x10009100
1000381c:	7fffffff 	.word	0x7fffffff

10003820 <alarm_pool_cancel_alarm>:
10003820:	b5f8      	push	{r3, r4, r5, r6, r7, lr}
10003822:	0004      	movs	r4, r0
10003824:	2900      	cmp	r1, #0
10003826:	d100      	bne.n	1000382a <alarm_pool_cancel_alarm+0xa>
10003828:	e062      	b.n	100038f0 <alarm_pool_cancel_alarm+0xd0>
1000382a:	6842      	ldr	r2, [r0, #4]
1000382c:	f3ef 8510 	mrs	r5, PRIMASK
10003830:	b672      	cpsid	i
10003832:	6813      	ldr	r3, [r2, #0]
10003834:	4258      	negs	r0, r3
10003836:	4143      	adcs	r3, r0
10003838:	b2d8      	uxtb	r0, r3
1000383a:	2b00      	cmp	r3, #0
1000383c:	d1f9      	bne.n	10003832 <alarm_pool_cancel_alarm+0x12>
1000383e:	f3bf 8f5f 	dmb	sy
10003842:	b2cb      	uxtb	r3, r1
10003844:	6822      	ldr	r2, [r4, #0]
10003846:	7b56      	ldrb	r6, [r2, #13]
10003848:	42b3      	cmp	r3, r6
1000384a:	d11b      	bne.n	10003884 <alarm_pool_cancel_alarm+0x64>
1000384c:	2001      	movs	r0, #1
1000384e:	2800      	cmp	r0, #0
10003850:	d048      	beq.n	100038e4 <alarm_pool_cancel_alarm+0xc4>
10003852:	6920      	ldr	r0, [r4, #16]
10003854:	4288      	cmp	r0, r1
10003856:	d02b      	beq.n	100038b0 <alarm_pool_cancel_alarm+0x90>
10003858:	0a09      	lsrs	r1, r1, #8
1000385a:	b2c9      	uxtb	r1, r1
1000385c:	2b00      	cmp	r3, #0
1000385e:	d02e      	beq.n	100038be <alarm_pool_cancel_alarm+0x9e>
10003860:	6820      	ldr	r0, [r4, #0]
10003862:	7b00      	ldrb	r0, [r0, #12]
10003864:	4283      	cmp	r3, r0
10003866:	d82a      	bhi.n	100038be <alarm_pool_cancel_alarm+0x9e>
10003868:	1e58      	subs	r0, r3, #1
1000386a:	68e6      	ldr	r6, [r4, #12]
1000386c:	5c30      	ldrb	r0, [r6, r0]
1000386e:	4288      	cmp	r0, r1
10003870:	d02b      	beq.n	100038ca <alarm_pool_cancel_alarm+0xaa>
10003872:	2000      	movs	r0, #0
10003874:	6863      	ldr	r3, [r4, #4]
10003876:	f3bf 8f5f 	dmb	sy
1000387a:	2200      	movs	r2, #0
1000387c:	601a      	str	r2, [r3, #0]
1000387e:	f385 8810 	msr	PRIMASK, r5
10003882:	bdf8      	pop	{r3, r4, r5, r6, r7, pc}
10003884:	2b00      	cmp	r3, #0
10003886:	d00d      	beq.n	100038a4 <alarm_pool_cancel_alarm+0x84>
10003888:	7b16      	ldrb	r6, [r2, #12]
1000388a:	42b3      	cmp	r3, r6
1000388c:	d80a      	bhi.n	100038a4 <alarm_pool_cancel_alarm+0x84>
1000388e:	005e      	lsls	r6, r3, #1
10003890:	18f6      	adds	r6, r6, r3
10003892:	3e03      	subs	r6, #3
10003894:	6817      	ldr	r7, [r2, #0]
10003896:	46bc      	mov	ip, r7
10003898:	4466      	add	r6, ip
1000389a:	78b6      	ldrb	r6, [r6, #2]
1000389c:	2e00      	cmp	r6, #0
1000389e:	d0d6      	beq.n	1000384e <alarm_pool_cancel_alarm+0x2e>
100038a0:	2001      	movs	r0, #1
100038a2:	e7d4      	b.n	1000384e <alarm_pool_cancel_alarm+0x2e>
100038a4:	4b13      	ldr	r3, [pc, #76]	; (100038f4 <alarm_pool_cancel_alarm+0xd4>)
100038a6:	4a14      	ldr	r2, [pc, #80]	; (100038f8 <alarm_pool_cancel_alarm+0xd8>)
100038a8:	2168      	movs	r1, #104	; 0x68
100038aa:	4814      	ldr	r0, [pc, #80]	; (100038fc <alarm_pool_cancel_alarm+0xdc>)
100038ac:	f000 fefa 	bl	100046a4 <__assert_func>
100038b0:	212c      	movs	r1, #44	; 0x2c
100038b2:	4b13      	ldr	r3, [pc, #76]	; (10003900 <alarm_pool_cancel_alarm+0xe0>)
100038b4:	4a13      	ldr	r2, [pc, #76]	; (10003904 <alarm_pool_cancel_alarm+0xe4>)
100038b6:	31ff      	adds	r1, #255	; 0xff
100038b8:	4813      	ldr	r0, [pc, #76]	; (10003908 <alarm_pool_cancel_alarm+0xe8>)
100038ba:	f000 fef3 	bl	100046a4 <__assert_func>
100038be:	4b13      	ldr	r3, [pc, #76]	; (1000390c <alarm_pool_cancel_alarm+0xec>)
100038c0:	4a13      	ldr	r2, [pc, #76]	; (10003910 <alarm_pool_cancel_alarm+0xf0>)
100038c2:	2141      	movs	r1, #65	; 0x41
100038c4:	4810      	ldr	r0, [pc, #64]	; (10003908 <alarm_pool_cancel_alarm+0xe8>)
100038c6:	f000 feed 	bl	100046a4 <__assert_func>
100038ca:	0019      	movs	r1, r3
100038cc:	0010      	movs	r0, r2
100038ce:	f000 fc47 	bl	10004160 <ph_remove_and_free_node>
100038d2:	2800      	cmp	r0, #0
100038d4:	d1ce      	bne.n	10003874 <alarm_pool_cancel_alarm+0x54>
100038d6:	2199      	movs	r1, #153	; 0x99
100038d8:	4b0e      	ldr	r3, [pc, #56]	; (10003914 <alarm_pool_cancel_alarm+0xf4>)
100038da:	4a0a      	ldr	r2, [pc, #40]	; (10003904 <alarm_pool_cancel_alarm+0xe4>)
100038dc:	0049      	lsls	r1, r1, #1
100038de:	480a      	ldr	r0, [pc, #40]	; (10003908 <alarm_pool_cancel_alarm+0xe8>)
100038e0:	f000 fee0 	bl	100046a4 <__assert_func>
100038e4:	6923      	ldr	r3, [r4, #16]
100038e6:	428b      	cmp	r3, r1
100038e8:	d1c4      	bne.n	10003874 <alarm_pool_cancel_alarm+0x54>
100038ea:	2300      	movs	r3, #0
100038ec:	6123      	str	r3, [r4, #16]
100038ee:	e7c1      	b.n	10003874 <alarm_pool_cancel_alarm+0x54>
100038f0:	2000      	movs	r0, #0
100038f2:	e7c6      	b.n	10003882 <alarm_pool_cancel_alarm+0x62>
100038f4:	1000a1ac 	.word	0x1000a1ac
100038f8:	1000a474 	.word	0x1000a474
100038fc:	1000a1c8 	.word	0x1000a1c8
10003900:	1000a344 	.word	0x1000a344
10003904:	1000a3bc 	.word	0x1000a3bc
10003908:	1000a134 	.word	0x1000a134
1000390c:	1000a188 	.word	0x1000a188
10003910:	1000a42c 	.word	0x1000a42c
10003914:	1000a368 	.word	0x1000a368

10003918 <alarm_pool_core_num>:
10003918:	7d40      	ldrb	r0, [r0, #21]
1000391a:	4770      	bx	lr

1000391c <sleep_until>:
1000391c:	b5f0      	push	{r4, r5, r6, r7, lr}
1000391e:	b087      	sub	sp, #28
10003920:	0006      	movs	r6, r0
10003922:	000f      	movs	r7, r1
10003924:	f3ef 8305 	mrs	r3, IPSR
10003928:	2b00      	cmp	r3, #0
1000392a:	d11f      	bne.n	1000396c <sleep_until+0x50>
1000392c:	2406      	movs	r4, #6
1000392e:	4264      	negs	r4, r4
10003930:	17e5      	asrs	r5, r4, #31
10003932:	19a4      	adds	r4, r4, r6
10003934:	417d      	adcs	r5, r7
10003936:	428d      	cmp	r5, r1
10003938:	d802      	bhi.n	10003940 <sleep_until+0x24>
1000393a:	d103      	bne.n	10003944 <sleep_until+0x28>
1000393c:	4284      	cmp	r4, r0
1000393e:	d901      	bls.n	10003944 <sleep_until+0x28>
10003940:	2400      	movs	r4, #0
10003942:	2500      	movs	r5, #0
10003944:	2d00      	cmp	r5, #0
10003946:	db14      	blt.n	10003972 <sleep_until+0x56>
10003948:	9404      	str	r4, [sp, #16]
1000394a:	9505      	str	r5, [sp, #20]
1000394c:	f000 f944 	bl	10003bd8 <time_us_64>
10003950:	0002      	movs	r2, r0
10003952:	1e0b      	subs	r3, r1, #0
10003954:	db13      	blt.n	1000397e <sleep_until+0x62>
10003956:	1aa4      	subs	r4, r4, r2
10003958:	419d      	sbcs	r5, r3
1000395a:	2d00      	cmp	r5, #0
1000395c:	dc17      	bgt.n	1000398e <sleep_until+0x72>
1000395e:	d014      	beq.n	1000398a <sleep_until+0x6e>
10003960:	0030      	movs	r0, r6
10003962:	0039      	movs	r1, r7
10003964:	f000 f944 	bl	10003bf0 <busy_wait_until>
10003968:	b007      	add	sp, #28
1000396a:	bdf0      	pop	{r4, r5, r6, r7, pc}
1000396c:	4823      	ldr	r0, [pc, #140]	; (100039fc <sleep_until+0xe0>)
1000396e:	f000 ff33 	bl	100047d8 <panic>
10003972:	4b23      	ldr	r3, [pc, #140]	; (10003a00 <sleep_until+0xe4>)
10003974:	4a23      	ldr	r2, [pc, #140]	; (10003a04 <sleep_until+0xe8>)
10003976:	213f      	movs	r1, #63	; 0x3f
10003978:	4823      	ldr	r0, [pc, #140]	; (10003a08 <sleep_until+0xec>)
1000397a:	f000 fe93 	bl	100046a4 <__assert_func>
1000397e:	4b20      	ldr	r3, [pc, #128]	; (10003a00 <sleep_until+0xe4>)
10003980:	4a20      	ldr	r2, [pc, #128]	; (10003a04 <sleep_until+0xe8>)
10003982:	213f      	movs	r1, #63	; 0x3f
10003984:	4820      	ldr	r0, [pc, #128]	; (10003a08 <sleep_until+0xec>)
10003986:	f000 fe8d 	bl	100046a4 <__assert_func>
1000398a:	2c00      	cmp	r4, #0
1000398c:	d0e8      	beq.n	10003960 <sleep_until+0x44>
1000398e:	f7ff fe7d 	bl	1000368c <alarm_pool_get_default>
10003992:	2300      	movs	r3, #0
10003994:	9302      	str	r3, [sp, #8]
10003996:	9301      	str	r3, [sp, #4]
10003998:	4b1c      	ldr	r3, [pc, #112]	; (10003a0c <sleep_until+0xf0>)
1000399a:	9300      	str	r3, [sp, #0]
1000399c:	9a04      	ldr	r2, [sp, #16]
1000399e:	9b05      	ldr	r3, [sp, #20]
100039a0:	f7ff fe8a 	bl	100036b8 <alarm_pool_add_alarm_at>
100039a4:	2800      	cmp	r0, #0
100039a6:	da18      	bge.n	100039da <sleep_until+0xbe>
100039a8:	e7da      	b.n	10003960 <sleep_until+0x44>
100039aa:	2300      	movs	r3, #0
100039ac:	e000      	b.n	100039b0 <sleep_until+0x94>
100039ae:	2300      	movs	r3, #0
100039b0:	2b00      	cmp	r3, #0
100039b2:	d1d5      	bne.n	10003960 <sleep_until+0x44>
100039b4:	4b16      	ldr	r3, [pc, #88]	; (10003a10 <sleep_until+0xf4>)
100039b6:	681a      	ldr	r2, [r3, #0]
100039b8:	f3ef 8110 	mrs	r1, PRIMASK
100039bc:	b672      	cpsid	i
100039be:	6813      	ldr	r3, [r2, #0]
100039c0:	2b00      	cmp	r3, #0
100039c2:	d0fc      	beq.n	100039be <sleep_until+0xa2>
100039c4:	f3bf 8f5f 	dmb	sy
100039c8:	4b11      	ldr	r3, [pc, #68]	; (10003a10 <sleep_until+0xf4>)
100039ca:	681b      	ldr	r3, [r3, #0]
100039cc:	f3bf 8f5f 	dmb	sy
100039d0:	2200      	movs	r2, #0
100039d2:	601a      	str	r2, [r3, #0]
100039d4:	f381 8810 	msr	PRIMASK, r1
100039d8:	bf20      	wfe
100039da:	9904      	ldr	r1, [sp, #16]
100039dc:	9a05      	ldr	r2, [sp, #20]
100039de:	4b0d      	ldr	r3, [pc, #52]	; (10003a14 <sleep_until+0xf8>)
100039e0:	6a5b      	ldr	r3, [r3, #36]	; 0x24
100039e2:	429a      	cmp	r2, r3
100039e4:	d8e3      	bhi.n	100039ae <sleep_until+0x92>
100039e6:	480b      	ldr	r0, [pc, #44]	; (10003a14 <sleep_until+0xf8>)
100039e8:	6a80      	ldr	r0, [r0, #40]	; 0x28
100039ea:	4288      	cmp	r0, r1
100039ec:	d203      	bcs.n	100039f6 <sleep_until+0xda>
100039ee:	429a      	cmp	r2, r3
100039f0:	d0db      	beq.n	100039aa <sleep_until+0x8e>
100039f2:	2301      	movs	r3, #1
100039f4:	e7dc      	b.n	100039b0 <sleep_until+0x94>
100039f6:	2301      	movs	r3, #1
100039f8:	e7da      	b.n	100039b0 <sleep_until+0x94>
100039fa:	46c0      	nop			; (mov r8, r8)
100039fc:	1000a36c 	.word	0x1000a36c
10003a00:	100090e4 	.word	0x100090e4
10003a04:	1000a3d4 	.word	0x1000a3d4
10003a08:	10009100 	.word	0x10009100
10003a0c:	1000300d 	.word	0x1000300d
10003a10:	20001cdc 	.word	0x20001cdc
10003a14:	40054000 	.word	0x40054000

10003a18 <sleep_us>:
10003a18:	b570      	push	{r4, r5, r6, lr}
10003a1a:	0004      	movs	r4, r0
10003a1c:	000d      	movs	r5, r1
10003a1e:	f000 f8db 	bl	10003bd8 <time_us_64>
10003a22:	0002      	movs	r2, r0
10003a24:	1e0b      	subs	r3, r1, #0
10003a26:	db0a      	blt.n	10003a3e <sleep_us+0x26>
10003a28:	0020      	movs	r0, r4
10003a2a:	0029      	movs	r1, r5
10003a2c:	1880      	adds	r0, r0, r2
10003a2e:	4159      	adcs	r1, r3
10003a30:	2900      	cmp	r1, #0
10003a32:	db0a      	blt.n	10003a4a <sleep_us+0x32>
10003a34:	2900      	cmp	r1, #0
10003a36:	db0c      	blt.n	10003a52 <sleep_us+0x3a>
10003a38:	f7ff ff70 	bl	1000391c <sleep_until>
10003a3c:	bd70      	pop	{r4, r5, r6, pc}
10003a3e:	4b08      	ldr	r3, [pc, #32]	; (10003a60 <sleep_us+0x48>)
10003a40:	4a08      	ldr	r2, [pc, #32]	; (10003a64 <sleep_us+0x4c>)
10003a42:	213f      	movs	r1, #63	; 0x3f
10003a44:	4808      	ldr	r0, [pc, #32]	; (10003a68 <sleep_us+0x50>)
10003a46:	f000 fe2d 	bl	100046a4 <__assert_func>
10003a4a:	2001      	movs	r0, #1
10003a4c:	4240      	negs	r0, r0
10003a4e:	4907      	ldr	r1, [pc, #28]	; (10003a6c <sleep_us+0x54>)
10003a50:	e7f0      	b.n	10003a34 <sleep_us+0x1c>
10003a52:	4b03      	ldr	r3, [pc, #12]	; (10003a60 <sleep_us+0x48>)
10003a54:	4a03      	ldr	r2, [pc, #12]	; (10003a64 <sleep_us+0x4c>)
10003a56:	213f      	movs	r1, #63	; 0x3f
10003a58:	4803      	ldr	r0, [pc, #12]	; (10003a68 <sleep_us+0x50>)
10003a5a:	f000 fe23 	bl	100046a4 <__assert_func>
10003a5e:	46c0      	nop			; (mov r8, r8)
10003a60:	100090e4 	.word	0x100090e4
10003a64:	1000a3d4 	.word	0x1000a3d4
10003a68:	10009100 	.word	0x10009100
10003a6c:	7fffffff 	.word	0x7fffffff

10003a70 <sleep_ms>:
10003a70:	b510      	push	{r4, lr}
10003a72:	22fa      	movs	r2, #250	; 0xfa
10003a74:	0092      	lsls	r2, r2, #2
10003a76:	2300      	movs	r3, #0
10003a78:	2100      	movs	r1, #0
10003a7a:	f002 fb6f 	bl	1000615c <__wrap___aeabi_lmul>
10003a7e:	f7ff ffcb 	bl	10003a18 <sleep_us>
10003a82:	bd10      	pop	{r4, pc}

10003a84 <best_effort_wfe_or_timeout>:
10003a84:	b570      	push	{r4, r5, r6, lr}
10003a86:	b084      	sub	sp, #16
10003a88:	0005      	movs	r5, r0
10003a8a:	000c      	movs	r4, r1
10003a8c:	f3ef 8305 	mrs	r3, IPSR
10003a90:	2b00      	cmp	r3, #0
10003a92:	d11e      	bne.n	10003ad2 <best_effort_wfe_or_timeout+0x4e>
10003a94:	f7ff fdfa 	bl	1000368c <alarm_pool_get_default>
10003a98:	2300      	movs	r3, #0
10003a9a:	9302      	str	r3, [sp, #8]
10003a9c:	9301      	str	r3, [sp, #4]
10003a9e:	4b22      	ldr	r3, [pc, #136]	; (10003b28 <best_effort_wfe_or_timeout+0xa4>)
10003aa0:	9300      	str	r3, [sp, #0]
10003aa2:	002a      	movs	r2, r5
10003aa4:	0023      	movs	r3, r4
10003aa6:	f7ff fe07 	bl	100036b8 <alarm_pool_add_alarm_at>
10003aaa:	1e06      	subs	r6, r0, #0
10003aac:	dd23      	ble.n	10003af6 <best_effort_wfe_or_timeout+0x72>
10003aae:	bf20      	wfe
10003ab0:	f7ff fdec 	bl	1000368c <alarm_pool_get_default>
10003ab4:	0031      	movs	r1, r6
10003ab6:	f7ff feb3 	bl	10003820 <alarm_pool_cancel_alarm>
10003aba:	4b1c      	ldr	r3, [pc, #112]	; (10003b2c <best_effort_wfe_or_timeout+0xa8>)
10003abc:	6a5b      	ldr	r3, [r3, #36]	; 0x24
10003abe:	429c      	cmp	r4, r3
10003ac0:	d82d      	bhi.n	10003b1e <best_effort_wfe_or_timeout+0x9a>
10003ac2:	4a1a      	ldr	r2, [pc, #104]	; (10003b2c <best_effort_wfe_or_timeout+0xa8>)
10003ac4:	6a92      	ldr	r2, [r2, #40]	; 0x28
10003ac6:	42aa      	cmp	r2, r5
10003ac8:	d22c      	bcs.n	10003b24 <best_effort_wfe_or_timeout+0xa0>
10003aca:	429c      	cmp	r4, r3
10003acc:	d025      	beq.n	10003b1a <best_effort_wfe_or_timeout+0x96>
10003ace:	2001      	movs	r0, #1
10003ad0:	e026      	b.n	10003b20 <best_effort_wfe_or_timeout+0x9c>
10003ad2:	4b16      	ldr	r3, [pc, #88]	; (10003b2c <best_effort_wfe_or_timeout+0xa8>)
10003ad4:	6a5b      	ldr	r3, [r3, #36]	; 0x24
10003ad6:	4299      	cmp	r1, r3
10003ad8:	d809      	bhi.n	10003aee <best_effort_wfe_or_timeout+0x6a>
10003ada:	4a14      	ldr	r2, [pc, #80]	; (10003b2c <best_effort_wfe_or_timeout+0xa8>)
10003adc:	6a92      	ldr	r2, [r2, #40]	; 0x28
10003ade:	4282      	cmp	r2, r0
10003ae0:	d207      	bcs.n	10003af2 <best_effort_wfe_or_timeout+0x6e>
10003ae2:	4299      	cmp	r1, r3
10003ae4:	d001      	beq.n	10003aea <best_effort_wfe_or_timeout+0x66>
10003ae6:	2001      	movs	r0, #1
10003ae8:	e01a      	b.n	10003b20 <best_effort_wfe_or_timeout+0x9c>
10003aea:	2000      	movs	r0, #0
10003aec:	e018      	b.n	10003b20 <best_effort_wfe_or_timeout+0x9c>
10003aee:	2000      	movs	r0, #0
10003af0:	e016      	b.n	10003b20 <best_effort_wfe_or_timeout+0x9c>
10003af2:	2001      	movs	r0, #1
10003af4:	e014      	b.n	10003b20 <best_effort_wfe_or_timeout+0x9c>
10003af6:	4b0d      	ldr	r3, [pc, #52]	; (10003b2c <best_effort_wfe_or_timeout+0xa8>)
10003af8:	6a5b      	ldr	r3, [r3, #36]	; 0x24
10003afa:	429c      	cmp	r4, r3
10003afc:	d809      	bhi.n	10003b12 <best_effort_wfe_or_timeout+0x8e>
10003afe:	4a0b      	ldr	r2, [pc, #44]	; (10003b2c <best_effort_wfe_or_timeout+0xa8>)
10003b00:	6a92      	ldr	r2, [r2, #40]	; 0x28
10003b02:	42aa      	cmp	r2, r5
10003b04:	d207      	bcs.n	10003b16 <best_effort_wfe_or_timeout+0x92>
10003b06:	429c      	cmp	r4, r3
10003b08:	d001      	beq.n	10003b0e <best_effort_wfe_or_timeout+0x8a>
10003b0a:	2001      	movs	r0, #1
10003b0c:	e008      	b.n	10003b20 <best_effort_wfe_or_timeout+0x9c>
10003b0e:	2000      	movs	r0, #0
10003b10:	e006      	b.n	10003b20 <best_effort_wfe_or_timeout+0x9c>
10003b12:	2000      	movs	r0, #0
10003b14:	e004      	b.n	10003b20 <best_effort_wfe_or_timeout+0x9c>
10003b16:	2001      	movs	r0, #1
10003b18:	e002      	b.n	10003b20 <best_effort_wfe_or_timeout+0x9c>
10003b1a:	2000      	movs	r0, #0
10003b1c:	e000      	b.n	10003b20 <best_effort_wfe_or_timeout+0x9c>
10003b1e:	2000      	movs	r0, #0
10003b20:	b004      	add	sp, #16
10003b22:	bd70      	pop	{r4, r5, r6, pc}
10003b24:	2001      	movs	r0, #1
10003b26:	e7fb      	b.n	10003b20 <best_effort_wfe_or_timeout+0x9c>
10003b28:	1000300d 	.word	0x1000300d
10003b2c:	40054000 	.word	0x40054000

10003b30 <hardware_alarm_irq_handler>:
10003b30:	b570      	push	{r4, r5, r6, lr}
10003b32:	f3ef 8005 	mrs	r0, IPSR
10003b36:	3810      	subs	r0, #16
10003b38:	f3ef 8c10 	mrs	ip, PRIMASK
10003b3c:	b672      	cpsid	i
10003b3e:	4b1a      	ldr	r3, [pc, #104]	; (10003ba8 <hardware_alarm_irq_handler+0x78>)
10003b40:	681b      	ldr	r3, [r3, #0]
10003b42:	2b00      	cmp	r3, #0
10003b44:	d0fb      	beq.n	10003b3e <hardware_alarm_irq_handler+0xe>
10003b46:	f3bf 8f5f 	dmb	sy
10003b4a:	2201      	movs	r2, #1
10003b4c:	0013      	movs	r3, r2
10003b4e:	4083      	lsls	r3, r0
10003b50:	4916      	ldr	r1, [pc, #88]	; (10003bac <hardware_alarm_irq_handler+0x7c>)
10003b52:	634b      	str	r3, [r1, #52]	; 0x34
10003b54:	4916      	ldr	r1, [pc, #88]	; (10003bb0 <hardware_alarm_irq_handler+0x80>)
10003b56:	600b      	str	r3, [r1, #0]
10003b58:	4916      	ldr	r1, [pc, #88]	; (10003bb4 <hardware_alarm_irq_handler+0x84>)
10003b5a:	7809      	ldrb	r1, [r1, #0]
10003b5c:	000c      	movs	r4, r1
10003b5e:	40c4      	lsrs	r4, r0
10003b60:	4222      	tst	r2, r4
10003b62:	d014      	beq.n	10003b8e <hardware_alarm_irq_handler+0x5e>
10003b64:	4a11      	ldr	r2, [pc, #68]	; (10003bac <hardware_alarm_irq_handler+0x7c>)
10003b66:	6a54      	ldr	r4, [r2, #36]	; 0x24
10003b68:	0082      	lsls	r2, r0, #2
10003b6a:	4d13      	ldr	r5, [pc, #76]	; (10003bb8 <hardware_alarm_irq_handler+0x88>)
10003b6c:	5952      	ldr	r2, [r2, r5]
10003b6e:	4294      	cmp	r4, r2
10003b70:	d306      	bcc.n	10003b80 <hardware_alarm_irq_handler+0x50>
10003b72:	0082      	lsls	r2, r0, #2
10003b74:	4c11      	ldr	r4, [pc, #68]	; (10003bbc <hardware_alarm_irq_handler+0x8c>)
10003b76:	5912      	ldr	r2, [r2, r4]
10003b78:	4399      	bics	r1, r3
10003b7a:	4b0e      	ldr	r3, [pc, #56]	; (10003bb4 <hardware_alarm_irq_handler+0x84>)
10003b7c:	7019      	strb	r1, [r3, #0]
10003b7e:	e007      	b.n	10003b90 <hardware_alarm_irq_handler+0x60>
10003b80:	4a0a      	ldr	r2, [pc, #40]	; (10003bac <hardware_alarm_irq_handler+0x7c>)
10003b82:	1d03      	adds	r3, r0, #4
10003b84:	009b      	lsls	r3, r3, #2
10003b86:	5899      	ldr	r1, [r3, r2]
10003b88:	5099      	str	r1, [r3, r2]
10003b8a:	2200      	movs	r2, #0
10003b8c:	e000      	b.n	10003b90 <hardware_alarm_irq_handler+0x60>
10003b8e:	2200      	movs	r2, #0
10003b90:	f3bf 8f5f 	dmb	sy
10003b94:	4b04      	ldr	r3, [pc, #16]	; (10003ba8 <hardware_alarm_irq_handler+0x78>)
10003b96:	2100      	movs	r1, #0
10003b98:	6019      	str	r1, [r3, #0]
10003b9a:	f38c 8810 	msr	PRIMASK, ip
10003b9e:	2a00      	cmp	r2, #0
10003ba0:	d000      	beq.n	10003ba4 <hardware_alarm_irq_handler+0x74>
10003ba2:	4790      	blx	r2
10003ba4:	bd70      	pop	{r4, r5, r6, pc}
10003ba6:	46c0      	nop			; (mov r8, r8)
10003ba8:	d0000128 	.word	0xd0000128
10003bac:	40054000 	.word	0x40054000
10003bb0:	4005703c 	.word	0x4005703c
10003bb4:	20001d38 	.word	0x20001d38
10003bb8:	20001cf8 	.word	0x20001cf8
10003bbc:	2000149c 	.word	0x2000149c

10003bc0 <hardware_alarm_claim>:
10003bc0:	b510      	push	{r4, lr}
10003bc2:	0001      	movs	r1, r0
10003bc4:	4a02      	ldr	r2, [pc, #8]	; (10003bd0 <hardware_alarm_claim+0x10>)
10003bc6:	4803      	ldr	r0, [pc, #12]	; (10003bd4 <hardware_alarm_claim+0x14>)
10003bc8:	f7fe fe06 	bl	100027d8 <hw_claim_or_assert>
10003bcc:	bd10      	pop	{r4, pc}
10003bce:	46c0      	nop			; (mov r8, r8)
10003bd0:	1000a498 	.word	0x1000a498
10003bd4:	20001d30 	.word	0x20001d30

10003bd8 <time_us_64>:
10003bd8:	4b04      	ldr	r3, [pc, #16]	; (10003bec <time_us_64+0x14>)
10003bda:	6a5b      	ldr	r3, [r3, #36]	; 0x24
10003bdc:	4a03      	ldr	r2, [pc, #12]	; (10003bec <time_us_64+0x14>)
10003bde:	6a90      	ldr	r0, [r2, #40]	; 0x28
10003be0:	0019      	movs	r1, r3
10003be2:	6a53      	ldr	r3, [r2, #36]	; 0x24
10003be4:	4299      	cmp	r1, r3
10003be6:	d1f9      	bne.n	10003bdc <time_us_64+0x4>
10003be8:	4770      	bx	lr
10003bea:	46c0      	nop			; (mov r8, r8)
10003bec:	40054000 	.word	0x40054000

10003bf0 <busy_wait_until>:
10003bf0:	4b08      	ldr	r3, [pc, #32]	; (10003c14 <busy_wait_until+0x24>)
10003bf2:	6a5b      	ldr	r3, [r3, #36]	; 0x24
10003bf4:	e001      	b.n	10003bfa <busy_wait_until+0xa>
10003bf6:	4b07      	ldr	r3, [pc, #28]	; (10003c14 <busy_wait_until+0x24>)
10003bf8:	6a5b      	ldr	r3, [r3, #36]	; 0x24
10003bfa:	428b      	cmp	r3, r1
10003bfc:	d3fb      	bcc.n	10003bf6 <busy_wait_until+0x6>
10003bfe:	e001      	b.n	10003c04 <busy_wait_until+0x14>
10003c00:	4b04      	ldr	r3, [pc, #16]	; (10003c14 <busy_wait_until+0x24>)
10003c02:	6a5b      	ldr	r3, [r3, #36]	; 0x24
10003c04:	428b      	cmp	r3, r1
10003c06:	d103      	bne.n	10003c10 <busy_wait_until+0x20>
10003c08:	4b02      	ldr	r3, [pc, #8]	; (10003c14 <busy_wait_until+0x24>)
10003c0a:	6a9b      	ldr	r3, [r3, #40]	; 0x28
10003c0c:	4283      	cmp	r3, r0
10003c0e:	d3f7      	bcc.n	10003c00 <busy_wait_until+0x10>
10003c10:	4770      	bx	lr
10003c12:	46c0      	nop			; (mov r8, r8)
10003c14:	40054000 	.word	0x40054000

10003c18 <busy_wait_us>:
10003c18:	b570      	push	{r4, r5, r6, lr}
10003c1a:	0004      	movs	r4, r0
10003c1c:	000d      	movs	r5, r1
10003c1e:	f7ff ffdb 	bl	10003bd8 <time_us_64>
10003c22:	0002      	movs	r2, r0
10003c24:	000b      	movs	r3, r1
10003c26:	0020      	movs	r0, r4
10003c28:	0029      	movs	r1, r5
10003c2a:	1880      	adds	r0, r0, r2
10003c2c:	4159      	adcs	r1, r3
10003c2e:	428b      	cmp	r3, r1
10003c30:	d802      	bhi.n	10003c38 <busy_wait_us+0x20>
10003c32:	d104      	bne.n	10003c3e <busy_wait_us+0x26>
10003c34:	4282      	cmp	r2, r0
10003c36:	d902      	bls.n	10003c3e <busy_wait_us+0x26>
10003c38:	2001      	movs	r0, #1
10003c3a:	4240      	negs	r0, r0
10003c3c:	17c1      	asrs	r1, r0, #31
10003c3e:	2900      	cmp	r1, #0
10003c40:	db02      	blt.n	10003c48 <busy_wait_us+0x30>
10003c42:	f7ff ffd5 	bl	10003bf0 <busy_wait_until>
10003c46:	bd70      	pop	{r4, r5, r6, pc}
10003c48:	4b02      	ldr	r3, [pc, #8]	; (10003c54 <busy_wait_us+0x3c>)
10003c4a:	4a03      	ldr	r2, [pc, #12]	; (10003c58 <busy_wait_us+0x40>)
10003c4c:	213f      	movs	r1, #63	; 0x3f
10003c4e:	4803      	ldr	r0, [pc, #12]	; (10003c5c <busy_wait_us+0x44>)
10003c50:	f000 fd28 	bl	100046a4 <__assert_func>
10003c54:	100090e4 	.word	0x100090e4
10003c58:	1000a55c 	.word	0x1000a55c
10003c5c:	10009100 	.word	0x10009100

10003c60 <hardware_alarm_set_callback>:
10003c60:	b570      	push	{r4, r5, r6, lr}
10003c62:	0004      	movs	r4, r0
10003c64:	000d      	movs	r5, r1
10003c66:	f3ef 8610 	mrs	r6, PRIMASK
10003c6a:	b672      	cpsid	i
10003c6c:	4b1b      	ldr	r3, [pc, #108]	; (10003cdc <hardware_alarm_set_callback+0x7c>)
10003c6e:	681b      	ldr	r3, [r3, #0]
10003c70:	2b00      	cmp	r3, #0
10003c72:	d0fb      	beq.n	10003c6c <hardware_alarm_set_callback+0xc>
10003c74:	f3bf 8f5f 	dmb	sy
10003c78:	2d00      	cmp	r5, #0
10003c7a:	d01c      	beq.n	10003cb6 <hardware_alarm_set_callback+0x56>
10003c7c:	0020      	movs	r0, r4
10003c7e:	f7fe fe9f 	bl	100029c0 <irq_get_vtable_handler>
10003c82:	4b17      	ldr	r3, [pc, #92]	; (10003ce0 <hardware_alarm_set_callback+0x80>)
10003c84:	4283      	cmp	r3, r0
10003c86:	d00b      	beq.n	10003ca0 <hardware_alarm_set_callback+0x40>
10003c88:	0019      	movs	r1, r3
10003c8a:	0020      	movs	r0, r4
10003c8c:	f7fe feb2 	bl	100029f4 <irq_set_exclusive_handler>
10003c90:	2101      	movs	r1, #1
10003c92:	0020      	movs	r0, r4
10003c94:	f7fe fe84 	bl	100029a0 <irq_set_enabled>
10003c98:	2301      	movs	r3, #1
10003c9a:	40a3      	lsls	r3, r4
10003c9c:	4a11      	ldr	r2, [pc, #68]	; (10003ce4 <hardware_alarm_set_callback+0x84>)
10003c9e:	6013      	str	r3, [r2, #0]
10003ca0:	00a4      	lsls	r4, r4, #2
10003ca2:	4b11      	ldr	r3, [pc, #68]	; (10003ce8 <hardware_alarm_set_callback+0x88>)
10003ca4:	50e5      	str	r5, [r4, r3]
10003ca6:	f3bf 8f5f 	dmb	sy
10003caa:	4b0c      	ldr	r3, [pc, #48]	; (10003cdc <hardware_alarm_set_callback+0x7c>)
10003cac:	2200      	movs	r2, #0
10003cae:	601a      	str	r2, [r3, #0]
10003cb0:	f386 8810 	msr	PRIMASK, r6
10003cb4:	bd70      	pop	{r4, r5, r6, pc}
10003cb6:	00a2      	lsls	r2, r4, #2
10003cb8:	4b0b      	ldr	r3, [pc, #44]	; (10003ce8 <hardware_alarm_set_callback+0x88>)
10003cba:	2100      	movs	r1, #0
10003cbc:	50d1      	str	r1, [r2, r3]
10003cbe:	2201      	movs	r2, #1
10003cc0:	40a2      	lsls	r2, r4
10003cc2:	490a      	ldr	r1, [pc, #40]	; (10003cec <hardware_alarm_set_callback+0x8c>)
10003cc4:	780b      	ldrb	r3, [r1, #0]
10003cc6:	4393      	bics	r3, r2
10003cc8:	700b      	strb	r3, [r1, #0]
10003cca:	4905      	ldr	r1, [pc, #20]	; (10003ce0 <hardware_alarm_set_callback+0x80>)
10003ccc:	0020      	movs	r0, r4
10003cce:	f7fe ffd5 	bl	10002c7c <irq_remove_handler>
10003cd2:	2100      	movs	r1, #0
10003cd4:	0020      	movs	r0, r4
10003cd6:	f7fe fe63 	bl	100029a0 <irq_set_enabled>
10003cda:	e7e4      	b.n	10003ca6 <hardware_alarm_set_callback+0x46>
10003cdc:	d0000128 	.word	0xd0000128
10003ce0:	10003b31 	.word	0x10003b31
10003ce4:	40056038 	.word	0x40056038
10003ce8:	2000149c 	.word	0x2000149c
10003cec:	20001d38 	.word	0x20001d38

10003cf0 <hardware_alarm_set_target>:
10003cf0:	b5f0      	push	{r4, r5, r6, r7, lr}
10003cf2:	46de      	mov	lr, fp
10003cf4:	b500      	push	{lr}
10003cf6:	b084      	sub	sp, #16
10003cf8:	0004      	movs	r4, r0
10003cfa:	0015      	movs	r5, r2
10003cfc:	9201      	str	r2, [sp, #4]
10003cfe:	001e      	movs	r6, r3
10003d00:	9302      	str	r3, [sp, #8]
10003d02:	f7ff ff69 	bl	10003bd8 <time_us_64>
10003d06:	9503      	str	r5, [sp, #12]
10003d08:	428e      	cmp	r6, r1
10003d0a:	d802      	bhi.n	10003d12 <hardware_alarm_set_target+0x22>
10003d0c:	d14e      	bne.n	10003dac <hardware_alarm_set_target+0xbc>
10003d0e:	4285      	cmp	r5, r0
10003d10:	d94c      	bls.n	10003dac <hardware_alarm_set_target+0xbc>
10003d12:	f3ef 8b10 	mrs	fp, PRIMASK
10003d16:	b672      	cpsid	i
10003d18:	4b27      	ldr	r3, [pc, #156]	; (10003db8 <hardware_alarm_set_target+0xc8>)
10003d1a:	681b      	ldr	r3, [r3, #0]
10003d1c:	2b00      	cmp	r3, #0
10003d1e:	d0fb      	beq.n	10003d18 <hardware_alarm_set_target+0x28>
10003d20:	f3bf 8f5f 	dmb	sy
10003d24:	4a25      	ldr	r2, [pc, #148]	; (10003dbc <hardware_alarm_set_target+0xcc>)
10003d26:	7817      	ldrb	r7, [r2, #0]
10003d28:	2501      	movs	r5, #1
10003d2a:	40a5      	lsls	r5, r4
10003d2c:	b2eb      	uxtb	r3, r5
10003d2e:	433b      	orrs	r3, r7
10003d30:	7013      	strb	r3, [r2, #0]
10003d32:	4b23      	ldr	r3, [pc, #140]	; (10003dc0 <hardware_alarm_set_target+0xd0>)
10003d34:	635d      	str	r5, [r3, #52]	; 0x34
10003d36:	1d22      	adds	r2, r4, #4
10003d38:	0092      	lsls	r2, r2, #2
10003d3a:	9901      	ldr	r1, [sp, #4]
10003d3c:	50d1      	str	r1, [r2, r3]
10003d3e:	00a2      	lsls	r2, r4, #2
10003d40:	4920      	ldr	r1, [pc, #128]	; (10003dc4 <hardware_alarm_set_target+0xd4>)
10003d42:	9802      	ldr	r0, [sp, #8]
10003d44:	5050      	str	r0, [r2, r1]
10003d46:	6a1b      	ldr	r3, [r3, #32]
10003d48:	422b      	tst	r3, r5
10003d4a:	d112      	bne.n	10003d72 <hardware_alarm_set_target+0x82>
10003d4c:	4b1c      	ldr	r3, [pc, #112]	; (10003dc0 <hardware_alarm_set_target+0xd0>)
10003d4e:	6c1b      	ldr	r3, [r3, #64]	; 0x40
10003d50:	422b      	tst	r3, r5
10003d52:	d008      	beq.n	10003d66 <hardware_alarm_set_target+0x76>
10003d54:	2000      	movs	r0, #0
10003d56:	f3bf 8f5f 	dmb	sy
10003d5a:	4b17      	ldr	r3, [pc, #92]	; (10003db8 <hardware_alarm_set_target+0xc8>)
10003d5c:	2200      	movs	r2, #0
10003d5e:	601a      	str	r2, [r3, #0]
10003d60:	f38b 8810 	msr	PRIMASK, fp
10003d64:	e023      	b.n	10003dae <hardware_alarm_set_target+0xbe>
10003d66:	4b18      	ldr	r3, [pc, #96]	; (10003dc8 <hardware_alarm_set_target+0xd8>)
10003d68:	4a18      	ldr	r2, [pc, #96]	; (10003dcc <hardware_alarm_set_target+0xdc>)
10003d6a:	21c5      	movs	r1, #197	; 0xc5
10003d6c:	4818      	ldr	r0, [pc, #96]	; (10003dd0 <hardware_alarm_set_target+0xe0>)
10003d6e:	f000 fc99 	bl	100046a4 <__assert_func>
10003d72:	f7ff ff31 	bl	10003bd8 <time_us_64>
10003d76:	428e      	cmp	r6, r1
10003d78:	d814      	bhi.n	10003da4 <hardware_alarm_set_target+0xb4>
10003d7a:	d102      	bne.n	10003d82 <hardware_alarm_set_target+0x92>
10003d7c:	9b03      	ldr	r3, [sp, #12]
10003d7e:	4283      	cmp	r3, r0
10003d80:	d810      	bhi.n	10003da4 <hardware_alarm_set_target+0xb4>
10003d82:	4b0e      	ldr	r3, [pc, #56]	; (10003dbc <hardware_alarm_set_target+0xcc>)
10003d84:	781b      	ldrb	r3, [r3, #0]
10003d86:	42bb      	cmp	r3, r7
10003d88:	d00e      	beq.n	10003da8 <hardware_alarm_set_target+0xb8>
10003d8a:	4b0d      	ldr	r3, [pc, #52]	; (10003dc0 <hardware_alarm_set_target+0xd0>)
10003d8c:	621d      	str	r5, [r3, #32]
10003d8e:	635d      	str	r5, [r3, #52]	; 0x34
10003d90:	201f      	movs	r0, #31
10003d92:	4004      	ands	r4, r0
10003d94:	2301      	movs	r3, #1
10003d96:	40a3      	lsls	r3, r4
10003d98:	4a0e      	ldr	r2, [pc, #56]	; (10003dd4 <hardware_alarm_set_target+0xe4>)
10003d9a:	6013      	str	r3, [r2, #0]
10003d9c:	4b07      	ldr	r3, [pc, #28]	; (10003dbc <hardware_alarm_set_target+0xcc>)
10003d9e:	701f      	strb	r7, [r3, #0]
10003da0:	381e      	subs	r0, #30
10003da2:	e7d8      	b.n	10003d56 <hardware_alarm_set_target+0x66>
10003da4:	2000      	movs	r0, #0
10003da6:	e7d6      	b.n	10003d56 <hardware_alarm_set_target+0x66>
10003da8:	2001      	movs	r0, #1
10003daa:	e7d4      	b.n	10003d56 <hardware_alarm_set_target+0x66>
10003dac:	2001      	movs	r0, #1
10003dae:	b004      	add	sp, #16
10003db0:	bc80      	pop	{r7}
10003db2:	46bb      	mov	fp, r7
10003db4:	bdf0      	pop	{r4, r5, r6, r7, pc}
10003db6:	46c0      	nop			; (mov r8, r8)
10003db8:	d0000128 	.word	0xd0000128
10003dbc:	20001d38 	.word	0x20001d38
10003dc0:	40054000 	.word	0x40054000
10003dc4:	20001cf8 	.word	0x20001cf8
10003dc8:	1000a4bc 	.word	0x1000a4bc
10003dcc:	1000a540 	.word	0x1000a540
10003dd0:	1000a4e0 	.word	0x1000a4e0
10003dd4:	e000e280 	.word	0xe000e280

10003dd8 <hardware_alarm_cancel>:
10003dd8:	f3ef 8c10 	mrs	ip, PRIMASK
10003ddc:	b672      	cpsid	i
10003dde:	4b0b      	ldr	r3, [pc, #44]	; (10003e0c <hardware_alarm_cancel+0x34>)
10003de0:	681b      	ldr	r3, [r3, #0]
10003de2:	2b00      	cmp	r3, #0
10003de4:	d0fb      	beq.n	10003dde <hardware_alarm_cancel+0x6>
10003de6:	f3bf 8f5f 	dmb	sy
10003dea:	2301      	movs	r3, #1
10003dec:	4083      	lsls	r3, r0
10003dee:	4a08      	ldr	r2, [pc, #32]	; (10003e10 <hardware_alarm_cancel+0x38>)
10003df0:	6213      	str	r3, [r2, #32]
10003df2:	4908      	ldr	r1, [pc, #32]	; (10003e14 <hardware_alarm_cancel+0x3c>)
10003df4:	780a      	ldrb	r2, [r1, #0]
10003df6:	439a      	bics	r2, r3
10003df8:	700a      	strb	r2, [r1, #0]
10003dfa:	f3bf 8f5f 	dmb	sy
10003dfe:	4b03      	ldr	r3, [pc, #12]	; (10003e0c <hardware_alarm_cancel+0x34>)
10003e00:	2200      	movs	r2, #0
10003e02:	601a      	str	r2, [r3, #0]
10003e04:	f38c 8810 	msr	PRIMASK, ip
10003e08:	4770      	bx	lr
10003e0a:	46c0      	nop			; (mov r8, r8)
10003e0c:	d0000128 	.word	0xd0000128
10003e10:	40054000 	.word	0x40054000
10003e14:	20001d38 	.word	0x20001d38

10003e18 <ph_add_child_node>:
10003e18:	b510      	push	{r4, lr}
10003e1a:	2900      	cmp	r1, #0
10003e1c:	d01e      	beq.n	10003e5c <ph_add_child_node+0x44>
10003e1e:	7b03      	ldrb	r3, [r0, #12]
10003e20:	4299      	cmp	r1, r3
10003e22:	d81b      	bhi.n	10003e5c <ph_add_child_node+0x44>
10003e24:	004b      	lsls	r3, r1, #1
10003e26:	185b      	adds	r3, r3, r1
10003e28:	3b03      	subs	r3, #3
10003e2a:	6804      	ldr	r4, [r0, #0]
10003e2c:	46a4      	mov	ip, r4
10003e2e:	4463      	add	r3, ip
10003e30:	2900      	cmp	r1, #0
10003e32:	d019      	beq.n	10003e68 <ph_add_child_node+0x50>
10003e34:	2a00      	cmp	r2, #0
10003e36:	d01d      	beq.n	10003e74 <ph_add_child_node+0x5c>
10003e38:	4291      	cmp	r1, r2
10003e3a:	d021      	beq.n	10003e80 <ph_add_child_node+0x68>
10003e3c:	2a00      	cmp	r2, #0
10003e3e:	d025      	beq.n	10003e8c <ph_add_child_node+0x74>
10003e40:	7b04      	ldrb	r4, [r0, #12]
10003e42:	42a2      	cmp	r2, r4
10003e44:	d822      	bhi.n	10003e8c <ph_add_child_node+0x74>
10003e46:	6804      	ldr	r4, [r0, #0]
10003e48:	0050      	lsls	r0, r2, #1
10003e4a:	1880      	adds	r0, r0, r2
10003e4c:	3803      	subs	r0, #3
10003e4e:	1820      	adds	r0, r4, r0
10003e50:	7081      	strb	r1, [r0, #2]
10003e52:	7819      	ldrb	r1, [r3, #0]
10003e54:	2900      	cmp	r1, #0
10003e56:	d11f      	bne.n	10003e98 <ph_add_child_node+0x80>
10003e58:	701a      	strb	r2, [r3, #0]
10003e5a:	bd10      	pop	{r4, pc}
10003e5c:	4b10      	ldr	r3, [pc, #64]	; (10003ea0 <ph_add_child_node+0x88>)
10003e5e:	4a11      	ldr	r2, [pc, #68]	; (10003ea4 <ph_add_child_node+0x8c>)
10003e60:	2168      	movs	r1, #104	; 0x68
10003e62:	4811      	ldr	r0, [pc, #68]	; (10003ea8 <ph_add_child_node+0x90>)
10003e64:	f000 fc1e 	bl	100046a4 <__assert_func>
10003e68:	4b10      	ldr	r3, [pc, #64]	; (10003eac <ph_add_child_node+0x94>)
10003e6a:	4a11      	ldr	r2, [pc, #68]	; (10003eb0 <ph_add_child_node+0x98>)
10003e6c:	316f      	adds	r1, #111	; 0x6f
10003e6e:	480e      	ldr	r0, [pc, #56]	; (10003ea8 <ph_add_child_node+0x90>)
10003e70:	f000 fc18 	bl	100046a4 <__assert_func>
10003e74:	4b0f      	ldr	r3, [pc, #60]	; (10003eb4 <ph_add_child_node+0x9c>)
10003e76:	4a0e      	ldr	r2, [pc, #56]	; (10003eb0 <ph_add_child_node+0x98>)
10003e78:	2170      	movs	r1, #112	; 0x70
10003e7a:	480b      	ldr	r0, [pc, #44]	; (10003ea8 <ph_add_child_node+0x90>)
10003e7c:	f000 fc12 	bl	100046a4 <__assert_func>
10003e80:	4b0d      	ldr	r3, [pc, #52]	; (10003eb8 <ph_add_child_node+0xa0>)
10003e82:	4a0b      	ldr	r2, [pc, #44]	; (10003eb0 <ph_add_child_node+0x98>)
10003e84:	2171      	movs	r1, #113	; 0x71
10003e86:	4808      	ldr	r0, [pc, #32]	; (10003ea8 <ph_add_child_node+0x90>)
10003e88:	f000 fc0c 	bl	100046a4 <__assert_func>
10003e8c:	4b04      	ldr	r3, [pc, #16]	; (10003ea0 <ph_add_child_node+0x88>)
10003e8e:	4a05      	ldr	r2, [pc, #20]	; (10003ea4 <ph_add_child_node+0x8c>)
10003e90:	2168      	movs	r1, #104	; 0x68
10003e92:	4805      	ldr	r0, [pc, #20]	; (10003ea8 <ph_add_child_node+0x90>)
10003e94:	f000 fc06 	bl	100046a4 <__assert_func>
10003e98:	7041      	strb	r1, [r0, #1]
10003e9a:	701a      	strb	r2, [r3, #0]
10003e9c:	e7dd      	b.n	10003e5a <ph_add_child_node+0x42>
10003e9e:	46c0      	nop			; (mov r8, r8)
10003ea0:	1000a1ac 	.word	0x1000a1ac
10003ea4:	1000a67c 	.word	0x1000a67c
10003ea8:	1000a1c8 	.word	0x1000a1c8
10003eac:	1000a230 	.word	0x1000a230
10003eb0:	1000a668 	.word	0x1000a668
10003eb4:	1000a23c 	.word	0x1000a23c
10003eb8:	1000a248 	.word	0x1000a248

10003ebc <ph_merge_nodes>:
10003ebc:	b570      	push	{r4, r5, r6, lr}
10003ebe:	0006      	movs	r6, r0
10003ec0:	000d      	movs	r5, r1
10003ec2:	0014      	movs	r4, r2
10003ec4:	2900      	cmp	r1, #0
10003ec6:	d014      	beq.n	10003ef2 <ph_merge_nodes+0x36>
10003ec8:	2a00      	cmp	r2, #0
10003eca:	d014      	beq.n	10003ef6 <ph_merge_nodes+0x3a>
10003ecc:	6880      	ldr	r0, [r0, #8]
10003ece:	6873      	ldr	r3, [r6, #4]
10003ed0:	4798      	blx	r3
10003ed2:	2800      	cmp	r0, #0
10003ed4:	d006      	beq.n	10003ee4 <ph_merge_nodes+0x28>
10003ed6:	0022      	movs	r2, r4
10003ed8:	0029      	movs	r1, r5
10003eda:	0030      	movs	r0, r6
10003edc:	f7ff ff9c 	bl	10003e18 <ph_add_child_node>
10003ee0:	0028      	movs	r0, r5
10003ee2:	e007      	b.n	10003ef4 <ph_merge_nodes+0x38>
10003ee4:	002a      	movs	r2, r5
10003ee6:	0021      	movs	r1, r4
10003ee8:	0030      	movs	r0, r6
10003eea:	f7ff ff95 	bl	10003e18 <ph_add_child_node>
10003eee:	0020      	movs	r0, r4
10003ef0:	e000      	b.n	10003ef4 <ph_merge_nodes+0x38>
10003ef2:	0010      	movs	r0, r2
10003ef4:	bd70      	pop	{r4, r5, r6, pc}
10003ef6:	0008      	movs	r0, r1
10003ef8:	e7fc      	b.n	10003ef4 <ph_merge_nodes+0x38>
	...

10003efc <ph_clear>:
10003efc:	b510      	push	{r4, lr}
10003efe:	2300      	movs	r3, #0
10003f00:	7343      	strb	r3, [r0, #13]
10003f02:	3301      	adds	r3, #1
10003f04:	7383      	strb	r3, [r0, #14]
10003f06:	7b03      	ldrb	r3, [r0, #12]
10003f08:	73c3      	strb	r3, [r0, #15]
10003f0a:	2301      	movs	r3, #1
10003f0c:	7b02      	ldrb	r2, [r0, #12]
10003f0e:	429a      	cmp	r2, r3
10003f10:	d914      	bls.n	10003f3c <ph_clear+0x40>
10003f12:	2b00      	cmp	r3, #0
10003f14:	d00c      	beq.n	10003f30 <ph_clear+0x34>
10003f16:	7b02      	ldrb	r2, [r0, #12]
10003f18:	4293      	cmp	r3, r2
10003f1a:	d809      	bhi.n	10003f30 <ph_clear+0x34>
10003f1c:	005a      	lsls	r2, r3, #1
10003f1e:	18d2      	adds	r2, r2, r3
10003f20:	3a03      	subs	r2, #3
10003f22:	6801      	ldr	r1, [r0, #0]
10003f24:	468c      	mov	ip, r1
10003f26:	4462      	add	r2, ip
10003f28:	3301      	adds	r3, #1
10003f2a:	b2db      	uxtb	r3, r3
10003f2c:	7053      	strb	r3, [r2, #1]
10003f2e:	e7ed      	b.n	10003f0c <ph_clear+0x10>
10003f30:	4b0b      	ldr	r3, [pc, #44]	; (10003f60 <ph_clear+0x64>)
10003f32:	4a0c      	ldr	r2, [pc, #48]	; (10003f64 <ph_clear+0x68>)
10003f34:	2168      	movs	r1, #104	; 0x68
10003f36:	480c      	ldr	r0, [pc, #48]	; (10003f68 <ph_clear+0x6c>)
10003f38:	f000 fbb4 	bl	100046a4 <__assert_func>
10003f3c:	2a00      	cmp	r2, #0
10003f3e:	d009      	beq.n	10003f54 <ph_clear+0x58>
10003f40:	4292      	cmp	r2, r2
10003f42:	d807      	bhi.n	10003f54 <ph_clear+0x58>
10003f44:	6801      	ldr	r1, [r0, #0]
10003f46:	0053      	lsls	r3, r2, #1
10003f48:	189a      	adds	r2, r3, r2
10003f4a:	3a03      	subs	r2, #3
10003f4c:	188a      	adds	r2, r1, r2
10003f4e:	2300      	movs	r3, #0
10003f50:	7053      	strb	r3, [r2, #1]
10003f52:	bd10      	pop	{r4, pc}
10003f54:	4b02      	ldr	r3, [pc, #8]	; (10003f60 <ph_clear+0x64>)
10003f56:	4a03      	ldr	r2, [pc, #12]	; (10003f64 <ph_clear+0x68>)
10003f58:	2168      	movs	r1, #104	; 0x68
10003f5a:	4803      	ldr	r0, [pc, #12]	; (10003f68 <ph_clear+0x6c>)
10003f5c:	f000 fba2 	bl	100046a4 <__assert_func>
10003f60:	1000a1ac 	.word	0x1000a1ac
10003f64:	1000a67c 	.word	0x1000a67c
10003f68:	1000a1c8 	.word	0x1000a1c8

10003f6c <ph_post_alloc_init>:
10003f6c:	b510      	push	{r4, lr}
10003f6e:	7301      	strb	r1, [r0, #12]
10003f70:	6042      	str	r2, [r0, #4]
10003f72:	6083      	str	r3, [r0, #8]
10003f74:	f7ff ffc2 	bl	10003efc <ph_clear>
10003f78:	bd10      	pop	{r4, pc}
	...

10003f7c <ph_merge_two_pass>:
10003f7c:	b570      	push	{r4, r5, r6, lr}
10003f7e:	0004      	movs	r4, r0
10003f80:	1e08      	subs	r0, r1, #0
10003f82:	d100      	bne.n	10003f86 <ph_merge_two_pass+0xa>
10003f84:	bd70      	pop	{r4, r5, r6, pc}
10003f86:	2900      	cmp	r1, #0
10003f88:	d034      	beq.n	10003ff4 <ph_merge_two_pass+0x78>
10003f8a:	7b23      	ldrb	r3, [r4, #12]
10003f8c:	4299      	cmp	r1, r3
10003f8e:	d831      	bhi.n	10003ff4 <ph_merge_two_pass+0x78>
10003f90:	004b      	lsls	r3, r1, #1
10003f92:	185b      	adds	r3, r3, r1
10003f94:	3b03      	subs	r3, #3
10003f96:	6822      	ldr	r2, [r4, #0]
10003f98:	4694      	mov	ip, r2
10003f9a:	4463      	add	r3, ip
10003f9c:	785a      	ldrb	r2, [r3, #1]
10003f9e:	2a00      	cmp	r2, #0
10003fa0:	d0f0      	beq.n	10003f84 <ph_merge_two_pass+0x8>
10003fa2:	d02d      	beq.n	10004000 <ph_merge_two_pass+0x84>
10003fa4:	7b23      	ldrb	r3, [r4, #12]
10003fa6:	429a      	cmp	r2, r3
10003fa8:	d82a      	bhi.n	10004000 <ph_merge_two_pass+0x84>
10003faa:	0053      	lsls	r3, r2, #1
10003fac:	189b      	adds	r3, r3, r2
10003fae:	3b03      	subs	r3, #3
10003fb0:	6821      	ldr	r1, [r4, #0]
10003fb2:	468c      	mov	ip, r1
10003fb4:	4463      	add	r3, ip
10003fb6:	785d      	ldrb	r5, [r3, #1]
10003fb8:	2100      	movs	r1, #0
10003fba:	7059      	strb	r1, [r3, #1]
10003fbc:	2800      	cmp	r0, #0
10003fbe:	d025      	beq.n	1000400c <ph_merge_two_pass+0x90>
10003fc0:	7b23      	ldrb	r3, [r4, #12]
10003fc2:	4298      	cmp	r0, r3
10003fc4:	d822      	bhi.n	1000400c <ph_merge_two_pass+0x90>
10003fc6:	0043      	lsls	r3, r0, #1
10003fc8:	181b      	adds	r3, r3, r0
10003fca:	3b03      	subs	r3, #3
10003fcc:	6821      	ldr	r1, [r4, #0]
10003fce:	468c      	mov	ip, r1
10003fd0:	4463      	add	r3, ip
10003fd2:	2100      	movs	r1, #0
10003fd4:	7059      	strb	r1, [r3, #1]
10003fd6:	0001      	movs	r1, r0
10003fd8:	0020      	movs	r0, r4
10003fda:	f7ff ff6f 	bl	10003ebc <ph_merge_nodes>
10003fde:	0006      	movs	r6, r0
10003fe0:	0029      	movs	r1, r5
10003fe2:	0020      	movs	r0, r4
10003fe4:	f7ff ffca 	bl	10003f7c <ph_merge_two_pass>
10003fe8:	0002      	movs	r2, r0
10003fea:	0031      	movs	r1, r6
10003fec:	0020      	movs	r0, r4
10003fee:	f7ff ff65 	bl	10003ebc <ph_merge_nodes>
10003ff2:	e7c7      	b.n	10003f84 <ph_merge_two_pass+0x8>
10003ff4:	4b08      	ldr	r3, [pc, #32]	; (10004018 <ph_merge_two_pass+0x9c>)
10003ff6:	4a09      	ldr	r2, [pc, #36]	; (1000401c <ph_merge_two_pass+0xa0>)
10003ff8:	2168      	movs	r1, #104	; 0x68
10003ffa:	4809      	ldr	r0, [pc, #36]	; (10004020 <ph_merge_two_pass+0xa4>)
10003ffc:	f000 fb52 	bl	100046a4 <__assert_func>
10004000:	4b05      	ldr	r3, [pc, #20]	; (10004018 <ph_merge_two_pass+0x9c>)
10004002:	4a06      	ldr	r2, [pc, #24]	; (1000401c <ph_merge_two_pass+0xa0>)
10004004:	2168      	movs	r1, #104	; 0x68
10004006:	4806      	ldr	r0, [pc, #24]	; (10004020 <ph_merge_two_pass+0xa4>)
10004008:	f000 fb4c 	bl	100046a4 <__assert_func>
1000400c:	4b02      	ldr	r3, [pc, #8]	; (10004018 <ph_merge_two_pass+0x9c>)
1000400e:	4a03      	ldr	r2, [pc, #12]	; (1000401c <ph_merge_two_pass+0xa0>)
10004010:	2168      	movs	r1, #104	; 0x68
10004012:	4803      	ldr	r0, [pc, #12]	; (10004020 <ph_merge_two_pass+0xa4>)
10004014:	f000 fb46 	bl	100046a4 <__assert_func>
10004018:	1000a1ac 	.word	0x1000a1ac
1000401c:	1000a67c 	.word	0x1000a67c
10004020:	1000a1c8 	.word	0x1000a1c8

10004024 <ph_remove_any_head>:
10004024:	b570      	push	{r4, r5, r6, lr}
10004026:	0005      	movs	r5, r0
10004028:	000c      	movs	r4, r1
1000402a:	0016      	movs	r6, r2
1000402c:	2900      	cmp	r1, #0
1000402e:	d02f      	beq.n	10004090 <ph_remove_any_head+0x6c>
10004030:	d034      	beq.n	1000409c <ph_remove_any_head+0x78>
10004032:	7b03      	ldrb	r3, [r0, #12]
10004034:	4299      	cmp	r1, r3
10004036:	d831      	bhi.n	1000409c <ph_remove_any_head+0x78>
10004038:	004b      	lsls	r3, r1, #1
1000403a:	185b      	adds	r3, r3, r1
1000403c:	3b03      	subs	r3, #3
1000403e:	6802      	ldr	r2, [r0, #0]
10004040:	4694      	mov	ip, r2
10004042:	4463      	add	r3, ip
10004044:	785a      	ldrb	r2, [r3, #1]
10004046:	2a00      	cmp	r2, #0
10004048:	d12e      	bne.n	100040a8 <ph_remove_any_head+0x84>
1000404a:	789a      	ldrb	r2, [r3, #2]
1000404c:	2a00      	cmp	r2, #0
1000404e:	d131      	bne.n	100040b4 <ph_remove_any_head+0x90>
10004050:	7819      	ldrb	r1, [r3, #0]
10004052:	f7ff ff93 	bl	10003f7c <ph_merge_two_pass>
10004056:	0003      	movs	r3, r0
10004058:	2e00      	cmp	r6, #0
1000405a:	d00a      	beq.n	10004072 <ph_remove_any_head+0x4e>
1000405c:	7bea      	ldrb	r2, [r5, #15]
1000405e:	2a00      	cmp	r2, #0
10004060:	d12e      	bne.n	100040c0 <ph_remove_any_head+0x9c>
10004062:	7baa      	ldrb	r2, [r5, #14]
10004064:	2a00      	cmp	r2, #0
10004066:	d103      	bne.n	10004070 <ph_remove_any_head+0x4c>
10004068:	7bea      	ldrb	r2, [r5, #15]
1000406a:	2a00      	cmp	r2, #0
1000406c:	d13b      	bne.n	100040e6 <ph_remove_any_head+0xc2>
1000406e:	73ac      	strb	r4, [r5, #14]
10004070:	73ec      	strb	r4, [r5, #15]
10004072:	2b00      	cmp	r3, #0
10004074:	d13d      	bne.n	100040f2 <ph_remove_any_head+0xce>
10004076:	2c00      	cmp	r4, #0
10004078:	d04f      	beq.n	1000411a <ph_remove_any_head+0xf6>
1000407a:	7b2b      	ldrb	r3, [r5, #12]
1000407c:	429c      	cmp	r4, r3
1000407e:	d84c      	bhi.n	1000411a <ph_remove_any_head+0xf6>
10004080:	682b      	ldr	r3, [r5, #0]
10004082:	0061      	lsls	r1, r4, #1
10004084:	190c      	adds	r4, r1, r4
10004086:	3c03      	subs	r4, #3
10004088:	191c      	adds	r4, r3, r4
1000408a:	2300      	movs	r3, #0
1000408c:	7063      	strb	r3, [r4, #1]
1000408e:	bd70      	pop	{r4, r5, r6, pc}
10004090:	4b25      	ldr	r3, [pc, #148]	; (10004128 <ph_remove_any_head+0x104>)
10004092:	4a26      	ldr	r2, [pc, #152]	; (1000412c <ph_remove_any_head+0x108>)
10004094:	2138      	movs	r1, #56	; 0x38
10004096:	4826      	ldr	r0, [pc, #152]	; (10004130 <ph_remove_any_head+0x10c>)
10004098:	f000 fb04 	bl	100046a4 <__assert_func>
1000409c:	4b25      	ldr	r3, [pc, #148]	; (10004134 <ph_remove_any_head+0x110>)
1000409e:	4a26      	ldr	r2, [pc, #152]	; (10004138 <ph_remove_any_head+0x114>)
100040a0:	2168      	movs	r1, #104	; 0x68
100040a2:	4826      	ldr	r0, [pc, #152]	; (1000413c <ph_remove_any_head+0x118>)
100040a4:	f000 fafe 	bl	100046a4 <__assert_func>
100040a8:	4b25      	ldr	r3, [pc, #148]	; (10004140 <ph_remove_any_head+0x11c>)
100040aa:	4a20      	ldr	r2, [pc, #128]	; (1000412c <ph_remove_any_head+0x108>)
100040ac:	213a      	movs	r1, #58	; 0x3a
100040ae:	4820      	ldr	r0, [pc, #128]	; (10004130 <ph_remove_any_head+0x10c>)
100040b0:	f000 faf8 	bl	100046a4 <__assert_func>
100040b4:	4b23      	ldr	r3, [pc, #140]	; (10004144 <ph_remove_any_head+0x120>)
100040b6:	4a1d      	ldr	r2, [pc, #116]	; (1000412c <ph_remove_any_head+0x108>)
100040b8:	213b      	movs	r1, #59	; 0x3b
100040ba:	481d      	ldr	r0, [pc, #116]	; (10004130 <ph_remove_any_head+0x10c>)
100040bc:	f000 faf2 	bl	100046a4 <__assert_func>
100040c0:	2a00      	cmp	r2, #0
100040c2:	d00a      	beq.n	100040da <ph_remove_any_head+0xb6>
100040c4:	7b29      	ldrb	r1, [r5, #12]
100040c6:	428a      	cmp	r2, r1
100040c8:	d807      	bhi.n	100040da <ph_remove_any_head+0xb6>
100040ca:	0051      	lsls	r1, r2, #1
100040cc:	188a      	adds	r2, r1, r2
100040ce:	3a03      	subs	r2, #3
100040d0:	6829      	ldr	r1, [r5, #0]
100040d2:	468c      	mov	ip, r1
100040d4:	4462      	add	r2, ip
100040d6:	7054      	strb	r4, [r2, #1]
100040d8:	e7c3      	b.n	10004062 <ph_remove_any_head+0x3e>
100040da:	4b16      	ldr	r3, [pc, #88]	; (10004134 <ph_remove_any_head+0x110>)
100040dc:	4a16      	ldr	r2, [pc, #88]	; (10004138 <ph_remove_any_head+0x114>)
100040de:	2168      	movs	r1, #104	; 0x68
100040e0:	4816      	ldr	r0, [pc, #88]	; (1000413c <ph_remove_any_head+0x118>)
100040e2:	f000 fadf 	bl	100046a4 <__assert_func>
100040e6:	4b18      	ldr	r3, [pc, #96]	; (10004148 <ph_remove_any_head+0x124>)
100040e8:	4a10      	ldr	r2, [pc, #64]	; (1000412c <ph_remove_any_head+0x108>)
100040ea:	2142      	movs	r1, #66	; 0x42
100040ec:	4810      	ldr	r0, [pc, #64]	; (10004130 <ph_remove_any_head+0x10c>)
100040ee:	f000 fad9 	bl	100046a4 <__assert_func>
100040f2:	2b00      	cmp	r3, #0
100040f4:	d00b      	beq.n	1000410e <ph_remove_any_head+0xea>
100040f6:	7b2a      	ldrb	r2, [r5, #12]
100040f8:	4293      	cmp	r3, r2
100040fa:	d808      	bhi.n	1000410e <ph_remove_any_head+0xea>
100040fc:	0043      	lsls	r3, r0, #1
100040fe:	181b      	adds	r3, r3, r0
10004100:	3b03      	subs	r3, #3
10004102:	682a      	ldr	r2, [r5, #0]
10004104:	4694      	mov	ip, r2
10004106:	4463      	add	r3, ip
10004108:	2200      	movs	r2, #0
1000410a:	709a      	strb	r2, [r3, #2]
1000410c:	e7b3      	b.n	10004076 <ph_remove_any_head+0x52>
1000410e:	4b09      	ldr	r3, [pc, #36]	; (10004134 <ph_remove_any_head+0x110>)
10004110:	4a09      	ldr	r2, [pc, #36]	; (10004138 <ph_remove_any_head+0x114>)
10004112:	2168      	movs	r1, #104	; 0x68
10004114:	4809      	ldr	r0, [pc, #36]	; (1000413c <ph_remove_any_head+0x118>)
10004116:	f000 fac5 	bl	100046a4 <__assert_func>
1000411a:	4b06      	ldr	r3, [pc, #24]	; (10004134 <ph_remove_any_head+0x110>)
1000411c:	4a06      	ldr	r2, [pc, #24]	; (10004138 <ph_remove_any_head+0x114>)
1000411e:	2168      	movs	r1, #104	; 0x68
10004120:	4806      	ldr	r0, [pc, #24]	; (1000413c <ph_remove_any_head+0x118>)
10004122:	f000 fabf 	bl	100046a4 <__assert_func>
10004126:	46c0      	nop			; (mov r8, r8)
10004128:	1000a574 	.word	0x1000a574
1000412c:	1000a654 	.word	0x1000a654
10004130:	1000a57c 	.word	0x1000a57c
10004134:	1000a1ac 	.word	0x1000a1ac
10004138:	1000a67c 	.word	0x1000a67c
1000413c:	1000a1c8 	.word	0x1000a1c8
10004140:	1000a5d0 	.word	0x1000a5d0
10004144:	1000a5f8 	.word	0x1000a5f8
10004148:	1000a30c 	.word	0x1000a30c

1000414c <ph_remove_head>:
1000414c:	b570      	push	{r4, r5, r6, lr}
1000414e:	0004      	movs	r4, r0
10004150:	000a      	movs	r2, r1
10004152:	7b45      	ldrb	r5, [r0, #13]
10004154:	0029      	movs	r1, r5
10004156:	f7ff ff65 	bl	10004024 <ph_remove_any_head>
1000415a:	7360      	strb	r0, [r4, #13]
1000415c:	0028      	movs	r0, r5
1000415e:	bd70      	pop	{r4, r5, r6, pc}

10004160 <ph_remove_and_free_node>:
10004160:	b570      	push	{r4, r5, r6, lr}
10004162:	0004      	movs	r4, r0
10004164:	2900      	cmp	r1, #0
10004166:	d067      	beq.n	10004238 <ph_remove_and_free_node+0xd8>
10004168:	7b43      	ldrb	r3, [r0, #13]
1000416a:	428b      	cmp	r3, r1
1000416c:	d00e      	beq.n	1000418c <ph_remove_and_free_node+0x2c>
1000416e:	2900      	cmp	r1, #0
10004170:	d011      	beq.n	10004196 <ph_remove_and_free_node+0x36>
10004172:	7b03      	ldrb	r3, [r0, #12]
10004174:	4299      	cmp	r1, r3
10004176:	d80e      	bhi.n	10004196 <ph_remove_and_free_node+0x36>
10004178:	004b      	lsls	r3, r1, #1
1000417a:	185b      	adds	r3, r3, r1
1000417c:	3b03      	subs	r3, #3
1000417e:	6802      	ldr	r2, [r0, #0]
10004180:	18d0      	adds	r0, r2, r3
10004182:	7883      	ldrb	r3, [r0, #2]
10004184:	2b00      	cmp	r3, #0
10004186:	d10c      	bne.n	100041a2 <ph_remove_and_free_node+0x42>
10004188:	2000      	movs	r0, #0
1000418a:	e056      	b.n	1000423a <ph_remove_and_free_node+0xda>
1000418c:	2101      	movs	r1, #1
1000418e:	f7ff ffdd 	bl	1000414c <ph_remove_head>
10004192:	2001      	movs	r0, #1
10004194:	e051      	b.n	1000423a <ph_remove_and_free_node+0xda>
10004196:	4b29      	ldr	r3, [pc, #164]	; (1000423c <ph_remove_and_free_node+0xdc>)
10004198:	4a29      	ldr	r2, [pc, #164]	; (10004240 <ph_remove_and_free_node+0xe0>)
1000419a:	2168      	movs	r1, #104	; 0x68
1000419c:	4829      	ldr	r0, [pc, #164]	; (10004244 <ph_remove_and_free_node+0xe4>)
1000419e:	f000 fa81 	bl	100046a4 <__assert_func>
100041a2:	2b00      	cmp	r3, #0
100041a4:	d020      	beq.n	100041e8 <ph_remove_and_free_node+0x88>
100041a6:	7b22      	ldrb	r2, [r4, #12]
100041a8:	4293      	cmp	r3, r2
100041aa:	d81d      	bhi.n	100041e8 <ph_remove_and_free_node+0x88>
100041ac:	005a      	lsls	r2, r3, #1
100041ae:	18d3      	adds	r3, r2, r3
100041b0:	3b03      	subs	r3, #3
100041b2:	6822      	ldr	r2, [r4, #0]
100041b4:	18d2      	adds	r2, r2, r3
100041b6:	6825      	ldr	r5, [r4, #0]
100041b8:	5ceb      	ldrb	r3, [r5, r3]
100041ba:	428b      	cmp	r3, r1
100041bc:	d01a      	beq.n	100041f4 <ph_remove_and_free_node+0x94>
100041be:	2b00      	cmp	r3, #0
100041c0:	d01b      	beq.n	100041fa <ph_remove_and_free_node+0x9a>
100041c2:	7b22      	ldrb	r2, [r4, #12]
100041c4:	4293      	cmp	r3, r2
100041c6:	d818      	bhi.n	100041fa <ph_remove_and_free_node+0x9a>
100041c8:	005a      	lsls	r2, r3, #1
100041ca:	18d3      	adds	r3, r2, r3
100041cc:	3b03      	subs	r3, #3
100041ce:	6822      	ldr	r2, [r4, #0]
100041d0:	18d2      	adds	r2, r2, r3
100041d2:	7853      	ldrb	r3, [r2, #1]
100041d4:	428b      	cmp	r3, r1
100041d6:	d016      	beq.n	10004206 <ph_remove_and_free_node+0xa6>
100041d8:	2b00      	cmp	r3, #0
100041da:	d1f0      	bne.n	100041be <ph_remove_and_free_node+0x5e>
100041dc:	4b1a      	ldr	r3, [pc, #104]	; (10004248 <ph_remove_and_free_node+0xe8>)
100041de:	4a1b      	ldr	r2, [pc, #108]	; (1000424c <ph_remove_and_free_node+0xec>)
100041e0:	216b      	movs	r1, #107	; 0x6b
100041e2:	481b      	ldr	r0, [pc, #108]	; (10004250 <ph_remove_and_free_node+0xf0>)
100041e4:	f000 fa5e 	bl	100046a4 <__assert_func>
100041e8:	4b14      	ldr	r3, [pc, #80]	; (1000423c <ph_remove_and_free_node+0xdc>)
100041ea:	4a15      	ldr	r2, [pc, #84]	; (10004240 <ph_remove_and_free_node+0xe0>)
100041ec:	2168      	movs	r1, #104	; 0x68
100041ee:	4815      	ldr	r0, [pc, #84]	; (10004244 <ph_remove_and_free_node+0xe4>)
100041f0:	f000 fa58 	bl	100046a4 <__assert_func>
100041f4:	7843      	ldrb	r3, [r0, #1]
100041f6:	7013      	strb	r3, [r2, #0]
100041f8:	e007      	b.n	1000420a <ph_remove_and_free_node+0xaa>
100041fa:	4b10      	ldr	r3, [pc, #64]	; (1000423c <ph_remove_and_free_node+0xdc>)
100041fc:	4a10      	ldr	r2, [pc, #64]	; (10004240 <ph_remove_and_free_node+0xe0>)
100041fe:	2168      	movs	r1, #104	; 0x68
10004200:	4810      	ldr	r0, [pc, #64]	; (10004244 <ph_remove_and_free_node+0xe4>)
10004202:	f000 fa4f 	bl	100046a4 <__assert_func>
10004206:	7843      	ldrb	r3, [r0, #1]
10004208:	7053      	strb	r3, [r2, #1]
1000420a:	2300      	movs	r3, #0
1000420c:	7083      	strb	r3, [r0, #2]
1000420e:	7043      	strb	r3, [r0, #1]
10004210:	2201      	movs	r2, #1
10004212:	0020      	movs	r0, r4
10004214:	f7ff ff06 	bl	10004024 <ph_remove_any_head>
10004218:	0002      	movs	r2, r0
1000421a:	7b61      	ldrb	r1, [r4, #13]
1000421c:	4281      	cmp	r1, r0
1000421e:	d005      	beq.n	1000422c <ph_remove_and_free_node+0xcc>
10004220:	0020      	movs	r0, r4
10004222:	f7ff fe4b 	bl	10003ebc <ph_merge_nodes>
10004226:	7360      	strb	r0, [r4, #13]
10004228:	2001      	movs	r0, #1
1000422a:	e006      	b.n	1000423a <ph_remove_and_free_node+0xda>
1000422c:	4b09      	ldr	r3, [pc, #36]	; (10004254 <ph_remove_and_free_node+0xf4>)
1000422e:	4a07      	ldr	r2, [pc, #28]	; (1000424c <ph_remove_and_free_node+0xec>)
10004230:	2171      	movs	r1, #113	; 0x71
10004232:	4807      	ldr	r0, [pc, #28]	; (10004250 <ph_remove_and_free_node+0xf0>)
10004234:	f000 fa36 	bl	100046a4 <__assert_func>
10004238:	2000      	movs	r0, #0
1000423a:	bd70      	pop	{r4, r5, r6, pc}
1000423c:	1000a1ac 	.word	0x1000a1ac
10004240:	1000a67c 	.word	0x1000a67c
10004244:	1000a1c8 	.word	0x1000a1c8
10004248:	10009f80 	.word	0x10009f80
1000424c:	1000a63c 	.word	0x1000a63c
10004250:	1000a57c 	.word	0x1000a57c
10004254:	1000a61c 	.word	0x1000a61c

10004258 <clock_configure>:
10004258:	b5f8      	push	{r3, r4, r5, r6, r7, lr}
1000425a:	46de      	mov	lr, fp
1000425c:	4657      	mov	r7, sl
1000425e:	464e      	mov	r6, r9
10004260:	4645      	mov	r5, r8
10004262:	b5e0      	push	{r5, r6, r7, lr}
10004264:	0005      	movs	r5, r0
10004266:	000f      	movs	r7, r1
10004268:	4692      	mov	sl, r2
1000426a:	9a0a      	ldr	r2, [sp, #40]	; 0x28
1000426c:	4293      	cmp	r3, r2
1000426e:	d350      	bcc.n	10004312 <clock_configure+0xba>
10004270:	0e1a      	lsrs	r2, r3, #24
10004272:	4691      	mov	r9, r2
10004274:	021e      	lsls	r6, r3, #8
10004276:	9a0a      	ldr	r2, [sp, #40]	; 0x28
10004278:	2300      	movs	r3, #0
1000427a:	0030      	movs	r0, r6
1000427c:	4649      	mov	r1, r9
1000427e:	f001 fc15 	bl	10005aac <__wrap___aeabi_uldivmod>
10004282:	4680      	mov	r8, r0
10004284:	006c      	lsls	r4, r5, #1
10004286:	1964      	adds	r4, r4, r5
10004288:	00a4      	lsls	r4, r4, #2
1000428a:	4b30      	ldr	r3, [pc, #192]	; (1000434c <clock_configure+0xf4>)
1000428c:	469c      	mov	ip, r3
1000428e:	4464      	add	r4, ip
10004290:	6863      	ldr	r3, [r4, #4]
10004292:	4283      	cmp	r3, r0
10004294:	d200      	bcs.n	10004298 <clock_configure+0x40>
10004296:	6060      	str	r0, [r4, #4]
10004298:	1f2b      	subs	r3, r5, #4
1000429a:	b2db      	uxtb	r3, r3
1000429c:	469b      	mov	fp, r3
1000429e:	2b01      	cmp	r3, #1
100042a0:	d93d      	bls.n	1000431e <clock_configure+0xc6>
100042a2:	23c0      	movs	r3, #192	; 0xc0
100042a4:	019b      	lsls	r3, r3, #6
100042a6:	4323      	orrs	r3, r4
100042a8:	2280      	movs	r2, #128	; 0x80
100042aa:	0112      	lsls	r2, r2, #4
100042ac:	601a      	str	r2, [r3, #0]
100042ae:	00ab      	lsls	r3, r5, #2
100042b0:	4a27      	ldr	r2, [pc, #156]	; (10004350 <clock_configure+0xf8>)
100042b2:	5899      	ldr	r1, [r3, r2]
100042b4:	2900      	cmp	r1, #0
100042b6:	d007      	beq.n	100042c8 <clock_configure+0x70>
100042b8:	6950      	ldr	r0, [r2, #20]
100042ba:	f001 fbb9 	bl	10005a30 <__wrap___aeabi_uidiv>
100042be:	1c43      	adds	r3, r0, #1
100042c0:	0058      	lsls	r0, r3, #1
100042c2:	18c0      	adds	r0, r0, r3
100042c4:	3803      	subs	r0, #3
100042c6:	d2fd      	bcs.n	100042c4 <clock_configure+0x6c>
100042c8:	4653      	mov	r3, sl
100042ca:	015a      	lsls	r2, r3, #5
100042cc:	6823      	ldr	r3, [r4, #0]
100042ce:	405a      	eors	r2, r3
100042d0:	23e0      	movs	r3, #224	; 0xe0
100042d2:	401a      	ands	r2, r3
100042d4:	2380      	movs	r3, #128	; 0x80
100042d6:	015b      	lsls	r3, r3, #5
100042d8:	4323      	orrs	r3, r4
100042da:	601a      	str	r2, [r3, #0]
100042dc:	465a      	mov	r2, fp
100042de:	2a01      	cmp	r2, #1
100042e0:	d928      	bls.n	10004334 <clock_configure+0xdc>
100042e2:	2380      	movs	r3, #128	; 0x80
100042e4:	019b      	lsls	r3, r3, #6
100042e6:	4323      	orrs	r3, r4
100042e8:	2280      	movs	r2, #128	; 0x80
100042ea:	0112      	lsls	r2, r2, #4
100042ec:	601a      	str	r2, [r3, #0]
100042ee:	4643      	mov	r3, r8
100042f0:	6063      	str	r3, [r4, #4]
100042f2:	4642      	mov	r2, r8
100042f4:	2300      	movs	r3, #0
100042f6:	0030      	movs	r0, r6
100042f8:	4649      	mov	r1, r9
100042fa:	f001 fbd7 	bl	10005aac <__wrap___aeabi_uldivmod>
100042fe:	00ad      	lsls	r5, r5, #2
10004300:	4b13      	ldr	r3, [pc, #76]	; (10004350 <clock_configure+0xf8>)
10004302:	5158      	str	r0, [r3, r5]
10004304:	2001      	movs	r0, #1
10004306:	bcf0      	pop	{r4, r5, r6, r7}
10004308:	46bb      	mov	fp, r7
1000430a:	46b2      	mov	sl, r6
1000430c:	46a9      	mov	r9, r5
1000430e:	46a0      	mov	r8, r4
10004310:	bdf8      	pop	{r3, r4, r5, r6, r7, pc}
10004312:	4b10      	ldr	r3, [pc, #64]	; (10004354 <clock_configure+0xfc>)
10004314:	4a10      	ldr	r2, [pc, #64]	; (10004358 <clock_configure+0x100>)
10004316:	2133      	movs	r1, #51	; 0x33
10004318:	4810      	ldr	r0, [pc, #64]	; (1000435c <clock_configure+0x104>)
1000431a:	f000 f9c3 	bl	100046a4 <__assert_func>
1000431e:	2f01      	cmp	r7, #1
10004320:	d1bf      	bne.n	100042a2 <clock_configure+0x4a>
10004322:	23c0      	movs	r3, #192	; 0xc0
10004324:	019b      	lsls	r3, r3, #6
10004326:	4323      	orrs	r3, r4
10004328:	2203      	movs	r2, #3
1000432a:	601a      	str	r2, [r3, #0]
1000432c:	68a3      	ldr	r3, [r4, #8]
1000432e:	07db      	lsls	r3, r3, #31
10004330:	d5fc      	bpl.n	1000432c <clock_configure+0xd4>
10004332:	e7c9      	b.n	100042c8 <clock_configure+0x70>
10004334:	6821      	ldr	r1, [r4, #0]
10004336:	4079      	eors	r1, r7
10004338:	2203      	movs	r2, #3
1000433a:	400a      	ands	r2, r1
1000433c:	601a      	str	r2, [r3, #0]
1000433e:	68a2      	ldr	r2, [r4, #8]
10004340:	2301      	movs	r3, #1
10004342:	40bb      	lsls	r3, r7
10004344:	4213      	tst	r3, r2
10004346:	d0fa      	beq.n	1000433e <clock_configure+0xe6>
10004348:	e7cb      	b.n	100042e2 <clock_configure+0x8a>
1000434a:	46c0      	nop			; (mov r8, r8)
1000434c:	40008000 	.word	0x40008000
10004350:	200015d4 	.word	0x200015d4
10004354:	1000a688 	.word	0x1000a688
10004358:	1000a6fc 	.word	0x1000a6fc
1000435c:	1000a69c 	.word	0x1000a69c

10004360 <clocks_init>:
10004360:	b530      	push	{r4, r5, lr}
10004362:	b083      	sub	sp, #12
10004364:	200c      	movs	r0, #12
10004366:	f000 f911 	bl	1000458c <watchdog_start_tick>
1000436a:	f7fe fa15 	bl	10002798 <running_on_fpga>
1000436e:	2800      	cmp	r0, #0
10004370:	d00d      	beq.n	1000438e <clocks_init+0x2e>
10004372:	2300      	movs	r3, #0
10004374:	e004      	b.n	10004380 <clocks_init+0x20>
10004376:	0099      	lsls	r1, r3, #2
10004378:	4a2d      	ldr	r2, [pc, #180]	; (10004430 <clocks_init+0xd0>)
1000437a:	482e      	ldr	r0, [pc, #184]	; (10004434 <clocks_init+0xd4>)
1000437c:	5088      	str	r0, [r1, r2]
1000437e:	3301      	adds	r3, #1
10004380:	2b09      	cmp	r3, #9
10004382:	d9f8      	bls.n	10004376 <clocks_init+0x16>
10004384:	4b2a      	ldr	r3, [pc, #168]	; (10004430 <clocks_init+0xd0>)
10004386:	4a2c      	ldr	r2, [pc, #176]	; (10004438 <clocks_init+0xd8>)
10004388:	625a      	str	r2, [r3, #36]	; 0x24
1000438a:	b003      	add	sp, #12
1000438c:	bd30      	pop	{r4, r5, pc}
1000438e:	4b2b      	ldr	r3, [pc, #172]	; (1000443c <clocks_init+0xdc>)
10004390:	2200      	movs	r2, #0
10004392:	679a      	str	r2, [r3, #120]	; 0x78
10004394:	f000 f96c 	bl	10004670 <xosc_init>
10004398:	4b29      	ldr	r3, [pc, #164]	; (10004440 <clocks_init+0xe0>)
1000439a:	2201      	movs	r2, #1
1000439c:	601a      	str	r2, [r3, #0]
1000439e:	4b27      	ldr	r3, [pc, #156]	; (1000443c <clocks_init+0xdc>)
100043a0:	6c5b      	ldr	r3, [r3, #68]	; 0x44
100043a2:	2b01      	cmp	r3, #1
100043a4:	d1fb      	bne.n	1000439e <clocks_init+0x3e>
100043a6:	4b27      	ldr	r3, [pc, #156]	; (10004444 <clocks_init+0xe4>)
100043a8:	2203      	movs	r2, #3
100043aa:	601a      	str	r2, [r3, #0]
100043ac:	4b23      	ldr	r3, [pc, #140]	; (1000443c <clocks_init+0xdc>)
100043ae:	6b9b      	ldr	r3, [r3, #56]	; 0x38
100043b0:	2b01      	cmp	r3, #1
100043b2:	d1fb      	bne.n	100043ac <clocks_init+0x4c>
100043b4:	3301      	adds	r3, #1
100043b6:	9300      	str	r3, [sp, #0]
100043b8:	3304      	adds	r3, #4
100043ba:	4a23      	ldr	r2, [pc, #140]	; (10004448 <clocks_init+0xe8>)
100043bc:	2101      	movs	r1, #1
100043be:	4823      	ldr	r0, [pc, #140]	; (1000444c <clocks_init+0xec>)
100043c0:	f000 f854 	bl	1000446c <pll_init>
100043c4:	2305      	movs	r3, #5
100043c6:	9300      	str	r3, [sp, #0]
100043c8:	4a21      	ldr	r2, [pc, #132]	; (10004450 <clocks_init+0xf0>)
100043ca:	2101      	movs	r1, #1
100043cc:	4821      	ldr	r0, [pc, #132]	; (10004454 <clocks_init+0xf4>)
100043ce:	f000 f84d 	bl	1000446c <pll_init>
100043d2:	4b21      	ldr	r3, [pc, #132]	; (10004458 <clocks_init+0xf8>)
100043d4:	9300      	str	r3, [sp, #0]
100043d6:	2200      	movs	r2, #0
100043d8:	2102      	movs	r1, #2
100043da:	2004      	movs	r0, #4
100043dc:	f7ff ff3c 	bl	10004258 <clock_configure>
100043e0:	4d1e      	ldr	r5, [pc, #120]	; (1000445c <clocks_init+0xfc>)
100043e2:	9500      	str	r5, [sp, #0]
100043e4:	002b      	movs	r3, r5
100043e6:	2200      	movs	r2, #0
100043e8:	2101      	movs	r1, #1
100043ea:	2005      	movs	r0, #5
100043ec:	f7ff ff34 	bl	10004258 <clock_configure>
100043f0:	4c10      	ldr	r4, [pc, #64]	; (10004434 <clocks_init+0xd4>)
100043f2:	9400      	str	r4, [sp, #0]
100043f4:	0023      	movs	r3, r4
100043f6:	2200      	movs	r2, #0
100043f8:	2100      	movs	r1, #0
100043fa:	2007      	movs	r0, #7
100043fc:	f7ff ff2c 	bl	10004258 <clock_configure>
10004400:	9400      	str	r4, [sp, #0]
10004402:	0023      	movs	r3, r4
10004404:	2200      	movs	r2, #0
10004406:	2100      	movs	r1, #0
10004408:	2008      	movs	r0, #8
1000440a:	f7ff ff25 	bl	10004258 <clock_configure>
1000440e:	4b0a      	ldr	r3, [pc, #40]	; (10004438 <clocks_init+0xd8>)
10004410:	9300      	str	r3, [sp, #0]
10004412:	0023      	movs	r3, r4
10004414:	2200      	movs	r2, #0
10004416:	2100      	movs	r1, #0
10004418:	2009      	movs	r0, #9
1000441a:	f7ff ff1d 	bl	10004258 <clock_configure>
1000441e:	9500      	str	r5, [sp, #0]
10004420:	002b      	movs	r3, r5
10004422:	2200      	movs	r2, #0
10004424:	2100      	movs	r1, #0
10004426:	2006      	movs	r0, #6
10004428:	f7ff ff16 	bl	10004258 <clock_configure>
1000442c:	e7ad      	b.n	1000438a <clocks_init+0x2a>
1000442e:	46c0      	nop			; (mov r8, r8)
10004430:	200015d4 	.word	0x200015d4
10004434:	02dc6c00 	.word	0x02dc6c00
10004438:	0000b71b 	.word	0x0000b71b
1000443c:	40008000 	.word	0x40008000
10004440:	4000b03c 	.word	0x4000b03c
10004444:	4000b030 	.word	0x4000b030
10004448:	59682f00 	.word	0x59682f00
1000444c:	40028000 	.word	0x40028000
10004450:	47868c00 	.word	0x47868c00
10004454:	4002c000 	.word	0x4002c000
10004458:	00b71b00 	.word	0x00b71b00
1000445c:	07735940 	.word	0x07735940

10004460 <clock_get_hz>:
10004460:	0080      	lsls	r0, r0, #2
10004462:	4b01      	ldr	r3, [pc, #4]	; (10004468 <clock_get_hz+0x8>)
10004464:	58c0      	ldr	r0, [r0, r3]
10004466:	4770      	bx	lr
10004468:	200015d4 	.word	0x200015d4

1000446c <pll_init>:
1000446c:	b5f0      	push	{r4, r5, r6, r7, lr}
1000446e:	46c6      	mov	lr, r8
10004470:	b500      	push	{lr}
10004472:	0004      	movs	r4, r0
10004474:	000e      	movs	r6, r1
10004476:	0017      	movs	r7, r2
10004478:	001d      	movs	r5, r3
1000447a:	4837      	ldr	r0, [pc, #220]	; (10004558 <pll_init+0xec>)
1000447c:	f001 fad8 	bl	10005a30 <__wrap___aeabi_uidiv>
10004480:	4680      	mov	r8, r0
10004482:	4b36      	ldr	r3, [pc, #216]	; (1000455c <pll_init+0xf0>)
10004484:	18fa      	adds	r2, r7, r3
10004486:	4b36      	ldr	r3, [pc, #216]	; (10004560 <pll_init+0xf4>)
10004488:	429a      	cmp	r2, r3
1000448a:	d839      	bhi.n	10004500 <pll_init+0x94>
1000448c:	0001      	movs	r1, r0
1000448e:	0038      	movs	r0, r7
10004490:	f001 face 	bl	10005a30 <__wrap___aeabi_uidiv>
10004494:	0002      	movs	r2, r0
10004496:	3a10      	subs	r2, #16
10004498:	2398      	movs	r3, #152	; 0x98
1000449a:	005b      	lsls	r3, r3, #1
1000449c:	429a      	cmp	r2, r3
1000449e:	d835      	bhi.n	1000450c <pll_init+0xa0>
100044a0:	1e6b      	subs	r3, r5, #1
100044a2:	2b06      	cmp	r3, #6
100044a4:	d838      	bhi.n	10004518 <pll_init+0xac>
100044a6:	9b06      	ldr	r3, [sp, #24]
100044a8:	3b01      	subs	r3, #1
100044aa:	2b06      	cmp	r3, #6
100044ac:	d834      	bhi.n	10004518 <pll_init+0xac>
100044ae:	093f      	lsrs	r7, r7, #4
100044b0:	4547      	cmp	r7, r8
100044b2:	d337      	bcc.n	10004524 <pll_init+0xb8>
100044b4:	042d      	lsls	r5, r5, #16
100044b6:	9b06      	ldr	r3, [sp, #24]
100044b8:	031a      	lsls	r2, r3, #12
100044ba:	4315      	orrs	r5, r2
100044bc:	6823      	ldr	r3, [r4, #0]
100044be:	2b00      	cmp	r3, #0
100044c0:	db36      	blt.n	10004530 <pll_init+0xc4>
100044c2:	4b28      	ldr	r3, [pc, #160]	; (10004564 <pll_init+0xf8>)
100044c4:	429c      	cmp	r4, r3
100044c6:	d044      	beq.n	10004552 <pll_init+0xe6>
100044c8:	2280      	movs	r2, #128	; 0x80
100044ca:	0152      	lsls	r2, r2, #5
100044cc:	4b26      	ldr	r3, [pc, #152]	; (10004568 <pll_init+0xfc>)
100044ce:	601a      	str	r2, [r3, #0]
100044d0:	4b26      	ldr	r3, [pc, #152]	; (1000456c <pll_init+0x100>)
100044d2:	601a      	str	r2, [r3, #0]
100044d4:	4b26      	ldr	r3, [pc, #152]	; (10004570 <pll_init+0x104>)
100044d6:	689b      	ldr	r3, [r3, #8]
100044d8:	0011      	movs	r1, r2
100044da:	4399      	bics	r1, r3
100044dc:	d1fa      	bne.n	100044d4 <pll_init+0x68>
100044de:	6026      	str	r6, [r4, #0]
100044e0:	60a0      	str	r0, [r4, #8]
100044e2:	1d23      	adds	r3, r4, #4
100044e4:	22c0      	movs	r2, #192	; 0xc0
100044e6:	0192      	lsls	r2, r2, #6
100044e8:	431a      	orrs	r2, r3
100044ea:	2321      	movs	r3, #33	; 0x21
100044ec:	6013      	str	r3, [r2, #0]
100044ee:	6823      	ldr	r3, [r4, #0]
100044f0:	2b00      	cmp	r3, #0
100044f2:	dafc      	bge.n	100044ee <pll_init+0x82>
100044f4:	60e5      	str	r5, [r4, #12]
100044f6:	2308      	movs	r3, #8
100044f8:	6013      	str	r3, [r2, #0]
100044fa:	bc80      	pop	{r7}
100044fc:	46b8      	mov	r8, r7
100044fe:	bdf0      	pop	{r4, r5, r6, r7, pc}
10004500:	4b1c      	ldr	r3, [pc, #112]	; (10004574 <pll_init+0x108>)
10004502:	4a1d      	ldr	r2, [pc, #116]	; (10004578 <pll_init+0x10c>)
10004504:	2111      	movs	r1, #17
10004506:	481d      	ldr	r0, [pc, #116]	; (1000457c <pll_init+0x110>)
10004508:	f000 f8cc 	bl	100046a4 <__assert_func>
1000450c:	4b1c      	ldr	r3, [pc, #112]	; (10004580 <pll_init+0x114>)
1000450e:	4a1a      	ldr	r2, [pc, #104]	; (10004578 <pll_init+0x10c>)
10004510:	2119      	movs	r1, #25
10004512:	481a      	ldr	r0, [pc, #104]	; (1000457c <pll_init+0x110>)
10004514:	f000 f8c6 	bl	100046a4 <__assert_func>
10004518:	4b1a      	ldr	r3, [pc, #104]	; (10004584 <pll_init+0x118>)
1000451a:	4a17      	ldr	r2, [pc, #92]	; (10004578 <pll_init+0x10c>)
1000451c:	211c      	movs	r1, #28
1000451e:	4817      	ldr	r0, [pc, #92]	; (1000457c <pll_init+0x110>)
10004520:	f000 f8c0 	bl	100046a4 <__assert_func>
10004524:	4b18      	ldr	r3, [pc, #96]	; (10004588 <pll_init+0x11c>)
10004526:	4a14      	ldr	r2, [pc, #80]	; (10004578 <pll_init+0x10c>)
10004528:	2123      	movs	r1, #35	; 0x23
1000452a:	4814      	ldr	r0, [pc, #80]	; (1000457c <pll_init+0x110>)
1000452c:	f000 f8ba 	bl	100046a4 <__assert_func>
10004530:	6822      	ldr	r2, [r4, #0]
10004532:	233f      	movs	r3, #63	; 0x3f
10004534:	4013      	ands	r3, r2
10004536:	42b3      	cmp	r3, r6
10004538:	d1c3      	bne.n	100044c2 <pll_init+0x56>
1000453a:	68a3      	ldr	r3, [r4, #8]
1000453c:	051b      	lsls	r3, r3, #20
1000453e:	0d1b      	lsrs	r3, r3, #20
10004540:	4283      	cmp	r3, r0
10004542:	d1be      	bne.n	100044c2 <pll_init+0x56>
10004544:	68e3      	ldr	r3, [r4, #12]
10004546:	22ee      	movs	r2, #238	; 0xee
10004548:	02d2      	lsls	r2, r2, #11
1000454a:	4013      	ands	r3, r2
1000454c:	42ab      	cmp	r3, r5
1000454e:	d1b8      	bne.n	100044c2 <pll_init+0x56>
10004550:	e7d3      	b.n	100044fa <pll_init+0x8e>
10004552:	2280      	movs	r2, #128	; 0x80
10004554:	0192      	lsls	r2, r2, #6
10004556:	e7b9      	b.n	100044cc <pll_init+0x60>
10004558:	00b71b00 	.word	0x00b71b00
1000455c:	d34be880 	.word	0xd34be880
10004560:	32a9f880 	.word	0x32a9f880
10004564:	4002c000 	.word	0x4002c000
10004568:	4000e000 	.word	0x4000e000
1000456c:	4000f000 	.word	0x4000f000
10004570:	4000c000 	.word	0x4000c000
10004574:	1000a70c 	.word	0x1000a70c
10004578:	1000a84c 	.word	0x1000a84c
1000457c:	1000a76c 	.word	0x1000a76c
10004580:	1000a7c8 	.word	0x1000a7c8
10004584:	1000a7e4 	.word	0x1000a7e4
10004588:	1000a830 	.word	0x1000a830

1000458c <watchdog_start_tick>:
1000458c:	2380      	movs	r3, #128	; 0x80
1000458e:	009b      	lsls	r3, r3, #2
10004590:	4303      	orrs	r3, r0
10004592:	4a01      	ldr	r2, [pc, #4]	; (10004598 <watchdog_start_tick+0xc>)
10004594:	62d3      	str	r3, [r2, #44]	; 0x2c
10004596:	4770      	bx	lr
10004598:	40058000 	.word	0x40058000

1000459c <watchdog_update>:
1000459c:	4b02      	ldr	r3, [pc, #8]	; (100045a8 <watchdog_update+0xc>)
1000459e:	681a      	ldr	r2, [r3, #0]
100045a0:	4b02      	ldr	r3, [pc, #8]	; (100045ac <watchdog_update+0x10>)
100045a2:	605a      	str	r2, [r3, #4]
100045a4:	4770      	bx	lr
100045a6:	46c0      	nop			; (mov r8, r8)
100045a8:	20001a70 	.word	0x20001a70
100045ac:	40058000 	.word	0x40058000

100045b0 <_watchdog_enable>:
100045b0:	b510      	push	{r4, lr}
100045b2:	0002      	movs	r2, r0
100045b4:	4b16      	ldr	r3, [pc, #88]	; (10004610 <_watchdog_enable+0x60>)
100045b6:	2080      	movs	r0, #128	; 0x80
100045b8:	05c0      	lsls	r0, r0, #23
100045ba:	6018      	str	r0, [r3, #0]
100045bc:	4b15      	ldr	r3, [pc, #84]	; (10004614 <_watchdog_enable+0x64>)
100045be:	4816      	ldr	r0, [pc, #88]	; (10004618 <_watchdog_enable+0x68>)
100045c0:	6018      	str	r0, [r3, #0]
100045c2:	2900      	cmp	r1, #0
100045c4:	d00a      	beq.n	100045dc <_watchdog_enable+0x2c>
100045c6:	4b15      	ldr	r3, [pc, #84]	; (1000461c <_watchdog_enable+0x6c>)
100045c8:	21e0      	movs	r1, #224	; 0xe0
100045ca:	04c9      	lsls	r1, r1, #19
100045cc:	6019      	str	r1, [r3, #0]
100045ce:	2a00      	cmp	r2, #0
100045d0:	d109      	bne.n	100045e6 <_watchdog_enable+0x36>
100045d2:	4b12      	ldr	r3, [pc, #72]	; (1000461c <_watchdog_enable+0x6c>)
100045d4:	2280      	movs	r2, #128	; 0x80
100045d6:	0612      	lsls	r2, r2, #24
100045d8:	601a      	str	r2, [r3, #0]
100045da:	bd10      	pop	{r4, pc}
100045dc:	4b0c      	ldr	r3, [pc, #48]	; (10004610 <_watchdog_enable+0x60>)
100045de:	21e0      	movs	r1, #224	; 0xe0
100045e0:	04c9      	lsls	r1, r1, #19
100045e2:	6019      	str	r1, [r3, #0]
100045e4:	e7f3      	b.n	100045ce <_watchdog_enable+0x1e>
100045e6:	0153      	lsls	r3, r2, #5
100045e8:	1a9b      	subs	r3, r3, r2
100045ea:	0098      	lsls	r0, r3, #2
100045ec:	1880      	adds	r0, r0, r2
100045ee:	0100      	lsls	r0, r0, #4
100045f0:	4b0b      	ldr	r3, [pc, #44]	; (10004620 <_watchdog_enable+0x70>)
100045f2:	6018      	str	r0, [r3, #0]
100045f4:	2380      	movs	r3, #128	; 0x80
100045f6:	045b      	lsls	r3, r3, #17
100045f8:	4298      	cmp	r0, r3
100045fa:	d302      	bcc.n	10004602 <_watchdog_enable+0x52>
100045fc:	4b08      	ldr	r3, [pc, #32]	; (10004620 <_watchdog_enable+0x70>)
100045fe:	4a09      	ldr	r2, [pc, #36]	; (10004624 <_watchdog_enable+0x74>)
10004600:	601a      	str	r2, [r3, #0]
10004602:	f7ff ffcb 	bl	1000459c <watchdog_update>
10004606:	4b05      	ldr	r3, [pc, #20]	; (1000461c <_watchdog_enable+0x6c>)
10004608:	2280      	movs	r2, #128	; 0x80
1000460a:	05d2      	lsls	r2, r2, #23
1000460c:	601a      	str	r2, [r3, #0]
1000460e:	e7e4      	b.n	100045da <_watchdog_enable+0x2a>
10004610:	4005b000 	.word	0x4005b000
10004614:	40012008 	.word	0x40012008
10004618:	0001fffc 	.word	0x0001fffc
1000461c:	4005a000 	.word	0x4005a000
10004620:	20001a70 	.word	0x20001a70
10004624:	00ffffff 	.word	0x00ffffff

10004628 <watchdog_reboot>:
10004628:	b510      	push	{r4, lr}
1000462a:	0003      	movs	r3, r0
1000462c:	0010      	movs	r0, r2
1000462e:	4a0c      	ldr	r2, [pc, #48]	; (10004660 <watchdog_reboot+0x38>)
10004630:	2480      	movs	r4, #128	; 0x80
10004632:	05e4      	lsls	r4, r4, #23
10004634:	6014      	str	r4, [r2, #0]
10004636:	2b00      	cmp	r3, #0
10004638:	d00d      	beq.n	10004656 <watchdog_reboot+0x2e>
1000463a:	2201      	movs	r2, #1
1000463c:	4313      	orrs	r3, r2
1000463e:	4a09      	ldr	r2, [pc, #36]	; (10004664 <watchdog_reboot+0x3c>)
10004640:	4c09      	ldr	r4, [pc, #36]	; (10004668 <watchdog_reboot+0x40>)
10004642:	61d4      	str	r4, [r2, #28]
10004644:	4c09      	ldr	r4, [pc, #36]	; (1000466c <watchdog_reboot+0x44>)
10004646:	405c      	eors	r4, r3
10004648:	6214      	str	r4, [r2, #32]
1000464a:	6251      	str	r1, [r2, #36]	; 0x24
1000464c:	6293      	str	r3, [r2, #40]	; 0x28
1000464e:	2100      	movs	r1, #0
10004650:	f7ff ffae 	bl	100045b0 <_watchdog_enable>
10004654:	bd10      	pop	{r4, pc}
10004656:	4b03      	ldr	r3, [pc, #12]	; (10004664 <watchdog_reboot+0x3c>)
10004658:	2200      	movs	r2, #0
1000465a:	61da      	str	r2, [r3, #28]
1000465c:	e7f7      	b.n	1000464e <watchdog_reboot+0x26>
1000465e:	46c0      	nop			; (mov r8, r8)
10004660:	4005b000 	.word	0x4005b000
10004664:	40058000 	.word	0x40058000
10004668:	b007c0d3 	.word	0xb007c0d3
1000466c:	4ff83f2d 	.word	0x4ff83f2d

10004670 <xosc_init>:
10004670:	4b06      	ldr	r3, [pc, #24]	; (1000468c <xosc_init+0x1c>)
10004672:	22aa      	movs	r2, #170	; 0xaa
10004674:	0112      	lsls	r2, r2, #4
10004676:	601a      	str	r2, [r3, #0]
10004678:	222f      	movs	r2, #47	; 0x2f
1000467a:	60da      	str	r2, [r3, #12]
1000467c:	4b04      	ldr	r3, [pc, #16]	; (10004690 <xosc_init+0x20>)
1000467e:	4a05      	ldr	r2, [pc, #20]	; (10004694 <xosc_init+0x24>)
10004680:	601a      	str	r2, [r3, #0]
10004682:	4b02      	ldr	r3, [pc, #8]	; (1000468c <xosc_init+0x1c>)
10004684:	685b      	ldr	r3, [r3, #4]
10004686:	2b00      	cmp	r3, #0
10004688:	dafb      	bge.n	10004682 <xosc_init+0x12>
1000468a:	4770      	bx	lr
1000468c:	40024000 	.word	0x40024000
10004690:	40026000 	.word	0x40026000
10004694:	00fab000 	.word	0x00fab000

10004698 <_exit>:
10004698:	be00      	bkpt	0x0000
1000469a:	e7fd      	b.n	10004698 <_exit>

1000469c <exit>:
1000469c:	b510      	push	{r4, lr}
1000469e:	f7ff fffb 	bl	10004698 <_exit>
	...

100046a4 <__assert_func>:
100046a4:	b510      	push	{r4, lr}
100046a6:	b082      	sub	sp, #8
100046a8:	000c      	movs	r4, r1
100046aa:	0019      	movs	r1, r3
100046ac:	2a00      	cmp	r2, #0
100046ae:	d00c      	beq.n	100046ca <__assert_func+0x26>
100046b0:	4b08      	ldr	r3, [pc, #32]	; (100046d4 <__assert_func+0x30>)
100046b2:	2a00      	cmp	r2, #0
100046b4:	d00b      	beq.n	100046ce <__assert_func+0x2a>
100046b6:	9201      	str	r2, [sp, #4]
100046b8:	9300      	str	r3, [sp, #0]
100046ba:	0023      	movs	r3, r4
100046bc:	0002      	movs	r2, r0
100046be:	4806      	ldr	r0, [pc, #24]	; (100046d8 <__assert_func+0x34>)
100046c0:	f001 ff24 	bl	1000650c <__wrap_printf>
100046c4:	2001      	movs	r0, #1
100046c6:	f7ff ffe7 	bl	10004698 <_exit>
100046ca:	4b04      	ldr	r3, [pc, #16]	; (100046dc <__assert_func+0x38>)
100046cc:	e7f1      	b.n	100046b2 <__assert_func+0xe>
100046ce:	4a03      	ldr	r2, [pc, #12]	; (100046dc <__assert_func+0x38>)
100046d0:	e7f1      	b.n	100046b6 <__assert_func+0x12>
100046d2:	46c0      	nop			; (mov r8, r8)
100046d4:	1000a858 	.word	0x1000a858
100046d8:	1000a868 	.word	0x1000a868
100046dc:	100090e0 	.word	0x100090e0

100046e0 <runtime_init>:
100046e0:	b570      	push	{r4, r5, r6, lr}
100046e2:	4b2b      	ldr	r3, [pc, #172]	; (10004790 <runtime_init+0xb0>)
100046e4:	4a2b      	ldr	r2, [pc, #172]	; (10004794 <runtime_init+0xb4>)
100046e6:	601a      	str	r2, [r3, #0]
100046e8:	4b2b      	ldr	r3, [pc, #172]	; (10004798 <runtime_init+0xb8>)
100046ea:	4a2c      	ldr	r2, [pc, #176]	; (1000479c <runtime_init+0xbc>)
100046ec:	601a      	str	r2, [r3, #0]
100046ee:	4b2c      	ldr	r3, [pc, #176]	; (100047a0 <runtime_init+0xc0>)
100046f0:	689a      	ldr	r2, [r3, #8]
100046f2:	4b2a      	ldr	r3, [pc, #168]	; (1000479c <runtime_init+0xbc>)
100046f4:	4393      	bics	r3, r2
100046f6:	d1fa      	bne.n	100046ee <runtime_init+0xe>
100046f8:	4c2a      	ldr	r4, [pc, #168]	; (100047a4 <runtime_init+0xc4>)
100046fa:	e001      	b.n	10004700 <runtime_init+0x20>
100046fc:	cc08      	ldmia	r4!, {r3}
100046fe:	4798      	blx	r3
10004700:	4b29      	ldr	r3, [pc, #164]	; (100047a8 <runtime_init+0xc8>)
10004702:	429c      	cmp	r4, r3
10004704:	d3fa      	bcc.n	100046fc <runtime_init+0x1c>
10004706:	f7ff fe2b 	bl	10004360 <clocks_init>
1000470a:	4b23      	ldr	r3, [pc, #140]	; (10004798 <runtime_init+0xb8>)
1000470c:	4a27      	ldr	r2, [pc, #156]	; (100047ac <runtime_init+0xcc>)
1000470e:	601a      	str	r2, [r3, #0]
10004710:	4b23      	ldr	r3, [pc, #140]	; (100047a0 <runtime_init+0xc0>)
10004712:	689b      	ldr	r3, [r3, #8]
10004714:	43db      	mvns	r3, r3
10004716:	01db      	lsls	r3, r3, #7
10004718:	d1fa      	bne.n	10004710 <runtime_init+0x30>
1000471a:	4b25      	ldr	r3, [pc, #148]	; (100047b0 <runtime_init+0xd0>)
1000471c:	2240      	movs	r2, #64	; 0x40
1000471e:	679a      	str	r2, [r3, #120]	; 0x78
10004720:	675a      	str	r2, [r3, #116]	; 0x74
10004722:	671a      	str	r2, [r3, #112]	; 0x70
10004724:	66da      	str	r2, [r3, #108]	; 0x6c
10004726:	4c23      	ldr	r4, [pc, #140]	; (100047b4 <runtime_init+0xd4>)
10004728:	e009      	b.n	1000473e <runtime_init+0x5e>
1000472a:	4b23      	ldr	r3, [pc, #140]	; (100047b8 <runtime_init+0xd8>)
1000472c:	4a23      	ldr	r2, [pc, #140]	; (100047bc <runtime_init+0xdc>)
1000472e:	2187      	movs	r1, #135	; 0x87
10004730:	4823      	ldr	r0, [pc, #140]	; (100047c0 <runtime_init+0xe0>)
10004732:	f7ff ffb7 	bl	100046a4 <__assert_func>
10004736:	0020      	movs	r0, r4
10004738:	f7fe fc18 	bl	10002f6c <mutex_init>
1000473c:	3408      	adds	r4, #8
1000473e:	4b21      	ldr	r3, [pc, #132]	; (100047c4 <runtime_init+0xe4>)
10004740:	429c      	cmp	r4, r3
10004742:	d209      	bcs.n	10004758 <runtime_init+0x78>
10004744:	6823      	ldr	r3, [r4, #0]
10004746:	2b00      	cmp	r3, #0
10004748:	d0f5      	beq.n	10004736 <runtime_init+0x56>
1000474a:	2b01      	cmp	r3, #1
1000474c:	d1ed      	bne.n	1000472a <runtime_init+0x4a>
1000474e:	0020      	movs	r0, r4
10004750:	f7fe fc19 	bl	10002f86 <recursive_mutex_init>
10004754:	3408      	adds	r4, #8
10004756:	e7f2      	b.n	1000473e <runtime_init+0x5e>
10004758:	4c1b      	ldr	r4, [pc, #108]	; (100047c8 <runtime_init+0xe8>)
1000475a:	68a1      	ldr	r1, [r4, #8]
1000475c:	4d1b      	ldr	r5, [pc, #108]	; (100047cc <runtime_init+0xec>)
1000475e:	22c0      	movs	r2, #192	; 0xc0
10004760:	0028      	movs	r0, r5
10004762:	f001 fd6d 	bl	10006240 <__wrap___aeabi_memcpy>
10004766:	60a5      	str	r5, [r4, #8]
10004768:	f3ef 8305 	mrs	r3, IPSR
1000476c:	2b00      	cmp	r3, #0
1000476e:	d000      	beq.n	10004772 <runtime_init+0x92>
10004770:	be00      	bkpt	0x0000
10004772:	f7fe f873 	bl	1000285c <spin_locks_reset>
10004776:	f7fe fbcf 	bl	10002f18 <irq_init_priorities>
1000477a:	f7fe ff67 	bl	1000364c <alarm_pool_init_default>
1000477e:	4c14      	ldr	r4, [pc, #80]	; (100047d0 <runtime_init+0xf0>)
10004780:	e001      	b.n	10004786 <runtime_init+0xa6>
10004782:	cc08      	ldmia	r4!, {r3}
10004784:	4798      	blx	r3
10004786:	4b13      	ldr	r3, [pc, #76]	; (100047d4 <runtime_init+0xf4>)
10004788:	429c      	cmp	r4, r3
1000478a:	d3fa      	bcc.n	10004782 <runtime_init+0xa2>
1000478c:	bd70      	pop	{r4, r5, r6, pc}
1000478e:	46c0      	nop			; (mov r8, r8)
10004790:	4000e000 	.word	0x4000e000
10004794:	fefbcdbf 	.word	0xfefbcdbf
10004798:	4000f000 	.word	0x4000f000
1000479c:	003c7ffe 	.word	0x003c7ffe
100047a0:	4000c000 	.word	0x4000c000
100047a4:	20000ee0 	.word	0x20000ee0
100047a8:	20000ef0 	.word	0x20000ef0
100047ac:	01ffffff 	.word	0x01ffffff
100047b0:	4001f000 	.word	0x4001f000
100047b4:	20000ed8 	.word	0x20000ed8
100047b8:	1000a898 	.word	0x1000a898
100047bc:	1000a928 	.word	0x1000a928
100047c0:	1000a8b8 	.word	0x1000a8b8
100047c4:	20000ee0 	.word	0x20000ee0
100047c8:	e000ed00 	.word	0xe000ed00
100047cc:	20000000 	.word	0x20000000
100047d0:	20000ef0 	.word	0x20000ef0
100047d4:	20000ef8 	.word	0x20000ef8

100047d8 <panic>:
100047d8:	b40f      	push	{r0, r1, r2, r3}
100047da:	b500      	push	{lr}
100047dc:	b083      	sub	sp, #12
100047de:	4808      	ldr	r0, [pc, #32]	; (10004800 <panic+0x28>)
100047e0:	f001 fe64 	bl	100064ac <__wrap_puts>
100047e4:	9b04      	ldr	r3, [sp, #16]
100047e6:	2b00      	cmp	r3, #0
100047e8:	d007      	beq.n	100047fa <panic+0x22>
100047ea:	a905      	add	r1, sp, #20
100047ec:	9101      	str	r1, [sp, #4]
100047ee:	0018      	movs	r0, r3
100047f0:	f001 fe6c 	bl	100064cc <__wrap_vprintf>
100047f4:	4803      	ldr	r0, [pc, #12]	; (10004804 <panic+0x2c>)
100047f6:	f001 fe59 	bl	100064ac <__wrap_puts>
100047fa:	2001      	movs	r0, #1
100047fc:	f7ff ff4c 	bl	10004698 <_exit>
10004800:	1000a918 	.word	0x1000a918
10004804:	10009570 	.word	0x10009570

10004808 <_out_buffer>:
10004808:	429a      	cmp	r2, r3
1000480a:	d200      	bcs.n	1000480e <_out_buffer+0x6>
1000480c:	5488      	strb	r0, [r1, r2]
1000480e:	4770      	bx	lr

10004810 <_out_null>:
10004810:	4770      	bx	lr

10004812 <_out_fct>:
10004812:	b510      	push	{r4, lr}
10004814:	2800      	cmp	r0, #0
10004816:	d002      	beq.n	1000481e <_out_fct+0xc>
10004818:	680b      	ldr	r3, [r1, #0]
1000481a:	6849      	ldr	r1, [r1, #4]
1000481c:	4798      	blx	r3
1000481e:	bd10      	pop	{r4, pc}

10004820 <_atoi>:
10004820:	0001      	movs	r1, r0
10004822:	2000      	movs	r0, #0
10004824:	e007      	b.n	10004836 <_atoi+0x16>
10004826:	0083      	lsls	r3, r0, #2
10004828:	181b      	adds	r3, r3, r0
1000482a:	005b      	lsls	r3, r3, #1
1000482c:	1c50      	adds	r0, r2, #1
1000482e:	6008      	str	r0, [r1, #0]
10004830:	7810      	ldrb	r0, [r2, #0]
10004832:	18c0      	adds	r0, r0, r3
10004834:	3830      	subs	r0, #48	; 0x30
10004836:	680a      	ldr	r2, [r1, #0]
10004838:	7813      	ldrb	r3, [r2, #0]
1000483a:	3b30      	subs	r3, #48	; 0x30
1000483c:	b2db      	uxtb	r3, r3
1000483e:	2b09      	cmp	r3, #9
10004840:	d9f1      	bls.n	10004826 <_atoi+0x6>
10004842:	4770      	bx	lr

10004844 <_out_rev>:
10004844:	b5f0      	push	{r4, r5, r6, r7, lr}
10004846:	46de      	mov	lr, fp
10004848:	4657      	mov	r7, sl
1000484a:	464e      	mov	r6, r9
1000484c:	4645      	mov	r5, r8
1000484e:	b5e0      	push	{r5, r6, r7, lr}
10004850:	b083      	sub	sp, #12
10004852:	4693      	mov	fp, r2
10004854:	001f      	movs	r7, r3
10004856:	9b0c      	ldr	r3, [sp, #48]	; 0x30
10004858:	469a      	mov	sl, r3
1000485a:	9c0d      	ldr	r4, [sp, #52]	; 0x34
1000485c:	9b0e      	ldr	r3, [sp, #56]	; 0x38
1000485e:	4699      	mov	r9, r3
10004860:	9b0f      	ldr	r3, [sp, #60]	; 0x3c
10004862:	079b      	lsls	r3, r3, #30
10004864:	d003      	beq.n	1000486e <_out_rev+0x2a>
10004866:	46b8      	mov	r8, r7
10004868:	000f      	movs	r7, r1
1000486a:	0006      	movs	r6, r0
1000486c:	e022      	b.n	100048b4 <_out_rev+0x70>
1000486e:	9201      	str	r2, [sp, #4]
10004870:	46a3      	mov	fp, r4
10004872:	4688      	mov	r8, r1
10004874:	464e      	mov	r6, r9
10004876:	46b9      	mov	r9, r7
10004878:	0007      	movs	r7, r0
1000487a:	42b4      	cmp	r4, r6
1000487c:	d207      	bcs.n	1000488e <_out_rev+0x4a>
1000487e:	1c55      	adds	r5, r2, #1
10004880:	464b      	mov	r3, r9
10004882:	4641      	mov	r1, r8
10004884:	2020      	movs	r0, #32
10004886:	47b8      	blx	r7
10004888:	3401      	adds	r4, #1
1000488a:	002a      	movs	r2, r5
1000488c:	e7f5      	b.n	1000487a <_out_rev+0x36>
1000488e:	003d      	movs	r5, r7
10004890:	464f      	mov	r7, r9
10004892:	465c      	mov	r4, fp
10004894:	9b01      	ldr	r3, [sp, #4]
10004896:	469b      	mov	fp, r3
10004898:	46b1      	mov	r9, r6
1000489a:	4646      	mov	r6, r8
1000489c:	46b8      	mov	r8, r7
1000489e:	0037      	movs	r7, r6
100048a0:	002e      	movs	r6, r5
100048a2:	e007      	b.n	100048b4 <_out_rev+0x70>
100048a4:	3c01      	subs	r4, #1
100048a6:	1c55      	adds	r5, r2, #1
100048a8:	4653      	mov	r3, sl
100048aa:	5d18      	ldrb	r0, [r3, r4]
100048ac:	4643      	mov	r3, r8
100048ae:	0039      	movs	r1, r7
100048b0:	47b0      	blx	r6
100048b2:	002a      	movs	r2, r5
100048b4:	2c00      	cmp	r4, #0
100048b6:	d1f5      	bne.n	100048a4 <_out_rev+0x60>
100048b8:	0035      	movs	r5, r6
100048ba:	003e      	movs	r6, r7
100048bc:	4647      	mov	r7, r8
100048be:	9b0f      	ldr	r3, [sp, #60]	; 0x3c
100048c0:	079b      	lsls	r3, r3, #30
100048c2:	d407      	bmi.n	100048d4 <_out_rev+0x90>
100048c4:	0010      	movs	r0, r2
100048c6:	b003      	add	sp, #12
100048c8:	bcf0      	pop	{r4, r5, r6, r7}
100048ca:	46bb      	mov	fp, r7
100048cc:	46b2      	mov	sl, r6
100048ce:	46a9      	mov	r9, r5
100048d0:	46a0      	mov	r8, r4
100048d2:	bdf0      	pop	{r4, r5, r6, r7, pc}
100048d4:	46b0      	mov	r8, r6
100048d6:	464e      	mov	r6, r9
100048d8:	46b9      	mov	r9, r7
100048da:	002f      	movs	r7, r5
100048dc:	465d      	mov	r5, fp
100048de:	1b53      	subs	r3, r2, r5
100048e0:	42b3      	cmp	r3, r6
100048e2:	d2ef      	bcs.n	100048c4 <_out_rev+0x80>
100048e4:	1c54      	adds	r4, r2, #1
100048e6:	464b      	mov	r3, r9
100048e8:	4641      	mov	r1, r8
100048ea:	2020      	movs	r0, #32
100048ec:	47b8      	blx	r7
100048ee:	0022      	movs	r2, r4
100048f0:	e7f5      	b.n	100048de <_out_rev+0x9a>

100048f2 <_ntoa_format>:
100048f2:	b5f0      	push	{r4, r5, r6, r7, lr}
100048f4:	46ce      	mov	lr, r9
100048f6:	4647      	mov	r7, r8
100048f8:	b580      	push	{r7, lr}
100048fa:	b085      	sub	sp, #20
100048fc:	4694      	mov	ip, r2
100048fe:	4698      	mov	r8, r3
10004900:	9d0c      	ldr	r5, [sp, #48]	; 0x30
10004902:	9c0d      	ldr	r4, [sp, #52]	; 0x34
10004904:	ab0e      	add	r3, sp, #56	; 0x38
10004906:	781b      	ldrb	r3, [r3, #0]
10004908:	4699      	mov	r9, r3
1000490a:	9a10      	ldr	r2, [sp, #64]	; 0x40
1000490c:	9b11      	ldr	r3, [sp, #68]	; 0x44
1000490e:	9e12      	ldr	r6, [sp, #72]	; 0x48
10004910:	07b7      	lsls	r7, r6, #30
10004912:	d41c      	bmi.n	1000494e <_ntoa_format+0x5c>
10004914:	2b00      	cmp	r3, #0
10004916:	d00c      	beq.n	10004932 <_ntoa_format+0x40>
10004918:	07f7      	lsls	r7, r6, #31
1000491a:	d50a      	bpl.n	10004932 <_ntoa_format+0x40>
1000491c:	464f      	mov	r7, r9
1000491e:	2f00      	cmp	r7, #0
10004920:	d102      	bne.n	10004928 <_ntoa_format+0x36>
10004922:	370c      	adds	r7, #12
10004924:	4237      	tst	r7, r6
10004926:	d004      	beq.n	10004932 <_ntoa_format+0x40>
10004928:	3b01      	subs	r3, #1
1000492a:	e002      	b.n	10004932 <_ntoa_format+0x40>
1000492c:	2730      	movs	r7, #48	; 0x30
1000492e:	552f      	strb	r7, [r5, r4]
10004930:	3401      	adds	r4, #1
10004932:	4294      	cmp	r4, r2
10004934:	d201      	bcs.n	1000493a <_ntoa_format+0x48>
10004936:	2c1f      	cmp	r4, #31
10004938:	d9f8      	bls.n	1000492c <_ntoa_format+0x3a>
1000493a:	07f7      	lsls	r7, r6, #31
1000493c:	d507      	bpl.n	1000494e <_ntoa_format+0x5c>
1000493e:	429c      	cmp	r4, r3
10004940:	d205      	bcs.n	1000494e <_ntoa_format+0x5c>
10004942:	2c1f      	cmp	r4, #31
10004944:	d803      	bhi.n	1000494e <_ntoa_format+0x5c>
10004946:	2730      	movs	r7, #48	; 0x30
10004948:	552f      	strb	r7, [r5, r4]
1000494a:	3401      	adds	r4, #1
1000494c:	e7f5      	b.n	1000493a <_ntoa_format+0x48>
1000494e:	06f7      	lsls	r7, r6, #27
10004950:	d515      	bpl.n	1000497e <_ntoa_format+0x8c>
10004952:	0577      	lsls	r7, r6, #21
10004954:	d405      	bmi.n	10004962 <_ntoa_format+0x70>
10004956:	2c00      	cmp	r4, #0
10004958:	d003      	beq.n	10004962 <_ntoa_format+0x70>
1000495a:	4294      	cmp	r4, r2
1000495c:	d024      	beq.n	100049a8 <_ntoa_format+0xb6>
1000495e:	429c      	cmp	r4, r3
10004960:	d022      	beq.n	100049a8 <_ntoa_format+0xb6>
10004962:	9a0f      	ldr	r2, [sp, #60]	; 0x3c
10004964:	2a10      	cmp	r2, #16
10004966:	d02b      	beq.n	100049c0 <_ntoa_format+0xce>
10004968:	9a0f      	ldr	r2, [sp, #60]	; 0x3c
1000496a:	2a10      	cmp	r2, #16
1000496c:	d030      	beq.n	100049d0 <_ntoa_format+0xde>
1000496e:	9a0f      	ldr	r2, [sp, #60]	; 0x3c
10004970:	2a02      	cmp	r2, #2
10004972:	d035      	beq.n	100049e0 <_ntoa_format+0xee>
10004974:	2c1f      	cmp	r4, #31
10004976:	d802      	bhi.n	1000497e <_ntoa_format+0x8c>
10004978:	2230      	movs	r2, #48	; 0x30
1000497a:	552a      	strb	r2, [r5, r4]
1000497c:	3401      	adds	r4, #1
1000497e:	2c1f      	cmp	r4, #31
10004980:	d805      	bhi.n	1000498e <_ntoa_format+0x9c>
10004982:	464a      	mov	r2, r9
10004984:	2a00      	cmp	r2, #0
10004986:	d031      	beq.n	100049ec <_ntoa_format+0xfa>
10004988:	222d      	movs	r2, #45	; 0x2d
1000498a:	552a      	strb	r2, [r5, r4]
1000498c:	3401      	adds	r4, #1
1000498e:	9603      	str	r6, [sp, #12]
10004990:	9302      	str	r3, [sp, #8]
10004992:	9401      	str	r4, [sp, #4]
10004994:	9500      	str	r5, [sp, #0]
10004996:	4643      	mov	r3, r8
10004998:	4662      	mov	r2, ip
1000499a:	f7ff ff53 	bl	10004844 <_out_rev>
1000499e:	b005      	add	sp, #20
100049a0:	bcc0      	pop	{r6, r7}
100049a2:	46b9      	mov	r9, r7
100049a4:	46b0      	mov	r8, r6
100049a6:	bdf0      	pop	{r4, r5, r6, r7, pc}
100049a8:	1e62      	subs	r2, r4, #1
100049aa:	2c01      	cmp	r4, #1
100049ac:	d006      	beq.n	100049bc <_ntoa_format+0xca>
100049ae:	9f0f      	ldr	r7, [sp, #60]	; 0x3c
100049b0:	2f10      	cmp	r7, #16
100049b2:	d001      	beq.n	100049b8 <_ntoa_format+0xc6>
100049b4:	0014      	movs	r4, r2
100049b6:	e7d4      	b.n	10004962 <_ntoa_format+0x70>
100049b8:	3c02      	subs	r4, #2
100049ba:	e7d2      	b.n	10004962 <_ntoa_format+0x70>
100049bc:	0014      	movs	r4, r2
100049be:	e7d0      	b.n	10004962 <_ntoa_format+0x70>
100049c0:	06b2      	lsls	r2, r6, #26
100049c2:	d4d1      	bmi.n	10004968 <_ntoa_format+0x76>
100049c4:	2c1f      	cmp	r4, #31
100049c6:	d8cf      	bhi.n	10004968 <_ntoa_format+0x76>
100049c8:	2278      	movs	r2, #120	; 0x78
100049ca:	552a      	strb	r2, [r5, r4]
100049cc:	3401      	adds	r4, #1
100049ce:	e7d1      	b.n	10004974 <_ntoa_format+0x82>
100049d0:	06b2      	lsls	r2, r6, #26
100049d2:	d5cc      	bpl.n	1000496e <_ntoa_format+0x7c>
100049d4:	2c1f      	cmp	r4, #31
100049d6:	d8ca      	bhi.n	1000496e <_ntoa_format+0x7c>
100049d8:	2258      	movs	r2, #88	; 0x58
100049da:	552a      	strb	r2, [r5, r4]
100049dc:	3401      	adds	r4, #1
100049de:	e7c9      	b.n	10004974 <_ntoa_format+0x82>
100049e0:	2c1f      	cmp	r4, #31
100049e2:	d8c7      	bhi.n	10004974 <_ntoa_format+0x82>
100049e4:	3260      	adds	r2, #96	; 0x60
100049e6:	552a      	strb	r2, [r5, r4]
100049e8:	3401      	adds	r4, #1
100049ea:	e7c3      	b.n	10004974 <_ntoa_format+0x82>
100049ec:	0772      	lsls	r2, r6, #29
100049ee:	d503      	bpl.n	100049f8 <_ntoa_format+0x106>
100049f0:	222b      	movs	r2, #43	; 0x2b
100049f2:	552a      	strb	r2, [r5, r4]
100049f4:	3401      	adds	r4, #1
100049f6:	e7ca      	b.n	1000498e <_ntoa_format+0x9c>
100049f8:	0732      	lsls	r2, r6, #28
100049fa:	d5c8      	bpl.n	1000498e <_ntoa_format+0x9c>
100049fc:	2220      	movs	r2, #32
100049fe:	552a      	strb	r2, [r5, r4]
10004a00:	3401      	adds	r4, #1
10004a02:	e7c4      	b.n	1000498e <_ntoa_format+0x9c>

10004a04 <_ntoa_long>:
10004a04:	b5f0      	push	{r4, r5, r6, r7, lr}
10004a06:	46de      	mov	lr, fp
10004a08:	4657      	mov	r7, sl
10004a0a:	464e      	mov	r6, r9
10004a0c:	4645      	mov	r5, r8
10004a0e:	b5e0      	push	{r5, r6, r7, lr}
10004a10:	b093      	sub	sp, #76	; 0x4c
10004a12:	4681      	mov	r9, r0
10004a14:	468a      	mov	sl, r1
10004a16:	9208      	str	r2, [sp, #32]
10004a18:	9309      	str	r3, [sp, #36]	; 0x24
10004a1a:	ab1c      	add	r3, sp, #112	; 0x70
10004a1c:	cb10      	ldmia	r3!, {r4}
10004a1e:	781b      	ldrb	r3, [r3, #0]
10004a20:	469b      	mov	fp, r3
10004a22:	9d1e      	ldr	r5, [sp, #120]	; 0x78
10004a24:	9b21      	ldr	r3, [sp, #132]	; 0x84
10004a26:	4698      	mov	r8, r3
10004a28:	2c00      	cmp	r4, #0
10004a2a:	d103      	bne.n	10004a34 <_ntoa_long+0x30>
10004a2c:	2310      	movs	r3, #16
10004a2e:	4642      	mov	r2, r8
10004a30:	439a      	bics	r2, r3
10004a32:	4690      	mov	r8, r2
10004a34:	2380      	movs	r3, #128	; 0x80
10004a36:	00db      	lsls	r3, r3, #3
10004a38:	4646      	mov	r6, r8
10004a3a:	401e      	ands	r6, r3
10004a3c:	4642      	mov	r2, r8
10004a3e:	421a      	tst	r2, r3
10004a40:	d012      	beq.n	10004a68 <_ntoa_long+0x64>
10004a42:	2c00      	cmp	r4, #0
10004a44:	d022      	beq.n	10004a8c <_ntoa_long+0x88>
10004a46:	2600      	movs	r6, #0
10004a48:	e00e      	b.n	10004a68 <_ntoa_long+0x64>
10004a4a:	3330      	adds	r3, #48	; 0x30
10004a4c:	b2d9      	uxtb	r1, r3
10004a4e:	1c77      	adds	r7, r6, #1
10004a50:	ab0a      	add	r3, sp, #40	; 0x28
10004a52:	5599      	strb	r1, [r3, r6]
10004a54:	0029      	movs	r1, r5
10004a56:	0020      	movs	r0, r4
10004a58:	f000 ffea 	bl	10005a30 <__wrap___aeabi_uidiv>
10004a5c:	42ac      	cmp	r4, r5
10004a5e:	d316      	bcc.n	10004a8e <_ntoa_long+0x8a>
10004a60:	2f1f      	cmp	r7, #31
10004a62:	d814      	bhi.n	10004a8e <_ntoa_long+0x8a>
10004a64:	003e      	movs	r6, r7
10004a66:	0004      	movs	r4, r0
10004a68:	0029      	movs	r1, r5
10004a6a:	0020      	movs	r0, r4
10004a6c:	f000 ffe0 	bl	10005a30 <__wrap___aeabi_uidiv>
10004a70:	b2cb      	uxtb	r3, r1
10004a72:	2b09      	cmp	r3, #9
10004a74:	d9e9      	bls.n	10004a4a <_ntoa_long+0x46>
10004a76:	4642      	mov	r2, r8
10004a78:	0692      	lsls	r2, r2, #26
10004a7a:	d505      	bpl.n	10004a88 <_ntoa_long+0x84>
10004a7c:	2141      	movs	r1, #65	; 0x41
10004a7e:	18c9      	adds	r1, r1, r3
10004a80:	b2c9      	uxtb	r1, r1
10004a82:	390a      	subs	r1, #10
10004a84:	b2c9      	uxtb	r1, r1
10004a86:	e7e2      	b.n	10004a4e <_ntoa_long+0x4a>
10004a88:	2161      	movs	r1, #97	; 0x61
10004a8a:	e7f8      	b.n	10004a7e <_ntoa_long+0x7a>
10004a8c:	0027      	movs	r7, r4
10004a8e:	4643      	mov	r3, r8
10004a90:	9306      	str	r3, [sp, #24]
10004a92:	9b20      	ldr	r3, [sp, #128]	; 0x80
10004a94:	9305      	str	r3, [sp, #20]
10004a96:	9b1f      	ldr	r3, [sp, #124]	; 0x7c
10004a98:	9304      	str	r3, [sp, #16]
10004a9a:	9503      	str	r5, [sp, #12]
10004a9c:	465b      	mov	r3, fp
10004a9e:	9302      	str	r3, [sp, #8]
10004aa0:	9701      	str	r7, [sp, #4]
10004aa2:	ab0a      	add	r3, sp, #40	; 0x28
10004aa4:	9300      	str	r3, [sp, #0]
10004aa6:	9b09      	ldr	r3, [sp, #36]	; 0x24
10004aa8:	9a08      	ldr	r2, [sp, #32]
10004aaa:	4651      	mov	r1, sl
10004aac:	4648      	mov	r0, r9
10004aae:	f7ff ff20 	bl	100048f2 <_ntoa_format>
10004ab2:	b013      	add	sp, #76	; 0x4c
10004ab4:	bcf0      	pop	{r4, r5, r6, r7}
10004ab6:	46bb      	mov	fp, r7
10004ab8:	46b2      	mov	sl, r6
10004aba:	46a9      	mov	r9, r5
10004abc:	46a0      	mov	r8, r4
10004abe:	bdf0      	pop	{r4, r5, r6, r7, pc}

10004ac0 <_ntoa_long_long>:
10004ac0:	b5f0      	push	{r4, r5, r6, r7, lr}
10004ac2:	46de      	mov	lr, fp
10004ac4:	4657      	mov	r7, sl
10004ac6:	464e      	mov	r6, r9
10004ac8:	4645      	mov	r5, r8
10004aca:	b5e0      	push	{r5, r6, r7, lr}
10004acc:	b095      	sub	sp, #84	; 0x54
10004ace:	9008      	str	r0, [sp, #32]
10004ad0:	9109      	str	r1, [sp, #36]	; 0x24
10004ad2:	920a      	str	r2, [sp, #40]	; 0x28
10004ad4:	930b      	str	r3, [sp, #44]	; 0x2c
10004ad6:	9e1e      	ldr	r6, [sp, #120]	; 0x78
10004ad8:	9c1f      	ldr	r4, [sp, #124]	; 0x7c
10004ada:	ab20      	add	r3, sp, #128	; 0x80
10004adc:	781b      	ldrb	r3, [r3, #0]
10004ade:	469b      	mov	fp, r3
10004ae0:	9b22      	ldr	r3, [sp, #136]	; 0x88
10004ae2:	4699      	mov	r9, r3
10004ae4:	9d23      	ldr	r5, [sp, #140]	; 0x8c
10004ae6:	9b26      	ldr	r3, [sp, #152]	; 0x98
10004ae8:	469a      	mov	sl, r3
10004aea:	0033      	movs	r3, r6
10004aec:	4323      	orrs	r3, r4
10004aee:	d103      	bne.n	10004af8 <_ntoa_long_long+0x38>
10004af0:	3310      	adds	r3, #16
10004af2:	4652      	mov	r2, sl
10004af4:	439a      	bics	r2, r3
10004af6:	4692      	mov	sl, r2
10004af8:	2380      	movs	r3, #128	; 0x80
10004afa:	00db      	lsls	r3, r3, #3
10004afc:	4657      	mov	r7, sl
10004afe:	401f      	ands	r7, r3
10004b00:	4652      	mov	r2, sl
10004b02:	421a      	tst	r2, r3
10004b04:	d019      	beq.n	10004b3a <_ntoa_long_long+0x7a>
10004b06:	0033      	movs	r3, r6
10004b08:	4323      	orrs	r3, r4
10004b0a:	d02d      	beq.n	10004b68 <_ntoa_long_long+0xa8>
10004b0c:	2700      	movs	r7, #0
10004b0e:	e014      	b.n	10004b3a <_ntoa_long_long+0x7a>
10004b10:	3330      	adds	r3, #48	; 0x30
10004b12:	b2da      	uxtb	r2, r3
10004b14:	1c7b      	adds	r3, r7, #1
10004b16:	4698      	mov	r8, r3
10004b18:	ab0c      	add	r3, sp, #48	; 0x30
10004b1a:	55da      	strb	r2, [r3, r7]
10004b1c:	464a      	mov	r2, r9
10004b1e:	002b      	movs	r3, r5
10004b20:	0030      	movs	r0, r6
10004b22:	0021      	movs	r1, r4
10004b24:	f000 ffc2 	bl	10005aac <__wrap___aeabi_uldivmod>
10004b28:	42a5      	cmp	r5, r4
10004b2a:	d81f      	bhi.n	10004b6c <_ntoa_long_long+0xac>
10004b2c:	d019      	beq.n	10004b62 <_ntoa_long_long+0xa2>
10004b2e:	4643      	mov	r3, r8
10004b30:	2b1f      	cmp	r3, #31
10004b32:	d81b      	bhi.n	10004b6c <_ntoa_long_long+0xac>
10004b34:	4647      	mov	r7, r8
10004b36:	0006      	movs	r6, r0
10004b38:	000c      	movs	r4, r1
10004b3a:	464a      	mov	r2, r9
10004b3c:	002b      	movs	r3, r5
10004b3e:	0030      	movs	r0, r6
10004b40:	0021      	movs	r1, r4
10004b42:	f000 ffb3 	bl	10005aac <__wrap___aeabi_uldivmod>
10004b46:	b2d3      	uxtb	r3, r2
10004b48:	2b09      	cmp	r3, #9
10004b4a:	d9e1      	bls.n	10004b10 <_ntoa_long_long+0x50>
10004b4c:	4652      	mov	r2, sl
10004b4e:	0692      	lsls	r2, r2, #26
10004b50:	d505      	bpl.n	10004b5e <_ntoa_long_long+0x9e>
10004b52:	2241      	movs	r2, #65	; 0x41
10004b54:	18d2      	adds	r2, r2, r3
10004b56:	b2d2      	uxtb	r2, r2
10004b58:	3a0a      	subs	r2, #10
10004b5a:	b2d2      	uxtb	r2, r2
10004b5c:	e7da      	b.n	10004b14 <_ntoa_long_long+0x54>
10004b5e:	2261      	movs	r2, #97	; 0x61
10004b60:	e7f8      	b.n	10004b54 <_ntoa_long_long+0x94>
10004b62:	45b1      	cmp	r9, r6
10004b64:	d9e3      	bls.n	10004b2e <_ntoa_long_long+0x6e>
10004b66:	e001      	b.n	10004b6c <_ntoa_long_long+0xac>
10004b68:	2300      	movs	r3, #0
10004b6a:	4698      	mov	r8, r3
10004b6c:	4653      	mov	r3, sl
10004b6e:	9306      	str	r3, [sp, #24]
10004b70:	9b25      	ldr	r3, [sp, #148]	; 0x94
10004b72:	9305      	str	r3, [sp, #20]
10004b74:	9b24      	ldr	r3, [sp, #144]	; 0x90
10004b76:	9304      	str	r3, [sp, #16]
10004b78:	464b      	mov	r3, r9
10004b7a:	9303      	str	r3, [sp, #12]
10004b7c:	465b      	mov	r3, fp
10004b7e:	9302      	str	r3, [sp, #8]
10004b80:	4643      	mov	r3, r8
10004b82:	9301      	str	r3, [sp, #4]
10004b84:	ab0c      	add	r3, sp, #48	; 0x30
10004b86:	9300      	str	r3, [sp, #0]
10004b88:	9b0b      	ldr	r3, [sp, #44]	; 0x2c
10004b8a:	9a0a      	ldr	r2, [sp, #40]	; 0x28
10004b8c:	9909      	ldr	r1, [sp, #36]	; 0x24
10004b8e:	9808      	ldr	r0, [sp, #32]
10004b90:	f7ff feaf 	bl	100048f2 <_ntoa_format>
10004b94:	b015      	add	sp, #84	; 0x54
10004b96:	bcf0      	pop	{r4, r5, r6, r7}
10004b98:	46bb      	mov	fp, r7
10004b9a:	46b2      	mov	sl, r6
10004b9c:	46a9      	mov	r9, r5
10004b9e:	46a0      	mov	r8, r4
10004ba0:	bdf0      	pop	{r4, r5, r6, r7, pc}
	...

10004ba4 <_etoa>:
10004ba4:	b5f0      	push	{r4, r5, r6, r7, lr}
10004ba6:	46de      	mov	lr, fp
10004ba8:	4657      	mov	r7, sl
10004baa:	464e      	mov	r6, r9
10004bac:	4645      	mov	r5, r8
10004bae:	b5e0      	push	{r5, r6, r7, lr}
10004bb0:	b091      	sub	sp, #68	; 0x44
10004bb2:	4683      	mov	fp, r0
10004bb4:	468a      	mov	sl, r1
10004bb6:	920c      	str	r2, [sp, #48]	; 0x30
10004bb8:	4698      	mov	r8, r3
10004bba:	9c1a      	ldr	r4, [sp, #104]	; 0x68
10004bbc:	9408      	str	r4, [sp, #32]
10004bbe:	9d1b      	ldr	r5, [sp, #108]	; 0x6c
10004bc0:	9509      	str	r5, [sp, #36]	; 0x24
10004bc2:	0022      	movs	r2, r4
10004bc4:	002b      	movs	r3, r5
10004bc6:	0020      	movs	r0, r4
10004bc8:	0029      	movs	r1, r5
10004bca:	f001 f9ea 	bl	10005fa2 <__wrap___aeabi_dcmpun>
10004bce:	2800      	cmp	r0, #0
10004bd0:	d000      	beq.n	10004bd4 <_etoa+0x30>
10004bd2:	e0e5      	b.n	10004da0 <_etoa+0x1fc>
10004bd4:	2201      	movs	r2, #1
10004bd6:	4252      	negs	r2, r2
10004bd8:	4bd7      	ldr	r3, [pc, #860]	; (10004f38 <_etoa+0x394>)
10004bda:	0020      	movs	r0, r4
10004bdc:	0029      	movs	r1, r5
10004bde:	f001 f9db 	bl	10005f98 <__wrap___aeabi_dcmpgt>
10004be2:	2800      	cmp	r0, #0
10004be4:	d000      	beq.n	10004be8 <_etoa+0x44>
10004be6:	e0db      	b.n	10004da0 <_etoa+0x1fc>
10004be8:	2201      	movs	r2, #1
10004bea:	4252      	negs	r2, r2
10004bec:	4bd3      	ldr	r3, [pc, #844]	; (10004f3c <_etoa+0x398>)
10004bee:	0020      	movs	r0, r4
10004bf0:	0029      	movs	r1, r5
10004bf2:	f001 f9bb 	bl	10005f6c <__wrap___aeabi_dcmplt>
10004bf6:	2800      	cmp	r0, #0
10004bf8:	d000      	beq.n	10004bfc <_etoa+0x58>
10004bfa:	e0d1      	b.n	10004da0 <_etoa+0x1fc>
10004bfc:	2200      	movs	r2, #0
10004bfe:	2300      	movs	r3, #0
10004c00:	9e08      	ldr	r6, [sp, #32]
10004c02:	0030      	movs	r0, r6
10004c04:	9d09      	ldr	r5, [sp, #36]	; 0x24
10004c06:	0029      	movs	r1, r5
10004c08:	f001 f9b0 	bl	10005f6c <__wrap___aeabi_dcmplt>
10004c0c:	2800      	cmp	r0, #0
10004c0e:	d000      	beq.n	10004c12 <_etoa+0x6e>
10004c10:	e0dd      	b.n	10004dce <_etoa+0x22a>
10004c12:	9808      	ldr	r0, [sp, #32]
10004c14:	9909      	ldr	r1, [sp, #36]	; 0x24
10004c16:	9006      	str	r0, [sp, #24]
10004c18:	9107      	str	r1, [sp, #28]
10004c1a:	2380      	movs	r3, #128	; 0x80
10004c1c:	00db      	lsls	r3, r3, #3
10004c1e:	9a1e      	ldr	r2, [sp, #120]	; 0x78
10004c20:	401a      	ands	r2, r3
10004c22:	920d      	str	r2, [sp, #52]	; 0x34
10004c24:	9a1e      	ldr	r2, [sp, #120]	; 0x78
10004c26:	421a      	tst	r2, r3
10004c28:	d101      	bne.n	10004c2e <_etoa+0x8a>
10004c2a:	2306      	movs	r3, #6
10004c2c:	931c      	str	r3, [sp, #112]	; 0x70
10004c2e:	9806      	ldr	r0, [sp, #24]
10004c30:	9907      	ldr	r1, [sp, #28]
10004c32:	0004      	movs	r4, r0
10004c34:	000d      	movs	r5, r1
10004c36:	000a      	movs	r2, r1
10004c38:	0006      	movs	r6, r0
10004c3a:	4302      	orrs	r2, r0
10004c3c:	d100      	bne.n	10004c40 <_etoa+0x9c>
10004c3e:	e0d1      	b.n	10004de4 <_etoa+0x240>
10004c40:	0d08      	lsrs	r0, r1, #20
10004c42:	0540      	lsls	r0, r0, #21
10004c44:	0d40      	lsrs	r0, r0, #21
10004c46:	4cbe      	ldr	r4, [pc, #760]	; (10004f40 <_etoa+0x39c>)
10004c48:	46a4      	mov	ip, r4
10004c4a:	4460      	add	r0, ip
10004c4c:	030a      	lsls	r2, r1, #12
10004c4e:	0b12      	lsrs	r2, r2, #12
10004c50:	4bbc      	ldr	r3, [pc, #752]	; (10004f44 <_etoa+0x3a0>)
10004c52:	4313      	orrs	r3, r2
10004c54:	001f      	movs	r7, r3
10004c56:	f001 f9b7 	bl	10005fc8 <__wrap___aeabi_i2d>
10004c5a:	4abb      	ldr	r2, [pc, #748]	; (10004f48 <_etoa+0x3a4>)
10004c5c:	4bbb      	ldr	r3, [pc, #748]	; (10004f4c <_etoa+0x3a8>)
10004c5e:	f001 f946 	bl	10005eee <__wrap___aeabi_dmul>
10004c62:	4abb      	ldr	r2, [pc, #748]	; (10004f50 <_etoa+0x3ac>)
10004c64:	4bbb      	ldr	r3, [pc, #748]	; (10004f54 <_etoa+0x3b0>)
10004c66:	f001 f923 	bl	10005eb0 <__wrap___aeabi_dadd>
10004c6a:	0004      	movs	r4, r0
10004c6c:	000d      	movs	r5, r1
10004c6e:	2200      	movs	r2, #0
10004c70:	4bb9      	ldr	r3, [pc, #740]	; (10004f58 <_etoa+0x3b4>)
10004c72:	0030      	movs	r0, r6
10004c74:	0039      	movs	r1, r7
10004c76:	f001 f916 	bl	10005ea6 <__wrap___aeabi_dsub>
10004c7a:	4ab8      	ldr	r2, [pc, #736]	; (10004f5c <_etoa+0x3b8>)
10004c7c:	4bb8      	ldr	r3, [pc, #736]	; (10004f60 <_etoa+0x3bc>)
10004c7e:	f001 f936 	bl	10005eee <__wrap___aeabi_dmul>
10004c82:	0002      	movs	r2, r0
10004c84:	000b      	movs	r3, r1
10004c86:	0020      	movs	r0, r4
10004c88:	0029      	movs	r1, r5
10004c8a:	f001 f911 	bl	10005eb0 <__wrap___aeabi_dadd>
10004c8e:	f001 f9b3 	bl	10005ff8 <__wrap___aeabi_d2iz>
10004c92:	4681      	mov	r9, r0
10004c94:	f001 f998 	bl	10005fc8 <__wrap___aeabi_i2d>
10004c98:	0004      	movs	r4, r0
10004c9a:	000d      	movs	r5, r1
10004c9c:	4ab1      	ldr	r2, [pc, #708]	; (10004f64 <_etoa+0x3c0>)
10004c9e:	4bb2      	ldr	r3, [pc, #712]	; (10004f68 <_etoa+0x3c4>)
10004ca0:	f001 f925 	bl	10005eee <__wrap___aeabi_dmul>
10004ca4:	2200      	movs	r2, #0
10004ca6:	4bb1      	ldr	r3, [pc, #708]	; (10004f6c <_etoa+0x3c8>)
10004ca8:	f001 f902 	bl	10005eb0 <__wrap___aeabi_dadd>
10004cac:	f001 f9a4 	bl	10005ff8 <__wrap___aeabi_d2iz>
10004cb0:	0006      	movs	r6, r0
10004cb2:	4aaf      	ldr	r2, [pc, #700]	; (10004f70 <_etoa+0x3cc>)
10004cb4:	4baf      	ldr	r3, [pc, #700]	; (10004f74 <_etoa+0x3d0>)
10004cb6:	0020      	movs	r0, r4
10004cb8:	0029      	movs	r1, r5
10004cba:	f001 f918 	bl	10005eee <__wrap___aeabi_dmul>
10004cbe:	0004      	movs	r4, r0
10004cc0:	000d      	movs	r5, r1
10004cc2:	0030      	movs	r0, r6
10004cc4:	f001 f980 	bl	10005fc8 <__wrap___aeabi_i2d>
10004cc8:	4aab      	ldr	r2, [pc, #684]	; (10004f78 <_etoa+0x3d4>)
10004cca:	4bac      	ldr	r3, [pc, #688]	; (10004f7c <_etoa+0x3d8>)
10004ccc:	f001 f90f 	bl	10005eee <__wrap___aeabi_dmul>
10004cd0:	0002      	movs	r2, r0
10004cd2:	000b      	movs	r3, r1
10004cd4:	0020      	movs	r0, r4
10004cd6:	0029      	movs	r1, r5
10004cd8:	f001 f8e5 	bl	10005ea6 <__wrap___aeabi_dsub>
10004cdc:	0004      	movs	r4, r0
10004cde:	000d      	movs	r5, r1
10004ce0:	0002      	movs	r2, r0
10004ce2:	000b      	movs	r3, r1
10004ce4:	f001 f903 	bl	10005eee <__wrap___aeabi_dmul>
10004ce8:	900a      	str	r0, [sp, #40]	; 0x28
10004cea:	910b      	str	r1, [sp, #44]	; 0x2c
10004cec:	4ba4      	ldr	r3, [pc, #656]	; (10004f80 <_etoa+0x3dc>)
10004cee:	18f3      	adds	r3, r6, r3
10004cf0:	2600      	movs	r6, #0
10004cf2:	051f      	lsls	r7, r3, #20
10004cf4:	0022      	movs	r2, r4
10004cf6:	002b      	movs	r3, r5
10004cf8:	0020      	movs	r0, r4
10004cfa:	0029      	movs	r1, r5
10004cfc:	f001 f8d8 	bl	10005eb0 <__wrap___aeabi_dadd>
10004d00:	900e      	str	r0, [sp, #56]	; 0x38
10004d02:	910f      	str	r1, [sp, #60]	; 0x3c
10004d04:	0022      	movs	r2, r4
10004d06:	002b      	movs	r3, r5
10004d08:	2000      	movs	r0, #0
10004d0a:	2180      	movs	r1, #128	; 0x80
10004d0c:	05c9      	lsls	r1, r1, #23
10004d0e:	f001 f8ca 	bl	10005ea6 <__wrap___aeabi_dsub>
10004d12:	0004      	movs	r4, r0
10004d14:	000d      	movs	r5, r1
10004d16:	2200      	movs	r2, #0
10004d18:	4b9a      	ldr	r3, [pc, #616]	; (10004f84 <_etoa+0x3e0>)
10004d1a:	980a      	ldr	r0, [sp, #40]	; 0x28
10004d1c:	990b      	ldr	r1, [sp, #44]	; 0x2c
10004d1e:	f001 f8cc 	bl	10005eba <__wrap___aeabi_ddiv>
10004d22:	2200      	movs	r2, #0
10004d24:	4b98      	ldr	r3, [pc, #608]	; (10004f88 <_etoa+0x3e4>)
10004d26:	f001 f8c3 	bl	10005eb0 <__wrap___aeabi_dadd>
10004d2a:	0002      	movs	r2, r0
10004d2c:	000b      	movs	r3, r1
10004d2e:	980a      	ldr	r0, [sp, #40]	; 0x28
10004d30:	990b      	ldr	r1, [sp, #44]	; 0x2c
10004d32:	f001 f8c2 	bl	10005eba <__wrap___aeabi_ddiv>
10004d36:	2200      	movs	r2, #0
10004d38:	4b94      	ldr	r3, [pc, #592]	; (10004f8c <_etoa+0x3e8>)
10004d3a:	f001 f8b9 	bl	10005eb0 <__wrap___aeabi_dadd>
10004d3e:	0002      	movs	r2, r0
10004d40:	000b      	movs	r3, r1
10004d42:	980a      	ldr	r0, [sp, #40]	; 0x28
10004d44:	990b      	ldr	r1, [sp, #44]	; 0x2c
10004d46:	f001 f8b8 	bl	10005eba <__wrap___aeabi_ddiv>
10004d4a:	0002      	movs	r2, r0
10004d4c:	000b      	movs	r3, r1
10004d4e:	0020      	movs	r0, r4
10004d50:	0029      	movs	r1, r5
10004d52:	f001 f8ad 	bl	10005eb0 <__wrap___aeabi_dadd>
10004d56:	0002      	movs	r2, r0
10004d58:	000b      	movs	r3, r1
10004d5a:	980e      	ldr	r0, [sp, #56]	; 0x38
10004d5c:	990f      	ldr	r1, [sp, #60]	; 0x3c
10004d5e:	f001 f8ac 	bl	10005eba <__wrap___aeabi_ddiv>
10004d62:	2200      	movs	r2, #0
10004d64:	4b77      	ldr	r3, [pc, #476]	; (10004f44 <_etoa+0x3a0>)
10004d66:	f001 f8a3 	bl	10005eb0 <__wrap___aeabi_dadd>
10004d6a:	0032      	movs	r2, r6
10004d6c:	003b      	movs	r3, r7
10004d6e:	f001 f8be 	bl	10005eee <__wrap___aeabi_dmul>
10004d72:	0006      	movs	r6, r0
10004d74:	000f      	movs	r7, r1
10004d76:	0004      	movs	r4, r0
10004d78:	000d      	movs	r5, r1
10004d7a:	9a06      	ldr	r2, [sp, #24]
10004d7c:	9b07      	ldr	r3, [sp, #28]
10004d7e:	f001 f90b 	bl	10005f98 <__wrap___aeabi_dcmpgt>
10004d82:	2800      	cmp	r0, #0
10004d84:	d030      	beq.n	10004de8 <_etoa+0x244>
10004d86:	2301      	movs	r3, #1
10004d88:	425b      	negs	r3, r3
10004d8a:	469c      	mov	ip, r3
10004d8c:	44e1      	add	r9, ip
10004d8e:	2200      	movs	r2, #0
10004d90:	4b7d      	ldr	r3, [pc, #500]	; (10004f88 <_etoa+0x3e4>)
10004d92:	0030      	movs	r0, r6
10004d94:	0039      	movs	r1, r7
10004d96:	f001 f890 	bl	10005eba <__wrap___aeabi_ddiv>
10004d9a:	0004      	movs	r4, r0
10004d9c:	000d      	movs	r5, r1
10004d9e:	e023      	b.n	10004de8 <_etoa+0x244>
10004da0:	9b1e      	ldr	r3, [sp, #120]	; 0x78
10004da2:	9304      	str	r3, [sp, #16]
10004da4:	9b1d      	ldr	r3, [sp, #116]	; 0x74
10004da6:	9303      	str	r3, [sp, #12]
10004da8:	9b1c      	ldr	r3, [sp, #112]	; 0x70
10004daa:	9302      	str	r3, [sp, #8]
10004dac:	9a08      	ldr	r2, [sp, #32]
10004dae:	9b09      	ldr	r3, [sp, #36]	; 0x24
10004db0:	9200      	str	r2, [sp, #0]
10004db2:	9301      	str	r3, [sp, #4]
10004db4:	4643      	mov	r3, r8
10004db6:	9a0c      	ldr	r2, [sp, #48]	; 0x30
10004db8:	4651      	mov	r1, sl
10004dba:	4658      	mov	r0, fp
10004dbc:	f000 f8fc 	bl	10004fb8 <_ftoa>
10004dc0:	b011      	add	sp, #68	; 0x44
10004dc2:	bcf0      	pop	{r4, r5, r6, r7}
10004dc4:	46bb      	mov	fp, r7
10004dc6:	46b2      	mov	sl, r6
10004dc8:	46a9      	mov	r9, r5
10004dca:	46a0      	mov	r8, r4
10004dcc:	bdf0      	pop	{r4, r5, r6, r7, pc}
10004dce:	2300      	movs	r3, #0
10004dd0:	2400      	movs	r4, #0
10004dd2:	9306      	str	r3, [sp, #24]
10004dd4:	9407      	str	r4, [sp, #28]
10004dd6:	9606      	str	r6, [sp, #24]
10004dd8:	2380      	movs	r3, #128	; 0x80
10004dda:	061b      	lsls	r3, r3, #24
10004ddc:	469c      	mov	ip, r3
10004dde:	4465      	add	r5, ip
10004de0:	9507      	str	r5, [sp, #28]
10004de2:	e71a      	b.n	10004c1a <_etoa+0x76>
10004de4:	2300      	movs	r3, #0
10004de6:	4699      	mov	r9, r3
10004de8:	464b      	mov	r3, r9
10004dea:	3363      	adds	r3, #99	; 0x63
10004dec:	2bc6      	cmp	r3, #198	; 0xc6
10004dee:	d81e      	bhi.n	10004e2e <_etoa+0x28a>
10004df0:	2604      	movs	r6, #4
10004df2:	9b1e      	ldr	r3, [sp, #120]	; 0x78
10004df4:	051b      	lsls	r3, r3, #20
10004df6:	d526      	bpl.n	10004e46 <_etoa+0x2a2>
10004df8:	002b      	movs	r3, r5
10004dfa:	4323      	orrs	r3, r4
10004dfc:	d00f      	beq.n	10004e1e <_etoa+0x27a>
10004dfe:	4a64      	ldr	r2, [pc, #400]	; (10004f90 <_etoa+0x3ec>)
10004e00:	4b64      	ldr	r3, [pc, #400]	; (10004f94 <_etoa+0x3f0>)
10004e02:	9806      	ldr	r0, [sp, #24]
10004e04:	9907      	ldr	r1, [sp, #28]
10004e06:	f001 f8bf 	bl	10005f88 <__wrap___aeabi_dcmpge>
10004e0a:	2800      	cmp	r0, #0
10004e0c:	d079      	beq.n	10004f02 <_etoa+0x35e>
10004e0e:	2200      	movs	r2, #0
10004e10:	4b61      	ldr	r3, [pc, #388]	; (10004f98 <_etoa+0x3f4>)
10004e12:	9806      	ldr	r0, [sp, #24]
10004e14:	9907      	ldr	r1, [sp, #28]
10004e16:	f001 f8a9 	bl	10005f6c <__wrap___aeabi_dcmplt>
10004e1a:	2800      	cmp	r0, #0
10004e1c:	d071      	beq.n	10004f02 <_etoa+0x35e>
10004e1e:	9b1c      	ldr	r3, [sp, #112]	; 0x70
10004e20:	454b      	cmp	r3, r9
10004e22:	dd06      	ble.n	10004e32 <_etoa+0x28e>
10004e24:	464a      	mov	r2, r9
10004e26:	1a98      	subs	r0, r3, r2
10004e28:	1e43      	subs	r3, r0, #1
10004e2a:	931c      	str	r3, [sp, #112]	; 0x70
10004e2c:	e003      	b.n	10004e36 <_etoa+0x292>
10004e2e:	2605      	movs	r6, #5
10004e30:	e7df      	b.n	10004df2 <_etoa+0x24e>
10004e32:	2300      	movs	r3, #0
10004e34:	931c      	str	r3, [sp, #112]	; 0x70
10004e36:	2380      	movs	r3, #128	; 0x80
10004e38:	00db      	lsls	r3, r3, #3
10004e3a:	9a1e      	ldr	r2, [sp, #120]	; 0x78
10004e3c:	431a      	orrs	r2, r3
10004e3e:	921e      	str	r2, [sp, #120]	; 0x78
10004e40:	2600      	movs	r6, #0
10004e42:	2300      	movs	r3, #0
10004e44:	4699      	mov	r9, r3
10004e46:	9b1d      	ldr	r3, [sp, #116]	; 0x74
10004e48:	429e      	cmp	r6, r3
10004e4a:	d264      	bcs.n	10004f16 <_etoa+0x372>
10004e4c:	1b9f      	subs	r7, r3, r6
10004e4e:	2302      	movs	r3, #2
10004e50:	9a1e      	ldr	r2, [sp, #120]	; 0x78
10004e52:	401a      	ands	r2, r3
10004e54:	920a      	str	r2, [sp, #40]	; 0x28
10004e56:	9a1e      	ldr	r2, [sp, #120]	; 0x78
10004e58:	4213      	tst	r3, r2
10004e5a:	d002      	beq.n	10004e62 <_etoa+0x2be>
10004e5c:	2e00      	cmp	r6, #0
10004e5e:	d000      	beq.n	10004e62 <_etoa+0x2be>
10004e60:	2700      	movs	r7, #0
10004e62:	464b      	mov	r3, r9
10004e64:	2b00      	cmp	r3, #0
10004e66:	d007      	beq.n	10004e78 <_etoa+0x2d4>
10004e68:	0022      	movs	r2, r4
10004e6a:	002b      	movs	r3, r5
10004e6c:	9806      	ldr	r0, [sp, #24]
10004e6e:	9907      	ldr	r1, [sp, #28]
10004e70:	f001 f823 	bl	10005eba <__wrap___aeabi_ddiv>
10004e74:	9006      	str	r0, [sp, #24]
10004e76:	9107      	str	r1, [sp, #28]
10004e78:	2200      	movs	r2, #0
10004e7a:	2300      	movs	r3, #0
10004e7c:	9808      	ldr	r0, [sp, #32]
10004e7e:	9909      	ldr	r1, [sp, #36]	; 0x24
10004e80:	f001 f874 	bl	10005f6c <__wrap___aeabi_dcmplt>
10004e84:	2800      	cmp	r0, #0
10004e86:	d148      	bne.n	10004f1a <_etoa+0x376>
10004e88:	4b44      	ldr	r3, [pc, #272]	; (10004f9c <_etoa+0x3f8>)
10004e8a:	9a1e      	ldr	r2, [sp, #120]	; 0x78
10004e8c:	4013      	ands	r3, r2
10004e8e:	9304      	str	r3, [sp, #16]
10004e90:	9703      	str	r7, [sp, #12]
10004e92:	9b1c      	ldr	r3, [sp, #112]	; 0x70
10004e94:	9302      	str	r3, [sp, #8]
10004e96:	9b06      	ldr	r3, [sp, #24]
10004e98:	9c07      	ldr	r4, [sp, #28]
10004e9a:	9300      	str	r3, [sp, #0]
10004e9c:	9401      	str	r4, [sp, #4]
10004e9e:	4643      	mov	r3, r8
10004ea0:	9a0c      	ldr	r2, [sp, #48]	; 0x30
10004ea2:	4651      	mov	r1, sl
10004ea4:	4658      	mov	r0, fp
10004ea6:	f000 f887 	bl	10004fb8 <_ftoa>
10004eaa:	2e00      	cmp	r6, #0
10004eac:	d100      	bne.n	10004eb0 <_etoa+0x30c>
10004eae:	e787      	b.n	10004dc0 <_etoa+0x21c>
10004eb0:	9b1e      	ldr	r3, [sp, #120]	; 0x78
10004eb2:	069b      	lsls	r3, r3, #26
10004eb4:	d53d      	bpl.n	10004f32 <_etoa+0x38e>
10004eb6:	2545      	movs	r5, #69	; 0x45
10004eb8:	1c44      	adds	r4, r0, #1
10004eba:	4643      	mov	r3, r8
10004ebc:	0002      	movs	r2, r0
10004ebe:	4651      	mov	r1, sl
10004ec0:	0028      	movs	r0, r5
10004ec2:	47d8      	blx	fp
10004ec4:	464b      	mov	r3, r9
10004ec6:	17da      	asrs	r2, r3, #31
10004ec8:	189b      	adds	r3, r3, r2
10004eca:	4053      	eors	r3, r2
10004ecc:	2205      	movs	r2, #5
10004ece:	9205      	str	r2, [sp, #20]
10004ed0:	3e01      	subs	r6, #1
10004ed2:	9604      	str	r6, [sp, #16]
10004ed4:	2200      	movs	r2, #0
10004ed6:	9203      	str	r2, [sp, #12]
10004ed8:	320a      	adds	r2, #10
10004eda:	9202      	str	r2, [sp, #8]
10004edc:	464a      	mov	r2, r9
10004ede:	0fd0      	lsrs	r0, r2, #31
10004ee0:	9001      	str	r0, [sp, #4]
10004ee2:	9300      	str	r3, [sp, #0]
10004ee4:	4643      	mov	r3, r8
10004ee6:	0022      	movs	r2, r4
10004ee8:	4651      	mov	r1, sl
10004eea:	4658      	mov	r0, fp
10004eec:	f7ff fd8a 	bl	10004a04 <_ntoa_long>
10004ef0:	9b0a      	ldr	r3, [sp, #40]	; 0x28
10004ef2:	2b00      	cmp	r3, #0
10004ef4:	d100      	bne.n	10004ef8 <_etoa+0x354>
10004ef6:	e763      	b.n	10004dc0 <_etoa+0x21c>
10004ef8:	0002      	movs	r2, r0
10004efa:	465f      	mov	r7, fp
10004efc:	9e0c      	ldr	r6, [sp, #48]	; 0x30
10004efe:	9d1d      	ldr	r5, [sp, #116]	; 0x74
10004f00:	e054      	b.n	10004fac <_etoa+0x408>
10004f02:	9b1c      	ldr	r3, [sp, #112]	; 0x70
10004f04:	2b00      	cmp	r3, #0
10004f06:	d09e      	beq.n	10004e46 <_etoa+0x2a2>
10004f08:	9b0d      	ldr	r3, [sp, #52]	; 0x34
10004f0a:	2b00      	cmp	r3, #0
10004f0c:	d09b      	beq.n	10004e46 <_etoa+0x2a2>
10004f0e:	9b1c      	ldr	r3, [sp, #112]	; 0x70
10004f10:	3b01      	subs	r3, #1
10004f12:	931c      	str	r3, [sp, #112]	; 0x70
10004f14:	e797      	b.n	10004e46 <_etoa+0x2a2>
10004f16:	2700      	movs	r7, #0
10004f18:	e799      	b.n	10004e4e <_etoa+0x2aa>
10004f1a:	9c06      	ldr	r4, [sp, #24]
10004f1c:	9d07      	ldr	r5, [sp, #28]
10004f1e:	0022      	movs	r2, r4
10004f20:	0029      	movs	r1, r5
10004f22:	2080      	movs	r0, #128	; 0x80
10004f24:	0600      	lsls	r0, r0, #24
10004f26:	4684      	mov	ip, r0
10004f28:	4461      	add	r1, ip
10004f2a:	000b      	movs	r3, r1
10004f2c:	9206      	str	r2, [sp, #24]
10004f2e:	9307      	str	r3, [sp, #28]
10004f30:	e7aa      	b.n	10004e88 <_etoa+0x2e4>
10004f32:	2565      	movs	r5, #101	; 0x65
10004f34:	e7c0      	b.n	10004eb8 <_etoa+0x314>
10004f36:	46c0      	nop			; (mov r8, r8)
10004f38:	7fefffff 	.word	0x7fefffff
10004f3c:	ffefffff 	.word	0xffefffff
10004f40:	fffffc01 	.word	0xfffffc01
10004f44:	3ff00000 	.word	0x3ff00000
10004f48:	509f79fb 	.word	0x509f79fb
10004f4c:	3fd34413 	.word	0x3fd34413
10004f50:	8b60c8b3 	.word	0x8b60c8b3
10004f54:	3fc68a28 	.word	0x3fc68a28
10004f58:	3ff80000 	.word	0x3ff80000
10004f5c:	636f4361 	.word	0x636f4361
10004f60:	3fd287a7 	.word	0x3fd287a7
10004f64:	0979a371 	.word	0x0979a371
10004f68:	400a934f 	.word	0x400a934f
10004f6c:	3fe00000 	.word	0x3fe00000
10004f70:	bbb55516 	.word	0xbbb55516
10004f74:	40026bb1 	.word	0x40026bb1
10004f78:	fefa39ef 	.word	0xfefa39ef
10004f7c:	3fe62e42 	.word	0x3fe62e42
10004f80:	000003ff 	.word	0x000003ff
10004f84:	402c0000 	.word	0x402c0000
10004f88:	40240000 	.word	0x40240000
10004f8c:	40180000 	.word	0x40180000
10004f90:	eb1c432d 	.word	0xeb1c432d
10004f94:	3f1a36e2 	.word	0x3f1a36e2
10004f98:	412e8480 	.word	0x412e8480
10004f9c:	fffff7ff 	.word	0xfffff7ff
10004fa0:	1c54      	adds	r4, r2, #1
10004fa2:	4643      	mov	r3, r8
10004fa4:	4651      	mov	r1, sl
10004fa6:	2020      	movs	r0, #32
10004fa8:	47b8      	blx	r7
10004faa:	0022      	movs	r2, r4
10004fac:	1b93      	subs	r3, r2, r6
10004fae:	42ab      	cmp	r3, r5
10004fb0:	d3f6      	bcc.n	10004fa0 <_etoa+0x3fc>
10004fb2:	0010      	movs	r0, r2
10004fb4:	e704      	b.n	10004dc0 <_etoa+0x21c>
10004fb6:	46c0      	nop			; (mov r8, r8)

10004fb8 <_ftoa>:
10004fb8:	b5f0      	push	{r4, r5, r6, r7, lr}
10004fba:	46de      	mov	lr, fp
10004fbc:	4657      	mov	r7, sl
10004fbe:	464e      	mov	r6, r9
10004fc0:	4645      	mov	r5, r8
10004fc2:	b5e0      	push	{r5, r6, r7, lr}
10004fc4:	b095      	sub	sp, #84	; 0x54
10004fc6:	9006      	str	r0, [sp, #24]
10004fc8:	9107      	str	r1, [sp, #28]
10004fca:	4693      	mov	fp, r2
10004fcc:	4699      	mov	r9, r3
10004fce:	9f20      	ldr	r7, [sp, #128]	; 0x80
10004fd0:	9a1e      	ldr	r2, [sp, #120]	; 0x78
10004fd2:	9b1f      	ldr	r3, [sp, #124]	; 0x7c
10004fd4:	0010      	movs	r0, r2
10004fd6:	0019      	movs	r1, r3
10004fd8:	f000 ffe3 	bl	10005fa2 <__wrap___aeabi_dcmpun>
10004fdc:	2800      	cmp	r0, #0
10004fde:	d131      	bne.n	10005044 <_ftoa+0x8c>
10004fe0:	2201      	movs	r2, #1
10004fe2:	4252      	negs	r2, r2
10004fe4:	4bbf      	ldr	r3, [pc, #764]	; (100052e4 <_ftoa+0x32c>)
10004fe6:	981e      	ldr	r0, [sp, #120]	; 0x78
10004fe8:	991f      	ldr	r1, [sp, #124]	; 0x7c
10004fea:	f000 ffbf 	bl	10005f6c <__wrap___aeabi_dcmplt>
10004fee:	2800      	cmp	r0, #0
10004ff0:	d137      	bne.n	10005062 <_ftoa+0xaa>
10004ff2:	2201      	movs	r2, #1
10004ff4:	4252      	negs	r2, r2
10004ff6:	4bbc      	ldr	r3, [pc, #752]	; (100052e8 <_ftoa+0x330>)
10004ff8:	981e      	ldr	r0, [sp, #120]	; 0x78
10004ffa:	991f      	ldr	r1, [sp, #124]	; 0x7c
10004ffc:	f000 ffcc 	bl	10005f98 <__wrap___aeabi_dcmpgt>
10005000:	2800      	cmp	r0, #0
10005002:	d13d      	bne.n	10005080 <_ftoa+0xc8>
10005004:	2200      	movs	r2, #0
10005006:	4bb9      	ldr	r3, [pc, #740]	; (100052ec <_ftoa+0x334>)
10005008:	981e      	ldr	r0, [sp, #120]	; 0x78
1000500a:	991f      	ldr	r1, [sp, #124]	; 0x7c
1000500c:	f000 ffc4 	bl	10005f98 <__wrap___aeabi_dcmpgt>
10005010:	2800      	cmp	r0, #0
10005012:	d150      	bne.n	100050b6 <_ftoa+0xfe>
10005014:	2200      	movs	r2, #0
10005016:	4bb6      	ldr	r3, [pc, #728]	; (100052f0 <_ftoa+0x338>)
10005018:	981e      	ldr	r0, [sp, #120]	; 0x78
1000501a:	991f      	ldr	r1, [sp, #124]	; 0x7c
1000501c:	f000 ffa6 	bl	10005f6c <__wrap___aeabi_dcmplt>
10005020:	2800      	cmp	r0, #0
10005022:	d148      	bne.n	100050b6 <_ftoa+0xfe>
10005024:	2200      	movs	r2, #0
10005026:	2300      	movs	r3, #0
10005028:	981e      	ldr	r0, [sp, #120]	; 0x78
1000502a:	991f      	ldr	r1, [sp, #124]	; 0x7c
1000502c:	f000 ff9e 	bl	10005f6c <__wrap___aeabi_dcmplt>
10005030:	2800      	cmp	r0, #0
10005032:	d150      	bne.n	100050d6 <_ftoa+0x11e>
10005034:	2300      	movs	r3, #0
10005036:	4698      	mov	r8, r3
10005038:	9b22      	ldr	r3, [sp, #136]	; 0x88
1000503a:	055b      	lsls	r3, r3, #21
1000503c:	d400      	bmi.n	10005040 <_ftoa+0x88>
1000503e:	e0b6      	b.n	100051ae <_ftoa+0x1f6>
10005040:	2400      	movs	r4, #0
10005042:	e058      	b.n	100050f6 <_ftoa+0x13e>
10005044:	9b22      	ldr	r3, [sp, #136]	; 0x88
10005046:	9303      	str	r3, [sp, #12]
10005048:	9b21      	ldr	r3, [sp, #132]	; 0x84
1000504a:	9302      	str	r3, [sp, #8]
1000504c:	2303      	movs	r3, #3
1000504e:	9301      	str	r3, [sp, #4]
10005050:	4ba8      	ldr	r3, [pc, #672]	; (100052f4 <_ftoa+0x33c>)
10005052:	9300      	str	r3, [sp, #0]
10005054:	464b      	mov	r3, r9
10005056:	465a      	mov	r2, fp
10005058:	9907      	ldr	r1, [sp, #28]
1000505a:	9806      	ldr	r0, [sp, #24]
1000505c:	f7ff fbf2 	bl	10004844 <_out_rev>
10005060:	e10e      	b.n	10005280 <_ftoa+0x2c8>
10005062:	9b22      	ldr	r3, [sp, #136]	; 0x88
10005064:	9303      	str	r3, [sp, #12]
10005066:	9b21      	ldr	r3, [sp, #132]	; 0x84
10005068:	9302      	str	r3, [sp, #8]
1000506a:	2304      	movs	r3, #4
1000506c:	9301      	str	r3, [sp, #4]
1000506e:	4ba2      	ldr	r3, [pc, #648]	; (100052f8 <_ftoa+0x340>)
10005070:	9300      	str	r3, [sp, #0]
10005072:	464b      	mov	r3, r9
10005074:	465a      	mov	r2, fp
10005076:	9907      	ldr	r1, [sp, #28]
10005078:	9806      	ldr	r0, [sp, #24]
1000507a:	f7ff fbe3 	bl	10004844 <_out_rev>
1000507e:	e0ff      	b.n	10005280 <_ftoa+0x2c8>
10005080:	2304      	movs	r3, #4
10005082:	9a22      	ldr	r2, [sp, #136]	; 0x88
10005084:	401a      	ands	r2, r3
10005086:	9922      	ldr	r1, [sp, #136]	; 0x88
10005088:	420b      	tst	r3, r1
1000508a:	d010      	beq.n	100050ae <_ftoa+0xf6>
1000508c:	4b9b      	ldr	r3, [pc, #620]	; (100052fc <_ftoa+0x344>)
1000508e:	2a00      	cmp	r2, #0
10005090:	d00f      	beq.n	100050b2 <_ftoa+0xfa>
10005092:	2204      	movs	r2, #4
10005094:	9922      	ldr	r1, [sp, #136]	; 0x88
10005096:	9103      	str	r1, [sp, #12]
10005098:	9921      	ldr	r1, [sp, #132]	; 0x84
1000509a:	9102      	str	r1, [sp, #8]
1000509c:	9201      	str	r2, [sp, #4]
1000509e:	9300      	str	r3, [sp, #0]
100050a0:	464b      	mov	r3, r9
100050a2:	465a      	mov	r2, fp
100050a4:	9907      	ldr	r1, [sp, #28]
100050a6:	9806      	ldr	r0, [sp, #24]
100050a8:	f7ff fbcc 	bl	10004844 <_out_rev>
100050ac:	e0e8      	b.n	10005280 <_ftoa+0x2c8>
100050ae:	4b94      	ldr	r3, [pc, #592]	; (10005300 <_ftoa+0x348>)
100050b0:	e7ed      	b.n	1000508e <_ftoa+0xd6>
100050b2:	2203      	movs	r2, #3
100050b4:	e7ee      	b.n	10005094 <_ftoa+0xdc>
100050b6:	9b22      	ldr	r3, [sp, #136]	; 0x88
100050b8:	9304      	str	r3, [sp, #16]
100050ba:	9b21      	ldr	r3, [sp, #132]	; 0x84
100050bc:	9303      	str	r3, [sp, #12]
100050be:	9702      	str	r7, [sp, #8]
100050c0:	9b1e      	ldr	r3, [sp, #120]	; 0x78
100050c2:	9c1f      	ldr	r4, [sp, #124]	; 0x7c
100050c4:	9300      	str	r3, [sp, #0]
100050c6:	9401      	str	r4, [sp, #4]
100050c8:	464b      	mov	r3, r9
100050ca:	465a      	mov	r2, fp
100050cc:	9907      	ldr	r1, [sp, #28]
100050ce:	9806      	ldr	r0, [sp, #24]
100050d0:	f7ff fd68 	bl	10004ba4 <_etoa>
100050d4:	e0d4      	b.n	10005280 <_ftoa+0x2c8>
100050d6:	9a1e      	ldr	r2, [sp, #120]	; 0x78
100050d8:	9b1f      	ldr	r3, [sp, #124]	; 0x7c
100050da:	2000      	movs	r0, #0
100050dc:	2100      	movs	r1, #0
100050de:	f000 fee2 	bl	10005ea6 <__wrap___aeabi_dsub>
100050e2:	901e      	str	r0, [sp, #120]	; 0x78
100050e4:	911f      	str	r1, [sp, #124]	; 0x7c
100050e6:	2301      	movs	r3, #1
100050e8:	4698      	mov	r8, r3
100050ea:	e7a5      	b.n	10005038 <_ftoa+0x80>
100050ec:	ab0c      	add	r3, sp, #48	; 0x30
100050ee:	2230      	movs	r2, #48	; 0x30
100050f0:	551a      	strb	r2, [r3, r4]
100050f2:	3f01      	subs	r7, #1
100050f4:	3401      	adds	r4, #1
100050f6:	2c1f      	cmp	r4, #31
100050f8:	d801      	bhi.n	100050fe <_ftoa+0x146>
100050fa:	2f09      	cmp	r7, #9
100050fc:	d8f6      	bhi.n	100050ec <_ftoa+0x134>
100050fe:	981e      	ldr	r0, [sp, #120]	; 0x78
10005100:	991f      	ldr	r1, [sp, #124]	; 0x7c
10005102:	f000 ff79 	bl	10005ff8 <__wrap___aeabi_d2iz>
10005106:	0005      	movs	r5, r0
10005108:	f000 ff5e 	bl	10005fc8 <__wrap___aeabi_i2d>
1000510c:	0002      	movs	r2, r0
1000510e:	000b      	movs	r3, r1
10005110:	981e      	ldr	r0, [sp, #120]	; 0x78
10005112:	991f      	ldr	r1, [sp, #124]	; 0x7c
10005114:	f000 fec7 	bl	10005ea6 <__wrap___aeabi_dsub>
10005118:	00fa      	lsls	r2, r7, #3
1000511a:	4b7a      	ldr	r3, [pc, #488]	; (10005304 <_ftoa+0x34c>)
1000511c:	189b      	adds	r3, r3, r2
1000511e:	681a      	ldr	r2, [r3, #0]
10005120:	685b      	ldr	r3, [r3, #4]
10005122:	920a      	str	r2, [sp, #40]	; 0x28
10005124:	930b      	str	r3, [sp, #44]	; 0x2c
10005126:	f000 fee2 	bl	10005eee <__wrap___aeabi_dmul>
1000512a:	9008      	str	r0, [sp, #32]
1000512c:	9109      	str	r1, [sp, #36]	; 0x24
1000512e:	f000 ff87 	bl	10006040 <__wrap___aeabi_d2uiz>
10005132:	0006      	movs	r6, r0
10005134:	f000 ff44 	bl	10005fc0 <__wrap___aeabi_ui2d>
10005138:	0002      	movs	r2, r0
1000513a:	000b      	movs	r3, r1
1000513c:	9808      	ldr	r0, [sp, #32]
1000513e:	9909      	ldr	r1, [sp, #36]	; 0x24
10005140:	f000 feb1 	bl	10005ea6 <__wrap___aeabi_dsub>
10005144:	9008      	str	r0, [sp, #32]
10005146:	9109      	str	r1, [sp, #36]	; 0x24
10005148:	2200      	movs	r2, #0
1000514a:	4b6f      	ldr	r3, [pc, #444]	; (10005308 <_ftoa+0x350>)
1000514c:	f000 ff24 	bl	10005f98 <__wrap___aeabi_dcmpgt>
10005150:	2800      	cmp	r0, #0
10005152:	d02e      	beq.n	100051b2 <_ftoa+0x1fa>
10005154:	3601      	adds	r6, #1
10005156:	0030      	movs	r0, r6
10005158:	f000 ff32 	bl	10005fc0 <__wrap___aeabi_ui2d>
1000515c:	0002      	movs	r2, r0
1000515e:	000b      	movs	r3, r1
10005160:	980a      	ldr	r0, [sp, #40]	; 0x28
10005162:	990b      	ldr	r1, [sp, #44]	; 0x2c
10005164:	f000 ff08 	bl	10005f78 <__wrap___aeabi_dcmple>
10005168:	2800      	cmp	r0, #0
1000516a:	d001      	beq.n	10005170 <_ftoa+0x1b8>
1000516c:	3501      	adds	r5, #1
1000516e:	2600      	movs	r6, #0
10005170:	2f00      	cmp	r7, #0
10005172:	d12c      	bne.n	100051ce <_ftoa+0x216>
10005174:	0028      	movs	r0, r5
10005176:	f000 ff27 	bl	10005fc8 <__wrap___aeabi_i2d>
1000517a:	0002      	movs	r2, r0
1000517c:	000b      	movs	r3, r1
1000517e:	981e      	ldr	r0, [sp, #120]	; 0x78
10005180:	991f      	ldr	r1, [sp, #124]	; 0x7c
10005182:	f000 fe90 	bl	10005ea6 <__wrap___aeabi_dsub>
10005186:	0006      	movs	r6, r0
10005188:	000f      	movs	r7, r1
1000518a:	2200      	movs	r2, #0
1000518c:	4b5e      	ldr	r3, [pc, #376]	; (10005308 <_ftoa+0x350>)
1000518e:	f000 feed 	bl	10005f6c <__wrap___aeabi_dcmplt>
10005192:	2800      	cmp	r0, #0
10005194:	d146      	bne.n	10005224 <_ftoa+0x26c>
10005196:	2200      	movs	r2, #0
10005198:	4b5b      	ldr	r3, [pc, #364]	; (10005308 <_ftoa+0x350>)
1000519a:	0030      	movs	r0, r6
1000519c:	0039      	movs	r1, r7
1000519e:	f000 fefb 	bl	10005f98 <__wrap___aeabi_dcmpgt>
100051a2:	2800      	cmp	r0, #0
100051a4:	d13e      	bne.n	10005224 <_ftoa+0x26c>
100051a6:	07eb      	lsls	r3, r5, #31
100051a8:	d53c      	bpl.n	10005224 <_ftoa+0x26c>
100051aa:	3501      	adds	r5, #1
100051ac:	e03a      	b.n	10005224 <_ftoa+0x26c>
100051ae:	2706      	movs	r7, #6
100051b0:	e746      	b.n	10005040 <_ftoa+0x88>
100051b2:	2200      	movs	r2, #0
100051b4:	4b54      	ldr	r3, [pc, #336]	; (10005308 <_ftoa+0x350>)
100051b6:	9808      	ldr	r0, [sp, #32]
100051b8:	9909      	ldr	r1, [sp, #36]	; 0x24
100051ba:	f000 fed7 	bl	10005f6c <__wrap___aeabi_dcmplt>
100051be:	2800      	cmp	r0, #0
100051c0:	d1d6      	bne.n	10005170 <_ftoa+0x1b8>
100051c2:	2e00      	cmp	r6, #0
100051c4:	d001      	beq.n	100051ca <_ftoa+0x212>
100051c6:	07f3      	lsls	r3, r6, #31
100051c8:	d5d2      	bpl.n	10005170 <_ftoa+0x1b8>
100051ca:	3601      	adds	r6, #1
100051cc:	e7d0      	b.n	10005170 <_ftoa+0x1b8>
100051ce:	46aa      	mov	sl, r5
100051d0:	2c1f      	cmp	r4, #31
100051d2:	d811      	bhi.n	100051f8 <_ftoa+0x240>
100051d4:	3f01      	subs	r7, #1
100051d6:	210a      	movs	r1, #10
100051d8:	0030      	movs	r0, r6
100051da:	f000 fc29 	bl	10005a30 <__wrap___aeabi_uidiv>
100051de:	1c65      	adds	r5, r4, #1
100051e0:	3130      	adds	r1, #48	; 0x30
100051e2:	ab0c      	add	r3, sp, #48	; 0x30
100051e4:	5519      	strb	r1, [r3, r4]
100051e6:	210a      	movs	r1, #10
100051e8:	0030      	movs	r0, r6
100051ea:	f000 fc21 	bl	10005a30 <__wrap___aeabi_uidiv>
100051ee:	2e09      	cmp	r6, #9
100051f0:	d90e      	bls.n	10005210 <_ftoa+0x258>
100051f2:	0006      	movs	r6, r0
100051f4:	002c      	movs	r4, r5
100051f6:	e7eb      	b.n	100051d0 <_ftoa+0x218>
100051f8:	4655      	mov	r5, sl
100051fa:	2c1f      	cmp	r4, #31
100051fc:	d80c      	bhi.n	10005218 <_ftoa+0x260>
100051fe:	1e7b      	subs	r3, r7, #1
10005200:	2f00      	cmp	r7, #0
10005202:	d009      	beq.n	10005218 <_ftoa+0x260>
10005204:	aa0c      	add	r2, sp, #48	; 0x30
10005206:	2130      	movs	r1, #48	; 0x30
10005208:	5511      	strb	r1, [r2, r4]
1000520a:	001f      	movs	r7, r3
1000520c:	3401      	adds	r4, #1
1000520e:	e7f4      	b.n	100051fa <_ftoa+0x242>
10005210:	002b      	movs	r3, r5
10005212:	4655      	mov	r5, sl
10005214:	001c      	movs	r4, r3
10005216:	e7f0      	b.n	100051fa <_ftoa+0x242>
10005218:	2c1f      	cmp	r4, #31
1000521a:	d803      	bhi.n	10005224 <_ftoa+0x26c>
1000521c:	ab0c      	add	r3, sp, #48	; 0x30
1000521e:	222e      	movs	r2, #46	; 0x2e
10005220:	551a      	strb	r2, [r3, r4]
10005222:	3401      	adds	r4, #1
10005224:	2c1f      	cmp	r4, #31
10005226:	d810      	bhi.n	1000524a <_ftoa+0x292>
10005228:	210a      	movs	r1, #10
1000522a:	0028      	movs	r0, r5
1000522c:	f000 fbd8 	bl	100059e0 <__wrap___aeabi_idiv>
10005230:	1c66      	adds	r6, r4, #1
10005232:	3130      	adds	r1, #48	; 0x30
10005234:	ab0c      	add	r3, sp, #48	; 0x30
10005236:	5519      	strb	r1, [r3, r4]
10005238:	210a      	movs	r1, #10
1000523a:	0028      	movs	r0, r5
1000523c:	f000 fbd0 	bl	100059e0 <__wrap___aeabi_idiv>
10005240:	1e05      	subs	r5, r0, #0
10005242:	d001      	beq.n	10005248 <_ftoa+0x290>
10005244:	0034      	movs	r4, r6
10005246:	e7ed      	b.n	10005224 <_ftoa+0x26c>
10005248:	0034      	movs	r4, r6
1000524a:	2303      	movs	r3, #3
1000524c:	9a22      	ldr	r2, [sp, #136]	; 0x88
1000524e:	4013      	ands	r3, r2
10005250:	2b01      	cmp	r3, #1
10005252:	d01c      	beq.n	1000528e <_ftoa+0x2d6>
10005254:	2c1f      	cmp	r4, #31
10005256:	d806      	bhi.n	10005266 <_ftoa+0x2ae>
10005258:	4643      	mov	r3, r8
1000525a:	2b00      	cmp	r3, #0
1000525c:	d032      	beq.n	100052c4 <_ftoa+0x30c>
1000525e:	ab0c      	add	r3, sp, #48	; 0x30
10005260:	222d      	movs	r2, #45	; 0x2d
10005262:	551a      	strb	r2, [r3, r4]
10005264:	3401      	adds	r4, #1
10005266:	9b22      	ldr	r3, [sp, #136]	; 0x88
10005268:	9303      	str	r3, [sp, #12]
1000526a:	9b21      	ldr	r3, [sp, #132]	; 0x84
1000526c:	9302      	str	r3, [sp, #8]
1000526e:	9401      	str	r4, [sp, #4]
10005270:	ab0c      	add	r3, sp, #48	; 0x30
10005272:	9300      	str	r3, [sp, #0]
10005274:	464b      	mov	r3, r9
10005276:	465a      	mov	r2, fp
10005278:	9907      	ldr	r1, [sp, #28]
1000527a:	9806      	ldr	r0, [sp, #24]
1000527c:	f7ff fae2 	bl	10004844 <_out_rev>
10005280:	b015      	add	sp, #84	; 0x54
10005282:	bcf0      	pop	{r4, r5, r6, r7}
10005284:	46bb      	mov	fp, r7
10005286:	46b2      	mov	sl, r6
10005288:	46a9      	mov	r9, r5
1000528a:	46a0      	mov	r8, r4
1000528c:	bdf0      	pop	{r4, r5, r6, r7, pc}
1000528e:	9b21      	ldr	r3, [sp, #132]	; 0x84
10005290:	2b00      	cmp	r3, #0
10005292:	d013      	beq.n	100052bc <_ftoa+0x304>
10005294:	4643      	mov	r3, r8
10005296:	2b00      	cmp	r3, #0
10005298:	d102      	bne.n	100052a0 <_ftoa+0x2e8>
1000529a:	330c      	adds	r3, #12
1000529c:	4213      	tst	r3, r2
1000529e:	d00f      	beq.n	100052c0 <_ftoa+0x308>
100052a0:	9b21      	ldr	r3, [sp, #132]	; 0x84
100052a2:	3b01      	subs	r3, #1
100052a4:	9321      	str	r3, [sp, #132]	; 0x84
100052a6:	0019      	movs	r1, r3
100052a8:	e003      	b.n	100052b2 <_ftoa+0x2fa>
100052aa:	ab0c      	add	r3, sp, #48	; 0x30
100052ac:	2230      	movs	r2, #48	; 0x30
100052ae:	551a      	strb	r2, [r3, r4]
100052b0:	3401      	adds	r4, #1
100052b2:	428c      	cmp	r4, r1
100052b4:	d2ce      	bcs.n	10005254 <_ftoa+0x29c>
100052b6:	2c1f      	cmp	r4, #31
100052b8:	d9f7      	bls.n	100052aa <_ftoa+0x2f2>
100052ba:	e7cb      	b.n	10005254 <_ftoa+0x29c>
100052bc:	9921      	ldr	r1, [sp, #132]	; 0x84
100052be:	e7f8      	b.n	100052b2 <_ftoa+0x2fa>
100052c0:	9921      	ldr	r1, [sp, #132]	; 0x84
100052c2:	e7f6      	b.n	100052b2 <_ftoa+0x2fa>
100052c4:	9b22      	ldr	r3, [sp, #136]	; 0x88
100052c6:	075b      	lsls	r3, r3, #29
100052c8:	d504      	bpl.n	100052d4 <_ftoa+0x31c>
100052ca:	ab0c      	add	r3, sp, #48	; 0x30
100052cc:	222b      	movs	r2, #43	; 0x2b
100052ce:	551a      	strb	r2, [r3, r4]
100052d0:	3401      	adds	r4, #1
100052d2:	e7c8      	b.n	10005266 <_ftoa+0x2ae>
100052d4:	9b22      	ldr	r3, [sp, #136]	; 0x88
100052d6:	071b      	lsls	r3, r3, #28
100052d8:	d5c5      	bpl.n	10005266 <_ftoa+0x2ae>
100052da:	ab0c      	add	r3, sp, #48	; 0x30
100052dc:	2220      	movs	r2, #32
100052de:	551a      	strb	r2, [r3, r4]
100052e0:	3401      	adds	r4, #1
100052e2:	e7c0      	b.n	10005266 <_ftoa+0x2ae>
100052e4:	ffefffff 	.word	0xffefffff
100052e8:	7fefffff 	.word	0x7fefffff
100052ec:	41cdcd65 	.word	0x41cdcd65
100052f0:	c1cdcd65 	.word	0xc1cdcd65
100052f4:	1000a944 	.word	0x1000a944
100052f8:	1000a948 	.word	0x1000a948
100052fc:	1000a93c 	.word	0x1000a93c
10005300:	1000a938 	.word	0x1000a938
10005304:	1000ab30 	.word	0x1000ab30
10005308:	3fe00000 	.word	0x3fe00000

1000530c <_vsnprintf>:
1000530c:	b5f0      	push	{r4, r5, r6, r7, lr}
1000530e:	46de      	mov	lr, fp
10005310:	4657      	mov	r7, sl
10005312:	464e      	mov	r6, r9
10005314:	4645      	mov	r5, r8
10005316:	b5e0      	push	{r5, r6, r7, lr}
10005318:	b093      	sub	sp, #76	; 0x4c
1000531a:	4682      	mov	sl, r0
1000531c:	468b      	mov	fp, r1
1000531e:	4690      	mov	r8, r2
10005320:	9311      	str	r3, [sp, #68]	; 0x44
10005322:	2900      	cmp	r1, #0
10005324:	d100      	bne.n	10005328 <_vsnprintf+0x1c>
10005326:	e2eb      	b.n	10005900 <_vsnprintf+0x5f4>
10005328:	2700      	movs	r7, #0
1000532a:	4655      	mov	r5, sl
1000532c:	9b11      	ldr	r3, [sp, #68]	; 0x44
1000532e:	7818      	ldrb	r0, [r3, #0]
10005330:	2800      	cmp	r0, #0
10005332:	d100      	bne.n	10005336 <_vsnprintf+0x2a>
10005334:	e2e7      	b.n	10005906 <_vsnprintf+0x5fa>
10005336:	2825      	cmp	r0, #37	; 0x25
10005338:	d009      	beq.n	1000534e <_vsnprintf+0x42>
1000533a:	1c7c      	adds	r4, r7, #1
1000533c:	4643      	mov	r3, r8
1000533e:	003a      	movs	r2, r7
10005340:	4659      	mov	r1, fp
10005342:	47a8      	blx	r5
10005344:	9b11      	ldr	r3, [sp, #68]	; 0x44
10005346:	3301      	adds	r3, #1
10005348:	9311      	str	r3, [sp, #68]	; 0x44
1000534a:	0027      	movs	r7, r4
1000534c:	e7ee      	b.n	1000532c <_vsnprintf+0x20>
1000534e:	3301      	adds	r3, #1
10005350:	9311      	str	r3, [sp, #68]	; 0x44
10005352:	2400      	movs	r4, #0
10005354:	9a11      	ldr	r2, [sp, #68]	; 0x44
10005356:	7811      	ldrb	r1, [r2, #0]
10005358:	000b      	movs	r3, r1
1000535a:	3b20      	subs	r3, #32
1000535c:	b2d8      	uxtb	r0, r3
1000535e:	2810      	cmp	r0, #16
10005360:	d803      	bhi.n	1000536a <_vsnprintf+0x5e>
10005362:	0083      	lsls	r3, r0, #2
10005364:	48d0      	ldr	r0, [pc, #832]	; (100056a8 <_vsnprintf+0x39c>)
10005366:	58c3      	ldr	r3, [r0, r3]
10005368:	469f      	mov	pc, r3
1000536a:	000b      	movs	r3, r1
1000536c:	3b30      	subs	r3, #48	; 0x30
1000536e:	b2db      	uxtb	r3, r3
10005370:	2b09      	cmp	r3, #9
10005372:	d92c      	bls.n	100053ce <_vsnprintf+0xc2>
10005374:	292a      	cmp	r1, #42	; 0x2a
10005376:	d02f      	beq.n	100053d8 <_vsnprintf+0xcc>
10005378:	2300      	movs	r3, #0
1000537a:	930a      	str	r3, [sp, #40]	; 0x28
1000537c:	9b11      	ldr	r3, [sp, #68]	; 0x44
1000537e:	781a      	ldrb	r2, [r3, #0]
10005380:	2a2e      	cmp	r2, #46	; 0x2e
10005382:	d039      	beq.n	100053f8 <_vsnprintf+0xec>
10005384:	2300      	movs	r3, #0
10005386:	469a      	mov	sl, r3
10005388:	9a11      	ldr	r2, [sp, #68]	; 0x44
1000538a:	7813      	ldrb	r3, [r2, #0]
1000538c:	3b68      	subs	r3, #104	; 0x68
1000538e:	b2d9      	uxtb	r1, r3
10005390:	2912      	cmp	r1, #18
10005392:	d876      	bhi.n	10005482 <_vsnprintf+0x176>
10005394:	008b      	lsls	r3, r1, #2
10005396:	49c5      	ldr	r1, [pc, #788]	; (100056ac <_vsnprintf+0x3a0>)
10005398:	58cb      	ldr	r3, [r1, r3]
1000539a:	469f      	mov	pc, r3
1000539c:	2301      	movs	r3, #1
1000539e:	431c      	orrs	r4, r3
100053a0:	3201      	adds	r2, #1
100053a2:	9211      	str	r2, [sp, #68]	; 0x44
100053a4:	e7d6      	b.n	10005354 <_vsnprintf+0x48>
100053a6:	2302      	movs	r3, #2
100053a8:	431c      	orrs	r4, r3
100053aa:	3201      	adds	r2, #1
100053ac:	9211      	str	r2, [sp, #68]	; 0x44
100053ae:	e7d1      	b.n	10005354 <_vsnprintf+0x48>
100053b0:	2304      	movs	r3, #4
100053b2:	431c      	orrs	r4, r3
100053b4:	3201      	adds	r2, #1
100053b6:	9211      	str	r2, [sp, #68]	; 0x44
100053b8:	e7cc      	b.n	10005354 <_vsnprintf+0x48>
100053ba:	2308      	movs	r3, #8
100053bc:	431c      	orrs	r4, r3
100053be:	3201      	adds	r2, #1
100053c0:	9211      	str	r2, [sp, #68]	; 0x44
100053c2:	e7c7      	b.n	10005354 <_vsnprintf+0x48>
100053c4:	2310      	movs	r3, #16
100053c6:	431c      	orrs	r4, r3
100053c8:	3201      	adds	r2, #1
100053ca:	9211      	str	r2, [sp, #68]	; 0x44
100053cc:	e7c2      	b.n	10005354 <_vsnprintf+0x48>
100053ce:	a811      	add	r0, sp, #68	; 0x44
100053d0:	f7ff fa26 	bl	10004820 <_atoi>
100053d4:	900a      	str	r0, [sp, #40]	; 0x28
100053d6:	e7d1      	b.n	1000537c <_vsnprintf+0x70>
100053d8:	9b1c      	ldr	r3, [sp, #112]	; 0x70
100053da:	1d1a      	adds	r2, r3, #4
100053dc:	921c      	str	r2, [sp, #112]	; 0x70
100053de:	6818      	ldr	r0, [r3, #0]
100053e0:	2800      	cmp	r0, #0
100053e2:	db04      	blt.n	100053ee <_vsnprintf+0xe2>
100053e4:	900a      	str	r0, [sp, #40]	; 0x28
100053e6:	9b11      	ldr	r3, [sp, #68]	; 0x44
100053e8:	3301      	adds	r3, #1
100053ea:	9311      	str	r3, [sp, #68]	; 0x44
100053ec:	e7c6      	b.n	1000537c <_vsnprintf+0x70>
100053ee:	2302      	movs	r3, #2
100053f0:	431c      	orrs	r4, r3
100053f2:	4243      	negs	r3, r0
100053f4:	930a      	str	r3, [sp, #40]	; 0x28
100053f6:	e7f6      	b.n	100053e6 <_vsnprintf+0xda>
100053f8:	2280      	movs	r2, #128	; 0x80
100053fa:	00d2      	lsls	r2, r2, #3
100053fc:	4314      	orrs	r4, r2
100053fe:	1c5a      	adds	r2, r3, #1
10005400:	9211      	str	r2, [sp, #68]	; 0x44
10005402:	785a      	ldrb	r2, [r3, #1]
10005404:	0013      	movs	r3, r2
10005406:	3b30      	subs	r3, #48	; 0x30
10005408:	b2db      	uxtb	r3, r3
1000540a:	2b09      	cmp	r3, #9
1000540c:	d904      	bls.n	10005418 <_vsnprintf+0x10c>
1000540e:	2a2a      	cmp	r2, #42	; 0x2a
10005410:	d007      	beq.n	10005422 <_vsnprintf+0x116>
10005412:	2300      	movs	r3, #0
10005414:	469a      	mov	sl, r3
10005416:	e7b7      	b.n	10005388 <_vsnprintf+0x7c>
10005418:	a811      	add	r0, sp, #68	; 0x44
1000541a:	f7ff fa01 	bl	10004820 <_atoi>
1000541e:	4682      	mov	sl, r0
10005420:	e7b2      	b.n	10005388 <_vsnprintf+0x7c>
10005422:	9b1c      	ldr	r3, [sp, #112]	; 0x70
10005424:	1d1a      	adds	r2, r3, #4
10005426:	921c      	str	r2, [sp, #112]	; 0x70
10005428:	6818      	ldr	r0, [r3, #0]
1000542a:	2800      	cmp	r0, #0
1000542c:	db04      	blt.n	10005438 <_vsnprintf+0x12c>
1000542e:	4682      	mov	sl, r0
10005430:	9b11      	ldr	r3, [sp, #68]	; 0x44
10005432:	3301      	adds	r3, #1
10005434:	9311      	str	r3, [sp, #68]	; 0x44
10005436:	e7a7      	b.n	10005388 <_vsnprintf+0x7c>
10005438:	2000      	movs	r0, #0
1000543a:	e7f8      	b.n	1000542e <_vsnprintf+0x122>
1000543c:	2380      	movs	r3, #128	; 0x80
1000543e:	005b      	lsls	r3, r3, #1
10005440:	4323      	orrs	r3, r4
10005442:	1c51      	adds	r1, r2, #1
10005444:	9111      	str	r1, [sp, #68]	; 0x44
10005446:	7852      	ldrb	r2, [r2, #1]
10005448:	2a6c      	cmp	r2, #108	; 0x6c
1000544a:	d001      	beq.n	10005450 <_vsnprintf+0x144>
1000544c:	001c      	movs	r4, r3
1000544e:	e018      	b.n	10005482 <_vsnprintf+0x176>
10005450:	23c0      	movs	r3, #192	; 0xc0
10005452:	009b      	lsls	r3, r3, #2
10005454:	431c      	orrs	r4, r3
10005456:	3101      	adds	r1, #1
10005458:	9111      	str	r1, [sp, #68]	; 0x44
1000545a:	e012      	b.n	10005482 <_vsnprintf+0x176>
1000545c:	2380      	movs	r3, #128	; 0x80
1000545e:	4323      	orrs	r3, r4
10005460:	1c51      	adds	r1, r2, #1
10005462:	9111      	str	r1, [sp, #68]	; 0x44
10005464:	7852      	ldrb	r2, [r2, #1]
10005466:	2a68      	cmp	r2, #104	; 0x68
10005468:	d001      	beq.n	1000546e <_vsnprintf+0x162>
1000546a:	001c      	movs	r4, r3
1000546c:	e009      	b.n	10005482 <_vsnprintf+0x176>
1000546e:	23c0      	movs	r3, #192	; 0xc0
10005470:	431c      	orrs	r4, r3
10005472:	3101      	adds	r1, #1
10005474:	9111      	str	r1, [sp, #68]	; 0x44
10005476:	e004      	b.n	10005482 <_vsnprintf+0x176>
10005478:	2380      	movs	r3, #128	; 0x80
1000547a:	005b      	lsls	r3, r3, #1
1000547c:	431c      	orrs	r4, r3
1000547e:	3201      	adds	r2, #1
10005480:	9211      	str	r2, [sp, #68]	; 0x44
10005482:	9b11      	ldr	r3, [sp, #68]	; 0x44
10005484:	7818      	ldrb	r0, [r3, #0]
10005486:	0003      	movs	r3, r0
10005488:	3b25      	subs	r3, #37	; 0x25
1000548a:	b2da      	uxtb	r2, r3
1000548c:	2a53      	cmp	r2, #83	; 0x53
1000548e:	d900      	bls.n	10005492 <_vsnprintf+0x186>
10005490:	e22c      	b.n	100058ec <_vsnprintf+0x5e0>
10005492:	0093      	lsls	r3, r2, #2
10005494:	4a86      	ldr	r2, [pc, #536]	; (100056b0 <_vsnprintf+0x3a4>)
10005496:	58d3      	ldr	r3, [r2, r3]
10005498:	469f      	mov	pc, r3
1000549a:	2380      	movs	r3, #128	; 0x80
1000549c:	009b      	lsls	r3, r3, #2
1000549e:	431c      	orrs	r4, r3
100054a0:	3201      	adds	r2, #1
100054a2:	9211      	str	r2, [sp, #68]	; 0x44
100054a4:	e7ed      	b.n	10005482 <_vsnprintf+0x176>
100054a6:	2380      	movs	r3, #128	; 0x80
100054a8:	005b      	lsls	r3, r3, #1
100054aa:	431c      	orrs	r4, r3
100054ac:	3201      	adds	r2, #1
100054ae:	9211      	str	r2, [sp, #68]	; 0x44
100054b0:	e7e7      	b.n	10005482 <_vsnprintf+0x176>
100054b2:	2878      	cmp	r0, #120	; 0x78
100054b4:	d009      	beq.n	100054ca <_vsnprintf+0x1be>
100054b6:	2858      	cmp	r0, #88	; 0x58
100054b8:	d038      	beq.n	1000552c <_vsnprintf+0x220>
100054ba:	286f      	cmp	r0, #111	; 0x6f
100054bc:	d038      	beq.n	10005530 <_vsnprintf+0x224>
100054be:	2862      	cmp	r0, #98	; 0x62
100054c0:	d038      	beq.n	10005534 <_vsnprintf+0x228>
100054c2:	2310      	movs	r3, #16
100054c4:	439c      	bics	r4, r3
100054c6:	260a      	movs	r6, #10
100054c8:	e000      	b.n	100054cc <_vsnprintf+0x1c0>
100054ca:	2610      	movs	r6, #16
100054cc:	2858      	cmp	r0, #88	; 0x58
100054ce:	d033      	beq.n	10005538 <_vsnprintf+0x22c>
100054d0:	2869      	cmp	r0, #105	; 0x69
100054d2:	d003      	beq.n	100054dc <_vsnprintf+0x1d0>
100054d4:	2864      	cmp	r0, #100	; 0x64
100054d6:	d001      	beq.n	100054dc <_vsnprintf+0x1d0>
100054d8:	220c      	movs	r2, #12
100054da:	4394      	bics	r4, r2
100054dc:	0563      	lsls	r3, r4, #21
100054de:	d501      	bpl.n	100054e4 <_vsnprintf+0x1d8>
100054e0:	2201      	movs	r2, #1
100054e2:	4394      	bics	r4, r2
100054e4:	2869      	cmp	r0, #105	; 0x69
100054e6:	d02a      	beq.n	1000553e <_vsnprintf+0x232>
100054e8:	2864      	cmp	r0, #100	; 0x64
100054ea:	d028      	beq.n	1000553e <_vsnprintf+0x232>
100054ec:	05a3      	lsls	r3, r4, #22
100054ee:	d500      	bpl.n	100054f2 <_vsnprintf+0x1e6>
100054f0:	e09f      	b.n	10005632 <_vsnprintf+0x326>
100054f2:	05e3      	lsls	r3, r4, #23
100054f4:	d500      	bpl.n	100054f8 <_vsnprintf+0x1ec>
100054f6:	e0b8      	b.n	1000566a <_vsnprintf+0x35e>
100054f8:	0663      	lsls	r3, r4, #25
100054fa:	d400      	bmi.n	100054fe <_vsnprintf+0x1f2>
100054fc:	e0ca      	b.n	10005694 <_vsnprintf+0x388>
100054fe:	9a1c      	ldr	r2, [sp, #112]	; 0x70
10005500:	1d11      	adds	r1, r2, #4
10005502:	911c      	str	r1, [sp, #112]	; 0x70
10005504:	6811      	ldr	r1, [r2, #0]
10005506:	22ff      	movs	r2, #255	; 0xff
10005508:	400a      	ands	r2, r1
1000550a:	9405      	str	r4, [sp, #20]
1000550c:	9b0a      	ldr	r3, [sp, #40]	; 0x28
1000550e:	9304      	str	r3, [sp, #16]
10005510:	4653      	mov	r3, sl
10005512:	9303      	str	r3, [sp, #12]
10005514:	9602      	str	r6, [sp, #8]
10005516:	2300      	movs	r3, #0
10005518:	9301      	str	r3, [sp, #4]
1000551a:	9200      	str	r2, [sp, #0]
1000551c:	4643      	mov	r3, r8
1000551e:	003a      	movs	r2, r7
10005520:	4659      	mov	r1, fp
10005522:	0028      	movs	r0, r5
10005524:	f7ff fa6e 	bl	10004a04 <_ntoa_long>
10005528:	0007      	movs	r7, r0
1000552a:	e027      	b.n	1000557c <_vsnprintf+0x270>
1000552c:	2610      	movs	r6, #16
1000552e:	e7cd      	b.n	100054cc <_vsnprintf+0x1c0>
10005530:	2608      	movs	r6, #8
10005532:	e7cb      	b.n	100054cc <_vsnprintf+0x1c0>
10005534:	2602      	movs	r6, #2
10005536:	e7c9      	b.n	100054cc <_vsnprintf+0x1c0>
10005538:	2220      	movs	r2, #32
1000553a:	4314      	orrs	r4, r2
1000553c:	e7c8      	b.n	100054d0 <_vsnprintf+0x1c4>
1000553e:	05a3      	lsls	r3, r4, #22
10005540:	d420      	bmi.n	10005584 <_vsnprintf+0x278>
10005542:	05e3      	lsls	r3, r4, #23
10005544:	d450      	bmi.n	100055e8 <_vsnprintf+0x2dc>
10005546:	0663      	lsls	r3, r4, #25
10005548:	d566      	bpl.n	10005618 <_vsnprintf+0x30c>
1000554a:	9a1c      	ldr	r2, [sp, #112]	; 0x70
1000554c:	1d11      	adds	r1, r2, #4
1000554e:	911c      	str	r1, [sp, #112]	; 0x70
10005550:	6811      	ldr	r1, [r2, #0]
10005552:	22ff      	movs	r2, #255	; 0xff
10005554:	400a      	ands	r2, r1
10005556:	17d3      	asrs	r3, r2, #31
10005558:	18d1      	adds	r1, r2, r3
1000555a:	4059      	eors	r1, r3
1000555c:	9405      	str	r4, [sp, #20]
1000555e:	9b0a      	ldr	r3, [sp, #40]	; 0x28
10005560:	9304      	str	r3, [sp, #16]
10005562:	4653      	mov	r3, sl
10005564:	9303      	str	r3, [sp, #12]
10005566:	9602      	str	r6, [sp, #8]
10005568:	0fd2      	lsrs	r2, r2, #31
1000556a:	9201      	str	r2, [sp, #4]
1000556c:	9100      	str	r1, [sp, #0]
1000556e:	4643      	mov	r3, r8
10005570:	003a      	movs	r2, r7
10005572:	4659      	mov	r1, fp
10005574:	0028      	movs	r0, r5
10005576:	f7ff fa45 	bl	10004a04 <_ntoa_long>
1000557a:	0007      	movs	r7, r0
1000557c:	9b11      	ldr	r3, [sp, #68]	; 0x44
1000557e:	3301      	adds	r3, #1
10005580:	9311      	str	r3, [sp, #68]	; 0x44
10005582:	e6d3      	b.n	1000532c <_vsnprintf+0x20>
10005584:	9b1c      	ldr	r3, [sp, #112]	; 0x70
10005586:	1dda      	adds	r2, r3, #7
10005588:	2107      	movs	r1, #7
1000558a:	438a      	bics	r2, r1
1000558c:	0011      	movs	r1, r2
1000558e:	3108      	adds	r1, #8
10005590:	911c      	str	r1, [sp, #112]	; 0x70
10005592:	6811      	ldr	r1, [r2, #0]
10005594:	6853      	ldr	r3, [r2, #4]
10005596:	469c      	mov	ip, r3
10005598:	17db      	asrs	r3, r3, #31
1000559a:	930c      	str	r3, [sp, #48]	; 0x30
1000559c:	930d      	str	r3, [sp, #52]	; 0x34
1000559e:	9a0c      	ldr	r2, [sp, #48]	; 0x30
100055a0:	9b0d      	ldr	r3, [sp, #52]	; 0x34
100055a2:	0010      	movs	r0, r2
100055a4:	4048      	eors	r0, r1
100055a6:	900e      	str	r0, [sp, #56]	; 0x38
100055a8:	4662      	mov	r2, ip
100055aa:	4053      	eors	r3, r2
100055ac:	930f      	str	r3, [sp, #60]	; 0x3c
100055ae:	980e      	ldr	r0, [sp, #56]	; 0x38
100055b0:	990f      	ldr	r1, [sp, #60]	; 0x3c
100055b2:	9a0c      	ldr	r2, [sp, #48]	; 0x30
100055b4:	9b0d      	ldr	r3, [sp, #52]	; 0x34
100055b6:	1a80      	subs	r0, r0, r2
100055b8:	4199      	sbcs	r1, r3
100055ba:	900e      	str	r0, [sp, #56]	; 0x38
100055bc:	910f      	str	r1, [sp, #60]	; 0x3c
100055be:	9408      	str	r4, [sp, #32]
100055c0:	9b0a      	ldr	r3, [sp, #40]	; 0x28
100055c2:	9307      	str	r3, [sp, #28]
100055c4:	4653      	mov	r3, sl
100055c6:	9306      	str	r3, [sp, #24]
100055c8:	9604      	str	r6, [sp, #16]
100055ca:	2300      	movs	r3, #0
100055cc:	9305      	str	r3, [sp, #20]
100055ce:	4663      	mov	r3, ip
100055d0:	0fda      	lsrs	r2, r3, #31
100055d2:	9202      	str	r2, [sp, #8]
100055d4:	9000      	str	r0, [sp, #0]
100055d6:	9101      	str	r1, [sp, #4]
100055d8:	4643      	mov	r3, r8
100055da:	003a      	movs	r2, r7
100055dc:	4659      	mov	r1, fp
100055de:	0028      	movs	r0, r5
100055e0:	f7ff fa6e 	bl	10004ac0 <_ntoa_long_long>
100055e4:	0007      	movs	r7, r0
100055e6:	e7c9      	b.n	1000557c <_vsnprintf+0x270>
100055e8:	9a1c      	ldr	r2, [sp, #112]	; 0x70
100055ea:	1d11      	adds	r1, r2, #4
100055ec:	911c      	str	r1, [sp, #112]	; 0x70
100055ee:	6812      	ldr	r2, [r2, #0]
100055f0:	17d3      	asrs	r3, r2, #31
100055f2:	18d1      	adds	r1, r2, r3
100055f4:	4059      	eors	r1, r3
100055f6:	9405      	str	r4, [sp, #20]
100055f8:	9b0a      	ldr	r3, [sp, #40]	; 0x28
100055fa:	9304      	str	r3, [sp, #16]
100055fc:	4653      	mov	r3, sl
100055fe:	9303      	str	r3, [sp, #12]
10005600:	9602      	str	r6, [sp, #8]
10005602:	0fd2      	lsrs	r2, r2, #31
10005604:	9201      	str	r2, [sp, #4]
10005606:	9100      	str	r1, [sp, #0]
10005608:	4643      	mov	r3, r8
1000560a:	003a      	movs	r2, r7
1000560c:	4659      	mov	r1, fp
1000560e:	0028      	movs	r0, r5
10005610:	f7ff f9f8 	bl	10004a04 <_ntoa_long>
10005614:	0007      	movs	r7, r0
10005616:	e7b1      	b.n	1000557c <_vsnprintf+0x270>
10005618:	0623      	lsls	r3, r4, #24
1000561a:	d505      	bpl.n	10005628 <_vsnprintf+0x31c>
1000561c:	9a1c      	ldr	r2, [sp, #112]	; 0x70
1000561e:	1d11      	adds	r1, r2, #4
10005620:	911c      	str	r1, [sp, #112]	; 0x70
10005622:	2300      	movs	r3, #0
10005624:	5ed2      	ldrsh	r2, [r2, r3]
10005626:	e796      	b.n	10005556 <_vsnprintf+0x24a>
10005628:	9a1c      	ldr	r2, [sp, #112]	; 0x70
1000562a:	1d11      	adds	r1, r2, #4
1000562c:	911c      	str	r1, [sp, #112]	; 0x70
1000562e:	6812      	ldr	r2, [r2, #0]
10005630:	e791      	b.n	10005556 <_vsnprintf+0x24a>
10005632:	9b1c      	ldr	r3, [sp, #112]	; 0x70
10005634:	1dda      	adds	r2, r3, #7
10005636:	2107      	movs	r1, #7
10005638:	438a      	bics	r2, r1
1000563a:	0011      	movs	r1, r2
1000563c:	3108      	adds	r1, #8
1000563e:	911c      	str	r1, [sp, #112]	; 0x70
10005640:	9408      	str	r4, [sp, #32]
10005642:	9b0a      	ldr	r3, [sp, #40]	; 0x28
10005644:	9307      	str	r3, [sp, #28]
10005646:	4653      	mov	r3, sl
10005648:	9306      	str	r3, [sp, #24]
1000564a:	9604      	str	r6, [sp, #16]
1000564c:	2300      	movs	r3, #0
1000564e:	9305      	str	r3, [sp, #20]
10005650:	9302      	str	r3, [sp, #8]
10005652:	6813      	ldr	r3, [r2, #0]
10005654:	6854      	ldr	r4, [r2, #4]
10005656:	9300      	str	r3, [sp, #0]
10005658:	9401      	str	r4, [sp, #4]
1000565a:	4643      	mov	r3, r8
1000565c:	003a      	movs	r2, r7
1000565e:	4659      	mov	r1, fp
10005660:	0028      	movs	r0, r5
10005662:	f7ff fa2d 	bl	10004ac0 <_ntoa_long_long>
10005666:	0007      	movs	r7, r0
10005668:	e788      	b.n	1000557c <_vsnprintf+0x270>
1000566a:	9a1c      	ldr	r2, [sp, #112]	; 0x70
1000566c:	1d11      	adds	r1, r2, #4
1000566e:	911c      	str	r1, [sp, #112]	; 0x70
10005670:	9405      	str	r4, [sp, #20]
10005672:	9b0a      	ldr	r3, [sp, #40]	; 0x28
10005674:	9304      	str	r3, [sp, #16]
10005676:	4653      	mov	r3, sl
10005678:	9303      	str	r3, [sp, #12]
1000567a:	9602      	str	r6, [sp, #8]
1000567c:	2300      	movs	r3, #0
1000567e:	9301      	str	r3, [sp, #4]
10005680:	6813      	ldr	r3, [r2, #0]
10005682:	9300      	str	r3, [sp, #0]
10005684:	4643      	mov	r3, r8
10005686:	003a      	movs	r2, r7
10005688:	4659      	mov	r1, fp
1000568a:	0028      	movs	r0, r5
1000568c:	f7ff f9ba 	bl	10004a04 <_ntoa_long>
10005690:	0007      	movs	r7, r0
10005692:	e773      	b.n	1000557c <_vsnprintf+0x270>
10005694:	0623      	lsls	r3, r4, #24
10005696:	d50d      	bpl.n	100056b4 <_vsnprintf+0x3a8>
10005698:	9a1c      	ldr	r2, [sp, #112]	; 0x70
1000569a:	1d11      	adds	r1, r2, #4
1000569c:	911c      	str	r1, [sp, #112]	; 0x70
1000569e:	6812      	ldr	r2, [r2, #0]
100056a0:	0412      	lsls	r2, r2, #16
100056a2:	0c12      	lsrs	r2, r2, #16
100056a4:	e731      	b.n	1000550a <_vsnprintf+0x1fe>
100056a6:	46c0      	nop			; (mov r8, r8)
100056a8:	1000a950 	.word	0x1000a950
100056ac:	1000a994 	.word	0x1000a994
100056b0:	1000a9e0 	.word	0x1000a9e0
100056b4:	9a1c      	ldr	r2, [sp, #112]	; 0x70
100056b6:	1d11      	adds	r1, r2, #4
100056b8:	911c      	str	r1, [sp, #112]	; 0x70
100056ba:	6812      	ldr	r2, [r2, #0]
100056bc:	e725      	b.n	1000550a <_vsnprintf+0x1fe>
100056be:	2846      	cmp	r0, #70	; 0x46
100056c0:	d01a      	beq.n	100056f8 <_vsnprintf+0x3ec>
100056c2:	9b1c      	ldr	r3, [sp, #112]	; 0x70
100056c4:	3307      	adds	r3, #7
100056c6:	2207      	movs	r2, #7
100056c8:	4393      	bics	r3, r2
100056ca:	001a      	movs	r2, r3
100056cc:	3208      	adds	r2, #8
100056ce:	921c      	str	r2, [sp, #112]	; 0x70
100056d0:	9404      	str	r4, [sp, #16]
100056d2:	9a0a      	ldr	r2, [sp, #40]	; 0x28
100056d4:	9203      	str	r2, [sp, #12]
100056d6:	4652      	mov	r2, sl
100056d8:	9202      	str	r2, [sp, #8]
100056da:	685c      	ldr	r4, [r3, #4]
100056dc:	681b      	ldr	r3, [r3, #0]
100056de:	9300      	str	r3, [sp, #0]
100056e0:	9401      	str	r4, [sp, #4]
100056e2:	4643      	mov	r3, r8
100056e4:	003a      	movs	r2, r7
100056e6:	4659      	mov	r1, fp
100056e8:	0028      	movs	r0, r5
100056ea:	f7ff fc65 	bl	10004fb8 <_ftoa>
100056ee:	0007      	movs	r7, r0
100056f0:	9b11      	ldr	r3, [sp, #68]	; 0x44
100056f2:	3301      	adds	r3, #1
100056f4:	9311      	str	r3, [sp, #68]	; 0x44
100056f6:	e619      	b.n	1000532c <_vsnprintf+0x20>
100056f8:	2320      	movs	r3, #32
100056fa:	431c      	orrs	r4, r3
100056fc:	e7e1      	b.n	100056c2 <_vsnprintf+0x3b6>
100056fe:	2867      	cmp	r0, #103	; 0x67
10005700:	d001      	beq.n	10005706 <_vsnprintf+0x3fa>
10005702:	2847      	cmp	r0, #71	; 0x47
10005704:	d102      	bne.n	1000570c <_vsnprintf+0x400>
10005706:	2380      	movs	r3, #128	; 0x80
10005708:	011b      	lsls	r3, r3, #4
1000570a:	431c      	orrs	r4, r3
1000570c:	2845      	cmp	r0, #69	; 0x45
1000570e:	d001      	beq.n	10005714 <_vsnprintf+0x408>
10005710:	2847      	cmp	r0, #71	; 0x47
10005712:	d101      	bne.n	10005718 <_vsnprintf+0x40c>
10005714:	2320      	movs	r3, #32
10005716:	431c      	orrs	r4, r3
10005718:	9b1c      	ldr	r3, [sp, #112]	; 0x70
1000571a:	3307      	adds	r3, #7
1000571c:	2207      	movs	r2, #7
1000571e:	4393      	bics	r3, r2
10005720:	001a      	movs	r2, r3
10005722:	3208      	adds	r2, #8
10005724:	921c      	str	r2, [sp, #112]	; 0x70
10005726:	9404      	str	r4, [sp, #16]
10005728:	9a0a      	ldr	r2, [sp, #40]	; 0x28
1000572a:	9203      	str	r2, [sp, #12]
1000572c:	4652      	mov	r2, sl
1000572e:	9202      	str	r2, [sp, #8]
10005730:	685c      	ldr	r4, [r3, #4]
10005732:	681b      	ldr	r3, [r3, #0]
10005734:	9300      	str	r3, [sp, #0]
10005736:	9401      	str	r4, [sp, #4]
10005738:	4643      	mov	r3, r8
1000573a:	003a      	movs	r2, r7
1000573c:	4659      	mov	r1, fp
1000573e:	0028      	movs	r0, r5
10005740:	f7ff fa30 	bl	10004ba4 <_etoa>
10005744:	0007      	movs	r7, r0
10005746:	9b11      	ldr	r3, [sp, #68]	; 0x44
10005748:	3301      	adds	r3, #1
1000574a:	9311      	str	r3, [sp, #68]	; 0x44
1000574c:	e5ee      	b.n	1000532c <_vsnprintf+0x20>
1000574e:	2302      	movs	r3, #2
10005750:	001a      	movs	r2, r3
10005752:	4022      	ands	r2, r4
10005754:	4692      	mov	sl, r2
10005756:	4223      	tst	r3, r4
10005758:	d01f      	beq.n	1000579a <_vsnprintf+0x48e>
1000575a:	2401      	movs	r4, #1
1000575c:	9b1c      	ldr	r3, [sp, #112]	; 0x70
1000575e:	1d1a      	adds	r2, r3, #4
10005760:	921c      	str	r2, [sp, #112]	; 0x70
10005762:	1c7a      	adds	r2, r7, #1
10005764:	4691      	mov	r9, r2
10005766:	7818      	ldrb	r0, [r3, #0]
10005768:	4643      	mov	r3, r8
1000576a:	003a      	movs	r2, r7
1000576c:	4659      	mov	r1, fp
1000576e:	47a8      	blx	r5
10005770:	4653      	mov	r3, sl
10005772:	2b00      	cmp	r3, #0
10005774:	d116      	bne.n	100057a4 <_vsnprintf+0x498>
10005776:	9b11      	ldr	r3, [sp, #68]	; 0x44
10005778:	3301      	adds	r3, #1
1000577a:	9311      	str	r3, [sp, #68]	; 0x44
1000577c:	464f      	mov	r7, r9
1000577e:	e5d5      	b.n	1000532c <_vsnprintf+0x20>
10005780:	1c56      	adds	r6, r2, #1
10005782:	4643      	mov	r3, r8
10005784:	4659      	mov	r1, fp
10005786:	2020      	movs	r0, #32
10005788:	47b8      	blx	r7
1000578a:	0023      	movs	r3, r4
1000578c:	0032      	movs	r2, r6
1000578e:	1c5c      	adds	r4, r3, #1
10005790:	429d      	cmp	r5, r3
10005792:	d8f5      	bhi.n	10005780 <_vsnprintf+0x474>
10005794:	003d      	movs	r5, r7
10005796:	0017      	movs	r7, r2
10005798:	e7e0      	b.n	1000575c <_vsnprintf+0x450>
1000579a:	2301      	movs	r3, #1
1000579c:	003a      	movs	r2, r7
1000579e:	002f      	movs	r7, r5
100057a0:	9d0a      	ldr	r5, [sp, #40]	; 0x28
100057a2:	e7f4      	b.n	1000578e <_vsnprintf+0x482>
100057a4:	464a      	mov	r2, r9
100057a6:	46a9      	mov	r9, r5
100057a8:	9d0a      	ldr	r5, [sp, #40]	; 0x28
100057aa:	e006      	b.n	100057ba <_vsnprintf+0x4ae>
100057ac:	1c57      	adds	r7, r2, #1
100057ae:	4643      	mov	r3, r8
100057b0:	4659      	mov	r1, fp
100057b2:	2020      	movs	r0, #32
100057b4:	47c8      	blx	r9
100057b6:	0034      	movs	r4, r6
100057b8:	003a      	movs	r2, r7
100057ba:	1c66      	adds	r6, r4, #1
100057bc:	42a5      	cmp	r5, r4
100057be:	d8f5      	bhi.n	100057ac <_vsnprintf+0x4a0>
100057c0:	464d      	mov	r5, r9
100057c2:	4691      	mov	r9, r2
100057c4:	e7d7      	b.n	10005776 <_vsnprintf+0x46a>
100057c6:	9b1c      	ldr	r3, [sp, #112]	; 0x70
100057c8:	1d1a      	adds	r2, r3, #4
100057ca:	921c      	str	r2, [sp, #112]	; 0x70
100057cc:	681b      	ldr	r3, [r3, #0]
100057ce:	4699      	mov	r9, r3
100057d0:	4653      	mov	r3, sl
100057d2:	2b00      	cmp	r3, #0
100057d4:	d100      	bne.n	100057d8 <_vsnprintf+0x4cc>
100057d6:	3b01      	subs	r3, #1
100057d8:	464e      	mov	r6, r9
100057da:	e001      	b.n	100057e0 <_vsnprintf+0x4d4>
100057dc:	3601      	adds	r6, #1
100057de:	0013      	movs	r3, r2
100057e0:	7832      	ldrb	r2, [r6, #0]
100057e2:	2a00      	cmp	r2, #0
100057e4:	d002      	beq.n	100057ec <_vsnprintf+0x4e0>
100057e6:	1e5a      	subs	r2, r3, #1
100057e8:	2b00      	cmp	r3, #0
100057ea:	d1f7      	bne.n	100057dc <_vsnprintf+0x4d0>
100057ec:	464b      	mov	r3, r9
100057ee:	1af2      	subs	r2, r6, r3
100057f0:	9210      	str	r2, [sp, #64]	; 0x40
100057f2:	2380      	movs	r3, #128	; 0x80
100057f4:	00db      	lsls	r3, r3, #3
100057f6:	0026      	movs	r6, r4
100057f8:	401e      	ands	r6, r3
100057fa:	421c      	tst	r4, r3
100057fc:	d003      	beq.n	10005806 <_vsnprintf+0x4fa>
100057fe:	4552      	cmp	r2, sl
10005800:	d901      	bls.n	10005806 <_vsnprintf+0x4fa>
10005802:	4653      	mov	r3, sl
10005804:	9310      	str	r3, [sp, #64]	; 0x40
10005806:	2302      	movs	r3, #2
10005808:	001a      	movs	r2, r3
1000580a:	4022      	ands	r2, r4
1000580c:	920b      	str	r2, [sp, #44]	; 0x2c
1000580e:	4223      	tst	r3, r4
10005810:	d005      	beq.n	1000581e <_vsnprintf+0x512>
10005812:	003a      	movs	r2, r7
10005814:	0037      	movs	r7, r6
10005816:	464c      	mov	r4, r9
10005818:	46a9      	mov	r9, r5
1000581a:	4655      	mov	r5, sl
1000581c:	e020      	b.n	10005860 <_vsnprintf+0x554>
1000581e:	003a      	movs	r2, r7
10005820:	9b10      	ldr	r3, [sp, #64]	; 0x40
10005822:	465f      	mov	r7, fp
10005824:	46b3      	mov	fp, r6
10005826:	002e      	movs	r6, r5
10005828:	e006      	b.n	10005838 <_vsnprintf+0x52c>
1000582a:	1c55      	adds	r5, r2, #1
1000582c:	4643      	mov	r3, r8
1000582e:	0039      	movs	r1, r7
10005830:	2020      	movs	r0, #32
10005832:	47b0      	blx	r6
10005834:	0023      	movs	r3, r4
10005836:	002a      	movs	r2, r5
10005838:	1c5c      	adds	r4, r3, #1
1000583a:	990a      	ldr	r1, [sp, #40]	; 0x28
1000583c:	4299      	cmp	r1, r3
1000583e:	d8f4      	bhi.n	1000582a <_vsnprintf+0x51e>
10005840:	0035      	movs	r5, r6
10005842:	465e      	mov	r6, fp
10005844:	46bb      	mov	fp, r7
10005846:	9410      	str	r4, [sp, #64]	; 0x40
10005848:	0037      	movs	r7, r6
1000584a:	464c      	mov	r4, r9
1000584c:	46a9      	mov	r9, r5
1000584e:	4655      	mov	r5, sl
10005850:	e006      	b.n	10005860 <_vsnprintf+0x554>
10005852:	001d      	movs	r5, r3
10005854:	3401      	adds	r4, #1
10005856:	1c56      	adds	r6, r2, #1
10005858:	4643      	mov	r3, r8
1000585a:	4659      	mov	r1, fp
1000585c:	47c8      	blx	r9
1000585e:	0032      	movs	r2, r6
10005860:	7820      	ldrb	r0, [r4, #0]
10005862:	2800      	cmp	r0, #0
10005864:	d004      	beq.n	10005870 <_vsnprintf+0x564>
10005866:	2f00      	cmp	r7, #0
10005868:	d0f4      	beq.n	10005854 <_vsnprintf+0x548>
1000586a:	1e6b      	subs	r3, r5, #1
1000586c:	2d00      	cmp	r5, #0
1000586e:	d1f0      	bne.n	10005852 <_vsnprintf+0x546>
10005870:	0017      	movs	r7, r2
10005872:	464d      	mov	r5, r9
10005874:	9b0b      	ldr	r3, [sp, #44]	; 0x2c
10005876:	2b00      	cmp	r3, #0
10005878:	d103      	bne.n	10005882 <_vsnprintf+0x576>
1000587a:	9b11      	ldr	r3, [sp, #68]	; 0x44
1000587c:	3301      	adds	r3, #1
1000587e:	9311      	str	r3, [sp, #68]	; 0x44
10005880:	e554      	b.n	1000532c <_vsnprintf+0x20>
10005882:	9f0a      	ldr	r7, [sp, #40]	; 0x28
10005884:	9b10      	ldr	r3, [sp, #64]	; 0x40
10005886:	e006      	b.n	10005896 <_vsnprintf+0x58a>
10005888:	1c56      	adds	r6, r2, #1
1000588a:	4643      	mov	r3, r8
1000588c:	4659      	mov	r1, fp
1000588e:	2020      	movs	r0, #32
10005890:	47a8      	blx	r5
10005892:	0023      	movs	r3, r4
10005894:	0032      	movs	r2, r6
10005896:	1c5c      	adds	r4, r3, #1
10005898:	429f      	cmp	r7, r3
1000589a:	d8f5      	bhi.n	10005888 <_vsnprintf+0x57c>
1000589c:	0017      	movs	r7, r2
1000589e:	e7ec      	b.n	1000587a <_vsnprintf+0x56e>
100058a0:	2321      	movs	r3, #33	; 0x21
100058a2:	431c      	orrs	r4, r3
100058a4:	9b1c      	ldr	r3, [sp, #112]	; 0x70
100058a6:	1d1a      	adds	r2, r3, #4
100058a8:	921c      	str	r2, [sp, #112]	; 0x70
100058aa:	681b      	ldr	r3, [r3, #0]
100058ac:	9300      	str	r3, [sp, #0]
100058ae:	9405      	str	r4, [sp, #20]
100058b0:	2308      	movs	r3, #8
100058b2:	9304      	str	r3, [sp, #16]
100058b4:	4653      	mov	r3, sl
100058b6:	9303      	str	r3, [sp, #12]
100058b8:	2310      	movs	r3, #16
100058ba:	9302      	str	r3, [sp, #8]
100058bc:	2300      	movs	r3, #0
100058be:	9301      	str	r3, [sp, #4]
100058c0:	4643      	mov	r3, r8
100058c2:	003a      	movs	r2, r7
100058c4:	4659      	mov	r1, fp
100058c6:	0028      	movs	r0, r5
100058c8:	f7ff f89c 	bl	10004a04 <_ntoa_long>
100058cc:	0007      	movs	r7, r0
100058ce:	9b11      	ldr	r3, [sp, #68]	; 0x44
100058d0:	3301      	adds	r3, #1
100058d2:	9311      	str	r3, [sp, #68]	; 0x44
100058d4:	e52a      	b.n	1000532c <_vsnprintf+0x20>
100058d6:	1c7c      	adds	r4, r7, #1
100058d8:	4643      	mov	r3, r8
100058da:	003a      	movs	r2, r7
100058dc:	4659      	mov	r1, fp
100058de:	2025      	movs	r0, #37	; 0x25
100058e0:	47a8      	blx	r5
100058e2:	9b11      	ldr	r3, [sp, #68]	; 0x44
100058e4:	3301      	adds	r3, #1
100058e6:	9311      	str	r3, [sp, #68]	; 0x44
100058e8:	0027      	movs	r7, r4
100058ea:	e51f      	b.n	1000532c <_vsnprintf+0x20>
100058ec:	1c7c      	adds	r4, r7, #1
100058ee:	4643      	mov	r3, r8
100058f0:	003a      	movs	r2, r7
100058f2:	4659      	mov	r1, fp
100058f4:	47a8      	blx	r5
100058f6:	9b11      	ldr	r3, [sp, #68]	; 0x44
100058f8:	3301      	adds	r3, #1
100058fa:	9311      	str	r3, [sp, #68]	; 0x44
100058fc:	0027      	movs	r7, r4
100058fe:	e515      	b.n	1000532c <_vsnprintf+0x20>
10005900:	4b0a      	ldr	r3, [pc, #40]	; (1000592c <_vsnprintf+0x620>)
10005902:	469a      	mov	sl, r3
10005904:	e510      	b.n	10005328 <_vsnprintf+0x1c>
10005906:	46aa      	mov	sl, r5
10005908:	4547      	cmp	r7, r8
1000590a:	d302      	bcc.n	10005912 <_vsnprintf+0x606>
1000590c:	4643      	mov	r3, r8
1000590e:	1e5a      	subs	r2, r3, #1
10005910:	e000      	b.n	10005914 <_vsnprintf+0x608>
10005912:	003a      	movs	r2, r7
10005914:	4643      	mov	r3, r8
10005916:	4659      	mov	r1, fp
10005918:	2000      	movs	r0, #0
1000591a:	47d0      	blx	sl
1000591c:	0038      	movs	r0, r7
1000591e:	b013      	add	sp, #76	; 0x4c
10005920:	bcf0      	pop	{r4, r5, r6, r7}
10005922:	46bb      	mov	fp, r7
10005924:	46b2      	mov	sl, r6
10005926:	46a9      	mov	r9, r5
10005928:	46a0      	mov	r8, r4
1000592a:	bdf0      	pop	{r4, r5, r6, r7, pc}
1000592c:	10004811 	.word	0x10004811

10005930 <__wrap_sprintf>:
10005930:	b40e      	push	{r1, r2, r3}
10005932:	b510      	push	{r4, lr}
10005934:	b085      	sub	sp, #20
10005936:	0001      	movs	r1, r0
10005938:	ac07      	add	r4, sp, #28
1000593a:	cc08      	ldmia	r4!, {r3}
1000593c:	9403      	str	r4, [sp, #12]
1000593e:	2201      	movs	r2, #1
10005940:	9400      	str	r4, [sp, #0]
10005942:	4252      	negs	r2, r2
10005944:	4803      	ldr	r0, [pc, #12]	; (10005954 <__wrap_sprintf+0x24>)
10005946:	f7ff fce1 	bl	1000530c <_vsnprintf>
1000594a:	b005      	add	sp, #20
1000594c:	bc10      	pop	{r4}
1000594e:	bc08      	pop	{r3}
10005950:	b003      	add	sp, #12
10005952:	4718      	bx	r3
10005954:	10004809 	.word	0x10004809

10005958 <vfctprintf>:
10005958:	b500      	push	{lr}
1000595a:	b085      	sub	sp, #20
1000595c:	9002      	str	r0, [sp, #8]
1000595e:	9103      	str	r1, [sp, #12]
10005960:	2101      	movs	r1, #1
10005962:	9300      	str	r3, [sp, #0]
10005964:	0013      	movs	r3, r2
10005966:	424a      	negs	r2, r1
10005968:	a902      	add	r1, sp, #8
1000596a:	4802      	ldr	r0, [pc, #8]	; (10005974 <vfctprintf+0x1c>)
1000596c:	f7ff fcce 	bl	1000530c <_vsnprintf>
10005970:	b005      	add	sp, #20
10005972:	bd00      	pop	{pc}
10005974:	10004813 	.word	0x10004813

10005978 <__aeabi_bits_init>:
10005978:	4801      	ldr	r0, [pc, #4]	; (10005980 <__aeabi_bits_init+0x8>)
1000597a:	2104      	movs	r1, #4
1000597c:	4b01      	ldr	r3, [pc, #4]	; (10005984 <__aeabi_bits_init+0xc>)
1000597e:	4718      	bx	r3
10005980:	20000e70 	.word	0x20000e70
10005984:	100059a9 	.word	0x100059a9

10005988 <rom_func_lookup>:
10005988:	b510      	push	{r4, lr}
1000598a:	0001      	movs	r1, r0
1000598c:	2318      	movs	r3, #24
1000598e:	881b      	ldrh	r3, [r3, #0]
10005990:	2214      	movs	r2, #20
10005992:	8810      	ldrh	r0, [r2, #0]
10005994:	4798      	blx	r3
10005996:	bd10      	pop	{r4, pc}

10005998 <rom_data_lookup>:
10005998:	b510      	push	{r4, lr}
1000599a:	0001      	movs	r1, r0
1000599c:	2318      	movs	r3, #24
1000599e:	881b      	ldrh	r3, [r3, #0]
100059a0:	2216      	movs	r2, #22
100059a2:	8810      	ldrh	r0, [r2, #0]
100059a4:	4798      	blx	r3
100059a6:	bd10      	pop	{r4, pc}

100059a8 <rom_funcs_lookup>:
100059a8:	b5f0      	push	{r4, r5, r6, r7, lr}
100059aa:	46c6      	mov	lr, r8
100059ac:	b500      	push	{lr}
100059ae:	0007      	movs	r7, r0
100059b0:	000e      	movs	r6, r1
100059b2:	2500      	movs	r5, #0
100059b4:	2301      	movs	r3, #1
100059b6:	4698      	mov	r8, r3
100059b8:	e000      	b.n	100059bc <rom_funcs_lookup+0x14>
100059ba:	3501      	adds	r5, #1
100059bc:	42b5      	cmp	r5, r6
100059be:	d20a      	bcs.n	100059d6 <rom_funcs_lookup+0x2e>
100059c0:	00ac      	lsls	r4, r5, #2
100059c2:	193c      	adds	r4, r7, r4
100059c4:	6820      	ldr	r0, [r4, #0]
100059c6:	f7ff ffdf 	bl	10005988 <rom_func_lookup>
100059ca:	6020      	str	r0, [r4, #0]
100059cc:	2800      	cmp	r0, #0
100059ce:	d1f4      	bne.n	100059ba <rom_funcs_lookup+0x12>
100059d0:	2300      	movs	r3, #0
100059d2:	4698      	mov	r8, r3
100059d4:	e7f1      	b.n	100059ba <rom_funcs_lookup+0x12>
100059d6:	4640      	mov	r0, r8
100059d8:	bc80      	pop	{r7}
100059da:	46b8      	mov	r8, r7
100059dc:	bdf0      	pop	{r4, r5, r6, r7, pc}
	...

100059e0 <__wrap___aeabi_idiv>:
100059e0:	4a12      	ldr	r2, [pc, #72]	; (10005a2c <divmod_s32s32_savestate+0x18>)
100059e2:	6f93      	ldr	r3, [r2, #120]	; 0x78
100059e4:	089b      	lsrs	r3, r3, #2
100059e6:	d215      	bcs.n	10005a14 <divmod_s32s32_savestate>

100059e8 <divmod_s32s32_unsafe>:
100059e8:	6690      	str	r0, [r2, #104]	; 0x68
100059ea:	66d1      	str	r1, [r2, #108]	; 0x6c
100059ec:	2900      	cmp	r1, #0
100059ee:	d005      	beq.n	100059fc <divmod_s32s32_unsafe+0x14>
100059f0:	e7ff      	b.n	100059f2 <divmod_s32s32_unsafe+0xa>
100059f2:	e7ff      	b.n	100059f4 <divmod_s32s32_unsafe+0xc>
100059f4:	e7ff      	b.n	100059f6 <divmod_s32s32_unsafe+0xe>
100059f6:	6f51      	ldr	r1, [r2, #116]	; 0x74
100059f8:	6f10      	ldr	r0, [r2, #112]	; 0x70
100059fa:	4770      	bx	lr
100059fc:	b504      	push	{r2, lr}
100059fe:	2180      	movs	r1, #128	; 0x80
10005a00:	0609      	lsls	r1, r1, #24
10005a02:	17c2      	asrs	r2, r0, #31
10005a04:	4051      	eors	r1, r2
10005a06:	2800      	cmp	r0, #0
10005a08:	d000      	beq.n	10005a0c <divmod_s32s32_unsafe+0x24>
10005a0a:	43c8      	mvns	r0, r1
10005a0c:	f003 fb00 	bl	10009010 <____aeabi_idiv0_veneer>
10005a10:	2100      	movs	r1, #0
10005a12:	bd04      	pop	{r2, pc}

10005a14 <divmod_s32s32_savestate>:
10005a14:	b5f0      	push	{r4, r5, r6, r7, lr}
10005a16:	6e14      	ldr	r4, [r2, #96]	; 0x60
10005a18:	6e55      	ldr	r5, [r2, #100]	; 0x64
10005a1a:	6f57      	ldr	r7, [r2, #116]	; 0x74
10005a1c:	6f16      	ldr	r6, [r2, #112]	; 0x70
10005a1e:	f7ff ffe3 	bl	100059e8 <divmod_s32s32_unsafe>
10005a22:	6614      	str	r4, [r2, #96]	; 0x60
10005a24:	6655      	str	r5, [r2, #100]	; 0x64
10005a26:	6757      	str	r7, [r2, #116]	; 0x74
10005a28:	6716      	str	r6, [r2, #112]	; 0x70
10005a2a:	bdf0      	pop	{r4, r5, r6, r7, pc}
10005a2c:	d0000000 	.word	0xd0000000

10005a30 <__wrap___aeabi_uidiv>:
10005a30:	4a11      	ldr	r2, [pc, #68]	; (10005a78 <divmod_u32u32_savestate+0x18>)
10005a32:	6f93      	ldr	r3, [r2, #120]	; 0x78
10005a34:	089b      	lsrs	r3, r3, #2
10005a36:	d213      	bcs.n	10005a60 <divmod_u32u32_savestate>

10005a38 <divmod_u32u32_unsafe>:
10005a38:	6610      	str	r0, [r2, #96]	; 0x60
10005a3a:	6651      	str	r1, [r2, #100]	; 0x64
10005a3c:	2900      	cmp	r1, #0
10005a3e:	d005      	beq.n	10005a4c <divmod_u32u32_unsafe+0x14>
10005a40:	e7ff      	b.n	10005a42 <divmod_u32u32_unsafe+0xa>
10005a42:	e7ff      	b.n	10005a44 <divmod_u32u32_unsafe+0xc>
10005a44:	e7ff      	b.n	10005a46 <divmod_u32u32_unsafe+0xe>
10005a46:	6f51      	ldr	r1, [r2, #116]	; 0x74
10005a48:	6f10      	ldr	r0, [r2, #112]	; 0x70
10005a4a:	4770      	bx	lr
10005a4c:	b504      	push	{r2, lr}
10005a4e:	2800      	cmp	r0, #0
10005a50:	d001      	beq.n	10005a56 <divmod_u32u32_unsafe+0x1e>
10005a52:	2000      	movs	r0, #0
10005a54:	43c0      	mvns	r0, r0
10005a56:	f003 fadb 	bl	10009010 <____aeabi_idiv0_veneer>
10005a5a:	2100      	movs	r1, #0
10005a5c:	bd04      	pop	{r2, pc}
10005a5e:	46c0      	nop			; (mov r8, r8)

10005a60 <divmod_u32u32_savestate>:
10005a60:	b5f0      	push	{r4, r5, r6, r7, lr}
10005a62:	6e14      	ldr	r4, [r2, #96]	; 0x60
10005a64:	6e55      	ldr	r5, [r2, #100]	; 0x64
10005a66:	6f57      	ldr	r7, [r2, #116]	; 0x74
10005a68:	6f16      	ldr	r6, [r2, #112]	; 0x70
10005a6a:	f7ff ffe5 	bl	10005a38 <divmod_u32u32_unsafe>
10005a6e:	6614      	str	r4, [r2, #96]	; 0x60
10005a70:	6655      	str	r5, [r2, #100]	; 0x64
10005a72:	6757      	str	r7, [r2, #116]	; 0x74
10005a74:	6716      	str	r6, [r2, #112]	; 0x70
10005a76:	bdf0      	pop	{r4, r5, r6, r7, pc}
10005a78:	d0000000 	.word	0xd0000000

10005a7c <__wrap___aeabi_ldivmod>:
10005a7c:	4694      	mov	ip, r2
10005a7e:	4a4a      	ldr	r2, [pc, #296]	; (10005ba8 <udiv0+0x1a>)
10005a80:	6f92      	ldr	r2, [r2, #120]	; 0x78
10005a82:	0892      	lsrs	r2, r2, #2
10005a84:	4662      	mov	r2, ip
10005a86:	d201      	bcs.n	10005a8c <divmod_s64s64_savestate>
10005a88:	e028      	b.n	10005adc <divmod_s64s64_unsafe>
10005a8a:	46c0      	nop			; (mov r8, r8)

10005a8c <divmod_s64s64_savestate>:
10005a8c:	b5f0      	push	{r4, r5, r6, r7, lr}
10005a8e:	4e46      	ldr	r6, [pc, #280]	; (10005ba8 <udiv0+0x1a>)
10005a90:	6e34      	ldr	r4, [r6, #96]	; 0x60
10005a92:	6e75      	ldr	r5, [r6, #100]	; 0x64
10005a94:	6f77      	ldr	r7, [r6, #116]	; 0x74
10005a96:	6f36      	ldr	r6, [r6, #112]	; 0x70
10005a98:	f000 f820 	bl	10005adc <divmod_s64s64_unsafe>
10005a9c:	4694      	mov	ip, r2
10005a9e:	4a42      	ldr	r2, [pc, #264]	; (10005ba8 <udiv0+0x1a>)
10005aa0:	6614      	str	r4, [r2, #96]	; 0x60
10005aa2:	6655      	str	r5, [r2, #100]	; 0x64
10005aa4:	6757      	str	r7, [r2, #116]	; 0x74
10005aa6:	6716      	str	r6, [r2, #112]	; 0x70
10005aa8:	4662      	mov	r2, ip
10005aaa:	bdf0      	pop	{r4, r5, r6, r7, pc}

10005aac <__wrap___aeabi_uldivmod>:
10005aac:	4694      	mov	ip, r2
10005aae:	4a3e      	ldr	r2, [pc, #248]	; (10005ba8 <udiv0+0x1a>)
10005ab0:	6f92      	ldr	r2, [r2, #120]	; 0x78
10005ab2:	0892      	lsrs	r2, r2, #2
10005ab4:	4662      	mov	r2, ip
10005ab6:	d201      	bcs.n	10005abc <divmod_u64u64_savestate>
10005ab8:	e054      	b.n	10005b64 <divmod_u64u64_unsafe>
10005aba:	46c0      	nop			; (mov r8, r8)

10005abc <divmod_u64u64_savestate>:
10005abc:	b5f0      	push	{r4, r5, r6, r7, lr}
10005abe:	4e3a      	ldr	r6, [pc, #232]	; (10005ba8 <udiv0+0x1a>)
10005ac0:	6e34      	ldr	r4, [r6, #96]	; 0x60
10005ac2:	6e75      	ldr	r5, [r6, #100]	; 0x64
10005ac4:	6f77      	ldr	r7, [r6, #116]	; 0x74
10005ac6:	6f36      	ldr	r6, [r6, #112]	; 0x70
10005ac8:	f000 f84c 	bl	10005b64 <divmod_u64u64_unsafe>
10005acc:	4694      	mov	ip, r2
10005ace:	4a36      	ldr	r2, [pc, #216]	; (10005ba8 <udiv0+0x1a>)
10005ad0:	6614      	str	r4, [r2, #96]	; 0x60
10005ad2:	6655      	str	r5, [r2, #100]	; 0x64
10005ad4:	6757      	str	r7, [r2, #116]	; 0x74
10005ad6:	6716      	str	r6, [r2, #112]	; 0x70
10005ad8:	4662      	mov	r2, ip
10005ada:	bdf0      	pop	{r4, r5, r6, r7, pc}

10005adc <divmod_s64s64_unsafe>:
10005adc:	2b00      	cmp	r3, #0
10005ade:	db24      	blt.n	10005b2a <l42_1+0x26>
10005ae0:	d011      	beq.n	10005b06 <l42_1+0x2>
10005ae2:	2900      	cmp	r1, #0
10005ae4:	da3e      	bge.n	10005b64 <divmod_u64u64_unsafe>
10005ae6:	b500      	push	{lr}
10005ae8:	43c9      	mvns	r1, r1
10005aea:	4240      	negs	r0, r0
10005aec:	d100      	bne.n	10005af0 <l40_1>
10005aee:	3101      	adds	r1, #1

10005af0 <l40_1>:
10005af0:	f000 f838 	bl	10005b64 <divmod_u64u64_unsafe>
10005af4:	43c9      	mvns	r1, r1
10005af6:	4240      	negs	r0, r0
10005af8:	d100      	bne.n	10005afc <l41_1>
10005afa:	3101      	adds	r1, #1

10005afc <l41_1>:
10005afc:	43db      	mvns	r3, r3
10005afe:	4252      	negs	r2, r2
10005b00:	d100      	bne.n	10005b04 <l42_1>
10005b02:	3301      	adds	r3, #1

10005b04 <l42_1>:
10005b04:	bd00      	pop	{pc}
10005b06:	2a00      	cmp	r2, #0
10005b08:	d1eb      	bne.n	10005ae2 <divmod_s64s64_unsafe+0x6>
10005b0a:	2800      	cmp	r0, #0
10005b0c:	d101      	bne.n	10005b12 <l42_1+0xe>
10005b0e:	2900      	cmp	r1, #0
10005b10:	d005      	beq.n	10005b1e <l42_1+0x1a>
10005b12:	2000      	movs	r0, #0
10005b14:	0fc9      	lsrs	r1, r1, #31
10005b16:	07c9      	lsls	r1, r1, #31
10005b18:	d101      	bne.n	10005b1e <l42_1+0x1a>
10005b1a:	43c0      	mvns	r0, r0
10005b1c:	0841      	lsrs	r1, r0, #1
10005b1e:	b500      	push	{lr}
10005b20:	f003 fa66 	bl	10008ff0 <____aeabi_ldiv0_veneer>
10005b24:	2200      	movs	r2, #0
10005b26:	2300      	movs	r3, #0
10005b28:	bd00      	pop	{pc}
10005b2a:	b500      	push	{lr}
10005b2c:	2900      	cmp	r1, #0
10005b2e:	db0a      	blt.n	10005b46 <l44_1+0x2>
10005b30:	43db      	mvns	r3, r3
10005b32:	4252      	negs	r2, r2
10005b34:	d100      	bne.n	10005b38 <l43_1>
10005b36:	3301      	adds	r3, #1

10005b38 <l43_1>:
10005b38:	f000 f814 	bl	10005b64 <divmod_u64u64_unsafe>
10005b3c:	43c9      	mvns	r1, r1
10005b3e:	4240      	negs	r0, r0
10005b40:	d100      	bne.n	10005b44 <l44_1>
10005b42:	3101      	adds	r1, #1

10005b44 <l44_1>:
10005b44:	bd00      	pop	{pc}
10005b46:	43c9      	mvns	r1, r1
10005b48:	4240      	negs	r0, r0
10005b4a:	d100      	bne.n	10005b4e <l45_1>
10005b4c:	3101      	adds	r1, #1

10005b4e <l45_1>:
10005b4e:	43db      	mvns	r3, r3
10005b50:	4252      	negs	r2, r2
10005b52:	d100      	bne.n	10005b56 <l46_1>
10005b54:	3301      	adds	r3, #1

10005b56 <l46_1>:
10005b56:	f000 f805 	bl	10005b64 <divmod_u64u64_unsafe>
10005b5a:	43db      	mvns	r3, r3
10005b5c:	4252      	negs	r2, r2
10005b5e:	d100      	bne.n	10005b62 <l47_1>
10005b60:	3301      	adds	r3, #1

10005b62 <l47_1>:
10005b62:	bd00      	pop	{pc}

10005b64 <divmod_u64u64_unsafe>:
10005b64:	2900      	cmp	r1, #0
10005b66:	d123      	bne.n	10005bb0 <y64>
10005b68:	2b00      	cmp	r3, #0
10005b6a:	d118      	bne.n	10005b9e <udiv0+0x10>
10005b6c:	2a00      	cmp	r2, #0
10005b6e:	d00c      	beq.n	10005b8a <divmod_u64u64_unsafe+0x26>
10005b70:	46bc      	mov	ip, r7
10005b72:	4f0d      	ldr	r7, [pc, #52]	; (10005ba8 <udiv0+0x1a>)
10005b74:	6638      	str	r0, [r7, #96]	; 0x60
10005b76:	667a      	str	r2, [r7, #100]	; 0x64
10005b78:	2100      	movs	r1, #0
10005b7a:	2300      	movs	r3, #0
10005b7c:	e7ff      	b.n	10005b7e <divmod_u64u64_unsafe+0x1a>
10005b7e:	e7ff      	b.n	10005b80 <divmod_u64u64_unsafe+0x1c>
10005b80:	e7ff      	b.n	10005b82 <divmod_u64u64_unsafe+0x1e>
10005b82:	6f7a      	ldr	r2, [r7, #116]	; 0x74
10005b84:	6f38      	ldr	r0, [r7, #112]	; 0x70
10005b86:	4667      	mov	r7, ip
10005b88:	4770      	bx	lr
10005b8a:	2800      	cmp	r0, #0
10005b8c:	d001      	beq.n	10005b92 <udiv0+0x4>

10005b8e <udiv0>:
10005b8e:	4807      	ldr	r0, [pc, #28]	; (10005bac <udiv0+0x1e>)
10005b90:	0001      	movs	r1, r0
10005b92:	b500      	push	{lr}
10005b94:	f003 fa2c 	bl	10008ff0 <____aeabi_ldiv0_veneer>
10005b98:	2200      	movs	r2, #0
10005b9a:	2300      	movs	r3, #0
10005b9c:	bd00      	pop	{pc}
10005b9e:	0002      	movs	r2, r0
10005ba0:	000b      	movs	r3, r1
10005ba2:	2000      	movs	r0, #0
10005ba4:	2100      	movs	r1, #0
10005ba6:	4770      	bx	lr
10005ba8:	d0000000 	.word	0xd0000000
10005bac:	ffffffff 	.word	0xffffffff

10005bb0 <y64>:
10005bb0:	2b00      	cmp	r3, #0
10005bb2:	d000      	beq.n	10005bb6 <y64+0x6>
10005bb4:	e0bf      	b.n	10005d36 <y64_x48>
10005bb6:	0c13      	lsrs	r3, r2, #16
10005bb8:	d128      	bne.n	10005c0c <y64_x32>
10005bba:	2a00      	cmp	r2, #0
10005bbc:	d0e7      	beq.n	10005b8e <udiv0>
10005bbe:	b480      	push	{r7}
10005bc0:	4f11      	ldr	r7, [pc, #68]	; (10005c08 <y64+0x58>)
10005bc2:	6639      	str	r1, [r7, #96]	; 0x60
10005bc4:	667a      	str	r2, [r7, #100]	; 0x64
10005bc6:	e7ff      	b.n	10005bc8 <y64+0x18>
10005bc8:	e7ff      	b.n	10005bca <y64+0x1a>
10005bca:	b430      	push	{r4, r5}
10005bcc:	0c04      	lsrs	r4, r0, #16
10005bce:	6f7b      	ldr	r3, [r7, #116]	; 0x74
10005bd0:	6f39      	ldr	r1, [r7, #112]	; 0x70
10005bd2:	041b      	lsls	r3, r3, #16
10005bd4:	4323      	orrs	r3, r4
10005bd6:	663b      	str	r3, [r7, #96]	; 0x60
10005bd8:	667a      	str	r2, [r7, #100]	; 0x64
10005bda:	e7ff      	b.n	10005bdc <y64+0x2c>
10005bdc:	e7ff      	b.n	10005bde <y64+0x2e>
10005bde:	e7ff      	b.n	10005be0 <y64+0x30>
10005be0:	46c0      	nop			; (mov r8, r8)
10005be2:	b284      	uxth	r4, r0
10005be4:	6f7b      	ldr	r3, [r7, #116]	; 0x74
10005be6:	6f3d      	ldr	r5, [r7, #112]	; 0x70
10005be8:	041b      	lsls	r3, r3, #16
10005bea:	4323      	orrs	r3, r4
10005bec:	663b      	str	r3, [r7, #96]	; 0x60
10005bee:	667a      	str	r2, [r7, #100]	; 0x64
10005bf0:	e7ff      	b.n	10005bf2 <y64+0x42>
10005bf2:	e7ff      	b.n	10005bf4 <y64+0x44>
10005bf4:	46c0      	nop			; (mov r8, r8)
10005bf6:	2300      	movs	r3, #0
10005bf8:	042c      	lsls	r4, r5, #16
10005bfa:	0c2d      	lsrs	r5, r5, #16
10005bfc:	6f7a      	ldr	r2, [r7, #116]	; 0x74
10005bfe:	6f38      	ldr	r0, [r7, #112]	; 0x70
10005c00:	1900      	adds	r0, r0, r4
10005c02:	4169      	adcs	r1, r5
10005c04:	bcb0      	pop	{r4, r5, r7}
10005c06:	4770      	bx	lr
10005c08:	d0000000 	.word	0xd0000000

10005c0c <y64_x32>:
10005c0c:	b5f0      	push	{r4, r5, r6, r7, lr}
10005c0e:	4694      	mov	ip, r2
10005c10:	2500      	movs	r5, #0
10005c12:	0e14      	lsrs	r4, r2, #24
10005c14:	d101      	bne.n	10005c1a <y64_x32+0xe>
10005c16:	0212      	lsls	r2, r2, #8
10005c18:	3508      	adds	r5, #8
10005c1a:	0f14      	lsrs	r4, r2, #28
10005c1c:	d101      	bne.n	10005c22 <y64_x32+0x16>
10005c1e:	0112      	lsls	r2, r2, #4
10005c20:	3504      	adds	r5, #4
10005c22:	0f94      	lsrs	r4, r2, #30
10005c24:	d101      	bne.n	10005c2a <y64_x32+0x1e>
10005c26:	0092      	lsls	r2, r2, #2
10005c28:	3502      	adds	r5, #2
10005c2a:	0fd4      	lsrs	r4, r2, #31
10005c2c:	d101      	bne.n	10005c32 <y64_x32+0x26>
10005c2e:	0052      	lsls	r2, r2, #1
10005c30:	3501      	adds	r5, #1
10005c32:	0bd4      	lsrs	r4, r2, #15
10005c34:	3401      	adds	r4, #1
10005c36:	4f25      	ldr	r7, [pc, #148]	; (10005ccc <y64_x32+0xc0>)
10005c38:	667c      	str	r4, [r7, #100]	; 0x64
10005c3a:	4c25      	ldr	r4, [pc, #148]	; (10005cd0 <y64_x32+0xc4>)
10005c3c:	663c      	str	r4, [r7, #96]	; 0x60
10005c3e:	0c0e      	lsrs	r6, r1, #16
10005c40:	b293      	uxth	r3, r2
10005c42:	e7ff      	b.n	10005c44 <y64_x32+0x38>
10005c44:	e7ff      	b.n	10005c46 <y64_x32+0x3a>
10005c46:	e7ff      	b.n	10005c48 <y64_x32+0x3c>
10005c48:	6f3c      	ldr	r4, [r7, #112]	; 0x70
10005c4a:	4366      	muls	r6, r4
10005c4c:	0c36      	lsrs	r6, r6, #16
10005c4e:	0377      	lsls	r7, r6, #13
10005c50:	46be      	mov	lr, r7
10005c52:	4373      	muls	r3, r6
10005c54:	0bdf      	lsrs	r7, r3, #15
10005c56:	045b      	lsls	r3, r3, #17
10005c58:	1ac0      	subs	r0, r0, r3
10005c5a:	41b9      	sbcs	r1, r7
10005c5c:	0c13      	lsrs	r3, r2, #16
10005c5e:	4373      	muls	r3, r6
10005c60:	18db      	adds	r3, r3, r3
10005c62:	1ac9      	subs	r1, r1, r3
10005c64:	08ce      	lsrs	r6, r1, #3
10005c66:	4366      	muls	r6, r4
10005c68:	0c36      	lsrs	r6, r6, #16
10005c6a:	44b6      	add	lr, r6
10005c6c:	b293      	uxth	r3, r2
10005c6e:	4373      	muls	r3, r6
10005c70:	0f1f      	lsrs	r7, r3, #28
10005c72:	011b      	lsls	r3, r3, #4
10005c74:	1ac0      	subs	r0, r0, r3
10005c76:	41b9      	sbcs	r1, r7
10005c78:	0c13      	lsrs	r3, r2, #16
10005c7a:	4373      	muls	r3, r6
10005c7c:	0b1f      	lsrs	r7, r3, #12
10005c7e:	051b      	lsls	r3, r3, #20
10005c80:	1ac0      	subs	r0, r0, r3
10005c82:	41b9      	sbcs	r1, r7
10005c84:	0d86      	lsrs	r6, r0, #22
10005c86:	028f      	lsls	r7, r1, #10
10005c88:	433e      	orrs	r6, r7
10005c8a:	4366      	muls	r6, r4
10005c8c:	0c36      	lsrs	r6, r6, #16
10005c8e:	2d09      	cmp	r5, #9
10005c90:	db24      	blt.n	10005cdc <last0>
10005c92:	0a52      	lsrs	r2, r2, #9
10005c94:	4372      	muls	r2, r6
10005c96:	1a80      	subs	r0, r0, r2
10005c98:	0377      	lsls	r7, r6, #13
10005c9a:	0a46      	lsrs	r6, r0, #9
10005c9c:	4366      	muls	r6, r4
10005c9e:	0c36      	lsrs	r6, r6, #16
10005ca0:	2316      	movs	r3, #22
10005ca2:	1b5b      	subs	r3, r3, r5
10005ca4:	40de      	lsrs	r6, r3
10005ca6:	40df      	lsrs	r7, r3
10005ca8:	19bf      	adds	r7, r7, r6
10005caa:	4664      	mov	r4, ip
10005cac:	4366      	muls	r6, r4
10005cae:	1b82      	subs	r2, r0, r6
10005cb0:	4670      	mov	r0, lr
10005cb2:	3504      	adds	r5, #4
10005cb4:	3306      	adds	r3, #6
10005cb6:	0001      	movs	r1, r0
10005cb8:	40d9      	lsrs	r1, r3
10005cba:	40a8      	lsls	r0, r5
10005cbc:	19c0      	adds	r0, r0, r7
10005cbe:	d300      	bcc.n	10005cc2 <y64_x32+0xb6>
10005cc0:	3101      	adds	r1, #1
10005cc2:	42a2      	cmp	r2, r4
10005cc4:	d206      	bcs.n	10005cd4 <y64_x32+0xc8>
10005cc6:	2300      	movs	r3, #0
10005cc8:	bdf0      	pop	{r4, r5, r6, r7, pc}
10005cca:	0000      	.short	0x0000
10005ccc:	d0000000 	.word	0xd0000000
10005cd0:	ffffffff 	.word	0xffffffff
10005cd4:	1b12      	subs	r2, r2, r4
10005cd6:	3001      	adds	r0, #1
10005cd8:	d3f3      	bcc.n	10005cc2 <y64_x32+0xb6>
10005cda:	e7f1      	b.n	10005cc0 <y64_x32+0xb4>

10005cdc <last0>:
10005cdc:	2709      	movs	r7, #9
10005cde:	1b7f      	subs	r7, r7, r5
10005ce0:	40fe      	lsrs	r6, r7
10005ce2:	4664      	mov	r4, ip
10005ce4:	b2a2      	uxth	r2, r4
10005ce6:	4372      	muls	r2, r6
10005ce8:	1a80      	subs	r0, r0, r2
10005cea:	d200      	bcs.n	10005cee <last0+0x12>
10005cec:	3901      	subs	r1, #1
10005cee:	0c22      	lsrs	r2, r4, #16
10005cf0:	4372      	muls	r2, r6
10005cf2:	0c13      	lsrs	r3, r2, #16
10005cf4:	0412      	lsls	r2, r2, #16
10005cf6:	1a82      	subs	r2, r0, r2
10005cf8:	4199      	sbcs	r1, r3
10005cfa:	000b      	movs	r3, r1
10005cfc:	4670      	mov	r0, lr
10005cfe:	3504      	adds	r5, #4
10005d00:	3713      	adds	r7, #19
10005d02:	0001      	movs	r1, r0
10005d04:	40f9      	lsrs	r1, r7
10005d06:	40a8      	lsls	r0, r5
10005d08:	1980      	adds	r0, r0, r6
10005d0a:	d300      	bcc.n	10005d0e <last0+0x32>
10005d0c:	3101      	adds	r1, #1
10005d0e:	2b00      	cmp	r3, #0
10005d10:	d102      	bne.n	10005d18 <last0+0x3c>
10005d12:	42a2      	cmp	r2, r4
10005d14:	d20a      	bcs.n	10005d2c <last0+0x50>
10005d16:	bdf0      	pop	{r4, r5, r6, r7, pc}
10005d18:	3001      	adds	r0, #1
10005d1a:	d300      	bcc.n	10005d1e <last0+0x42>
10005d1c:	3101      	adds	r1, #1
10005d1e:	1b12      	subs	r2, r2, r4
10005d20:	d2fa      	bcs.n	10005d18 <last0+0x3c>
10005d22:	3b01      	subs	r3, #1
10005d24:	d1f8      	bne.n	10005d18 <last0+0x3c>
10005d26:	42a2      	cmp	r2, r4
10005d28:	d200      	bcs.n	10005d2c <last0+0x50>
10005d2a:	bdf0      	pop	{r4, r5, r6, r7, pc}
10005d2c:	3001      	adds	r0, #1
10005d2e:	d300      	bcc.n	10005d32 <last0+0x56>
10005d30:	3101      	adds	r1, #1
10005d32:	1b12      	subs	r2, r2, r4
10005d34:	e7f7      	b.n	10005d26 <last0+0x4a>

10005d36 <y64_x48>:
10005d36:	b5f0      	push	{r4, r5, r6, r7, lr}
10005d38:	0c1c      	lsrs	r4, r3, #16
10005d3a:	d000      	beq.n	10005d3e <y64_x48+0x8>
10005d3c:	e080      	b.n	10005e40 <y64_x64>
10005d3e:	b40c      	push	{r2, r3}
10005d40:	2500      	movs	r5, #0
10005d42:	0a1c      	lsrs	r4, r3, #8
10005d44:	d104      	bne.n	10005d50 <y64_x48+0x1a>
10005d46:	021b      	lsls	r3, r3, #8
10005d48:	0e16      	lsrs	r6, r2, #24
10005d4a:	4333      	orrs	r3, r6
10005d4c:	0212      	lsls	r2, r2, #8
10005d4e:	3508      	adds	r5, #8
10005d50:	0b1c      	lsrs	r4, r3, #12
10005d52:	d104      	bne.n	10005d5e <y64_x48+0x28>
10005d54:	011b      	lsls	r3, r3, #4
10005d56:	0f16      	lsrs	r6, r2, #28
10005d58:	4333      	orrs	r3, r6
10005d5a:	0112      	lsls	r2, r2, #4
10005d5c:	3504      	adds	r5, #4
10005d5e:	0b9c      	lsrs	r4, r3, #14
10005d60:	d104      	bne.n	10005d6c <y64_x48+0x36>
10005d62:	009b      	lsls	r3, r3, #2
10005d64:	0f96      	lsrs	r6, r2, #30
10005d66:	4333      	orrs	r3, r6
10005d68:	0092      	lsls	r2, r2, #2
10005d6a:	3502      	adds	r5, #2
10005d6c:	0bdc      	lsrs	r4, r3, #15
10005d6e:	d102      	bne.n	10005d76 <y64_x48+0x40>
10005d70:	1892      	adds	r2, r2, r2
10005d72:	415b      	adcs	r3, r3
10005d74:	3501      	adds	r5, #1
10005d76:	001c      	movs	r4, r3
10005d78:	1897      	adds	r7, r2, r2
10005d7a:	4164      	adcs	r4, r4
10005d7c:	3401      	adds	r4, #1
10005d7e:	4f46      	ldr	r7, [pc, #280]	; (10005e98 <y64_x64+0x58>)
10005d80:	667c      	str	r4, [r7, #100]	; 0x64
10005d82:	4c46      	ldr	r4, [pc, #280]	; (10005e9c <y64_x64+0x5c>)
10005d84:	663c      	str	r4, [r7, #96]	; 0x60
10005d86:	0c0e      	lsrs	r6, r1, #16
10005d88:	e7ff      	b.n	10005d8a <y64_x48+0x54>
10005d8a:	e7ff      	b.n	10005d8c <y64_x48+0x56>
10005d8c:	e7ff      	b.n	10005d8e <y64_x48+0x58>
10005d8e:	46c0      	nop			; (mov r8, r8)
10005d90:	6f3c      	ldr	r4, [r7, #112]	; 0x70
10005d92:	4366      	muls	r6, r4
10005d94:	0c36      	lsrs	r6, r6, #16
10005d96:	0377      	lsls	r7, r6, #13
10005d98:	46be      	mov	lr, r7
10005d9a:	b297      	uxth	r7, r2
10005d9c:	4377      	muls	r7, r6
10005d9e:	1bc0      	subs	r0, r0, r7
10005da0:	d200      	bcs.n	10005da4 <y64_x48+0x6e>
10005da2:	3901      	subs	r1, #1
10005da4:	1bc0      	subs	r0, r0, r7
10005da6:	d200      	bcs.n	10005daa <y64_x48+0x74>
10005da8:	3901      	subs	r1, #1
10005daa:	b29f      	uxth	r7, r3
10005dac:	4377      	muls	r7, r6
10005dae:	1bc9      	subs	r1, r1, r7
10005db0:	1bc9      	subs	r1, r1, r7
10005db2:	0c17      	lsrs	r7, r2, #16
10005db4:	4377      	muls	r7, r6
10005db6:	047e      	lsls	r6, r7, #17
10005db8:	0bff      	lsrs	r7, r7, #15
10005dba:	1b80      	subs	r0, r0, r6
10005dbc:	41b9      	sbcs	r1, r7
10005dbe:	08ce      	lsrs	r6, r1, #3
10005dc0:	4366      	muls	r6, r4
10005dc2:	0c36      	lsrs	r6, r6, #16
10005dc4:	2d0c      	cmp	r5, #12
10005dc6:	db33      	blt.n	10005e30 <last1>
10005dc8:	44b6      	add	lr, r6
10005dca:	0b12      	lsrs	r2, r2, #12
10005dcc:	051f      	lsls	r7, r3, #20
10005dce:	433a      	orrs	r2, r7
10005dd0:	0b1b      	lsrs	r3, r3, #12
10005dd2:	b297      	uxth	r7, r2
10005dd4:	4377      	muls	r7, r6
10005dd6:	1bc0      	subs	r0, r0, r7
10005dd8:	d200      	bcs.n	10005ddc <y64_x48+0xa6>
10005dda:	3901      	subs	r1, #1
10005ddc:	b29f      	uxth	r7, r3
10005dde:	4377      	muls	r7, r6
10005de0:	1bc9      	subs	r1, r1, r7
10005de2:	0c17      	lsrs	r7, r2, #16
10005de4:	4377      	muls	r7, r6
10005de6:	043e      	lsls	r6, r7, #16
10005de8:	0c3f      	lsrs	r7, r7, #16
10005dea:	1b80      	subs	r0, r0, r6
10005dec:	41b9      	sbcs	r1, r7
10005dee:	0d86      	lsrs	r6, r0, #22
10005df0:	028f      	lsls	r7, r1, #10
10005df2:	433e      	orrs	r6, r7
10005df4:	4366      	muls	r6, r4
10005df6:	2729      	movs	r7, #41	; 0x29
10005df8:	1b7f      	subs	r7, r7, r5
10005dfa:	40fe      	lsrs	r6, r7
10005dfc:	3d0c      	subs	r5, #12
10005dfe:	4677      	mov	r7, lr
10005e00:	40af      	lsls	r7, r5
10005e02:	19bf      	adds	r7, r7, r6
10005e04:	bc30      	pop	{r4, r5}
10005e06:	b2a2      	uxth	r2, r4
10005e08:	b2ab      	uxth	r3, r5
10005e0a:	4372      	muls	r2, r6
10005e0c:	4373      	muls	r3, r6
10005e0e:	1a80      	subs	r0, r0, r2
10005e10:	4199      	sbcs	r1, r3
10005e12:	0c22      	lsrs	r2, r4, #16
10005e14:	4372      	muls	r2, r6
10005e16:	0c13      	lsrs	r3, r2, #16
10005e18:	0412      	lsls	r2, r2, #16
10005e1a:	1a80      	subs	r0, r0, r2
10005e1c:	4199      	sbcs	r1, r3
10005e1e:	0002      	movs	r2, r0
10005e20:	000b      	movs	r3, r1
10005e22:	3701      	adds	r7, #1
10005e24:	1b00      	subs	r0, r0, r4
10005e26:	41a9      	sbcs	r1, r5
10005e28:	d2f9      	bcs.n	10005e1e <y64_x48+0xe8>
10005e2a:	1e78      	subs	r0, r7, #1
10005e2c:	2100      	movs	r1, #0
10005e2e:	bdf0      	pop	{r4, r5, r6, r7, pc}

10005e30 <last1>:
10005e30:	270c      	movs	r7, #12
10005e32:	1b7f      	subs	r7, r7, r5
10005e34:	40fe      	lsrs	r6, r7
10005e36:	4677      	mov	r7, lr
10005e38:	0b7f      	lsrs	r7, r7, #13
10005e3a:	40af      	lsls	r7, r5
10005e3c:	19ff      	adds	r7, r7, r7
10005e3e:	e7e0      	b.n	10005e02 <y64_x48+0xcc>

10005e40 <y64_x64>:
10005e40:	2400      	movs	r4, #0
10005e42:	1c5d      	adds	r5, r3, #1
10005e44:	d007      	beq.n	10005e56 <y64_x64+0x16>
10005e46:	4f14      	ldr	r7, [pc, #80]	; (10005e98 <y64_x64+0x58>)
10005e48:	667d      	str	r5, [r7, #100]	; 0x64
10005e4a:	6639      	str	r1, [r7, #96]	; 0x60
10005e4c:	e7ff      	b.n	10005e4e <y64_x64+0xe>
10005e4e:	e7ff      	b.n	10005e50 <y64_x64+0x10>
10005e50:	e7ff      	b.n	10005e52 <y64_x64+0x12>
10005e52:	e7ff      	b.n	10005e54 <y64_x64+0x14>
10005e54:	6f3c      	ldr	r4, [r7, #112]	; 0x70
10005e56:	b295      	uxth	r5, r2
10005e58:	b29e      	uxth	r6, r3
10005e5a:	4365      	muls	r5, r4
10005e5c:	4366      	muls	r6, r4
10005e5e:	1b40      	subs	r0, r0, r5
10005e60:	41b1      	sbcs	r1, r6
10005e62:	0c15      	lsrs	r5, r2, #16
10005e64:	0c1e      	lsrs	r6, r3, #16
10005e66:	4365      	muls	r5, r4
10005e68:	4366      	muls	r6, r4
10005e6a:	0436      	lsls	r6, r6, #16
10005e6c:	0c2f      	lsrs	r7, r5, #16
10005e6e:	433e      	orrs	r6, r7
10005e70:	042d      	lsls	r5, r5, #16
10005e72:	1b40      	subs	r0, r0, r5
10005e74:	41b1      	sbcs	r1, r6
10005e76:	4299      	cmp	r1, r3
10005e78:	d204      	bcs.n	10005e84 <y64_x64+0x44>
10005e7a:	0002      	movs	r2, r0
10005e7c:	000b      	movs	r3, r1
10005e7e:	0020      	movs	r0, r4
10005e80:	2100      	movs	r1, #0
10005e82:	bdf0      	pop	{r4, r5, r6, r7, pc}
10005e84:	d101      	bne.n	10005e8a <y64_x64+0x4a>
10005e86:	4290      	cmp	r0, r2
10005e88:	d3f7      	bcc.n	10005e7a <y64_x64+0x3a>
10005e8a:	1a80      	subs	r0, r0, r2
10005e8c:	4199      	sbcs	r1, r3
10005e8e:	3401      	adds	r4, #1
10005e90:	4299      	cmp	r1, r3
10005e92:	d3f2      	bcc.n	10005e7a <y64_x64+0x3a>
10005e94:	e7f6      	b.n	10005e84 <y64_x64+0x44>
10005e96:	0000      	.short	0x0000
10005e98:	d0000000 	.word	0xd0000000
10005e9c:	ffffffff 	.word	0xffffffff

10005ea0 <__wrap___aeabi_drsub>:
10005ea0:	4048      	eors	r0, r1
10005ea2:	4041      	eors	r1, r0
10005ea4:	4048      	eors	r0, r1

10005ea6 <__wrap___aeabi_dsub>:
10005ea6:	b418      	push	{r3, r4}
10005ea8:	4b13      	ldr	r3, [pc, #76]	; (10005ef8 <__wrap___aeabi_dmul+0xa>)
10005eaa:	685b      	ldr	r3, [r3, #4]
10005eac:	9301      	str	r3, [sp, #4]
10005eae:	bd08      	pop	{r3, pc}

10005eb0 <__wrap___aeabi_dadd>:
10005eb0:	b418      	push	{r3, r4}
10005eb2:	4b11      	ldr	r3, [pc, #68]	; (10005ef8 <__wrap___aeabi_dmul+0xa>)
10005eb4:	681b      	ldr	r3, [r3, #0]
10005eb6:	9301      	str	r3, [sp, #4]
10005eb8:	bd08      	pop	{r3, pc}

10005eba <__wrap___aeabi_ddiv>:
10005eba:	4694      	mov	ip, r2
10005ebc:	4a0f      	ldr	r2, [pc, #60]	; (10005efc <__wrap___aeabi_dmul+0xe>)
10005ebe:	6f92      	ldr	r2, [r2, #120]	; 0x78
10005ec0:	0892      	lsrs	r2, r2, #2
10005ec2:	d205      	bcs.n	10005ed0 <ddiv_save_state>
10005ec4:	4662      	mov	r2, ip

10005ec6 <ddiv_shim_call>:
10005ec6:	b418      	push	{r3, r4}
10005ec8:	4b0b      	ldr	r3, [pc, #44]	; (10005ef8 <__wrap___aeabi_dmul+0xa>)
10005eca:	68db      	ldr	r3, [r3, #12]
10005ecc:	9301      	str	r3, [sp, #4]
10005ece:	bd08      	pop	{r3, pc}

10005ed0 <ddiv_save_state>:
10005ed0:	4a0a      	ldr	r2, [pc, #40]	; (10005efc <__wrap___aeabi_dmul+0xe>)
10005ed2:	b5f0      	push	{r4, r5, r6, r7, lr}
10005ed4:	6e14      	ldr	r4, [r2, #96]	; 0x60
10005ed6:	6e55      	ldr	r5, [r2, #100]	; 0x64
10005ed8:	6f57      	ldr	r7, [r2, #116]	; 0x74
10005eda:	6f16      	ldr	r6, [r2, #112]	; 0x70
10005edc:	4662      	mov	r2, ip
10005ede:	f7ff fff2 	bl	10005ec6 <ddiv_shim_call>
10005ee2:	4a06      	ldr	r2, [pc, #24]	; (10005efc <__wrap___aeabi_dmul+0xe>)
10005ee4:	6614      	str	r4, [r2, #96]	; 0x60
10005ee6:	6655      	str	r5, [r2, #100]	; 0x64
10005ee8:	6757      	str	r7, [r2, #116]	; 0x74
10005eea:	6716      	str	r6, [r2, #112]	; 0x70
10005eec:	bdf0      	pop	{r4, r5, r6, r7, pc}

10005eee <__wrap___aeabi_dmul>:
10005eee:	b418      	push	{r3, r4}
10005ef0:	4b01      	ldr	r3, [pc, #4]	; (10005ef8 <__wrap___aeabi_dmul+0xa>)
10005ef2:	689b      	ldr	r3, [r3, #8]
10005ef4:	9301      	str	r3, [sp, #4]
10005ef6:	bd08      	pop	{r3, pc}
10005ef8:	20001ad8 	.word	0x20001ad8
10005efc:	d0000000 	.word	0xd0000000

10005f00 <__wrap___aeabi_cdrcmple>:
10005f00:	b5ff      	push	{r0, r1, r2, r3, r4, r5, r6, r7, lr}
10005f02:	4050      	eors	r0, r2
10005f04:	4042      	eors	r2, r0
10005f06:	4050      	eors	r0, r2
10005f08:	4059      	eors	r1, r3
10005f0a:	404b      	eors	r3, r1
10005f0c:	4059      	eors	r1, r3
10005f0e:	e000      	b.n	10005f12 <__aeabi_dfcmple_guts>

10005f10 <__wrap___aeabi_cdcmpeq>:
10005f10:	b5ff      	push	{r0, r1, r2, r3, r4, r5, r6, r7, lr}

10005f12 <__aeabi_dfcmple_guts>:
10005f12:	4f15      	ldr	r7, [pc, #84]	; (10005f68 <__aeabi_dfcmple_guts+0x56>)
10005f14:	004c      	lsls	r4, r1, #1
10005f16:	0d64      	lsrs	r4, r4, #21
10005f18:	d003      	beq.n	10005f22 <__aeabi_dfcmple_guts+0x10>
10005f1a:	42bc      	cmp	r4, r7
10005f1c:	d104      	bne.n	10005f28 <__aeabi_dfcmple_guts+0x16>
10005f1e:	030c      	lsls	r4, r1, #12
10005f20:	d814      	bhi.n	10005f4c <__aeabi_dfcmple_guts+0x3a>
10005f22:	2000      	movs	r0, #0
10005f24:	0d09      	lsrs	r1, r1, #20
10005f26:	0509      	lsls	r1, r1, #20
10005f28:	005c      	lsls	r4, r3, #1
10005f2a:	0d64      	lsrs	r4, r4, #21
10005f2c:	d003      	beq.n	10005f36 <__aeabi_dfcmple_guts+0x24>
10005f2e:	42bc      	cmp	r4, r7
10005f30:	d104      	bne.n	10005f3c <__aeabi_dfcmple_guts+0x2a>
10005f32:	031c      	lsls	r4, r3, #12
10005f34:	d80a      	bhi.n	10005f4c <__aeabi_dfcmple_guts+0x3a>
10005f36:	2200      	movs	r2, #0
10005f38:	0d1b      	lsrs	r3, r3, #20
10005f3a:	051b      	lsls	r3, r3, #20
10005f3c:	2601      	movs	r6, #1
10005f3e:	404b      	eors	r3, r1
10005f40:	d409      	bmi.n	10005f56 <__aeabi_dfcmple_guts+0x44>
10005f42:	404b      	eors	r3, r1
10005f44:	d503      	bpl.n	10005f4e <__aeabi_dfcmple_guts+0x3c>
10005f46:	428b      	cmp	r3, r1
10005f48:	d100      	bne.n	10005f4c <__aeabi_dfcmple_guts+0x3a>
10005f4a:	4282      	cmp	r2, r0
10005f4c:	bdff      	pop	{r0, r1, r2, r3, r4, r5, r6, r7, pc}
10005f4e:	4299      	cmp	r1, r3
10005f50:	d1fc      	bne.n	10005f4c <__aeabi_dfcmple_guts+0x3a>
10005f52:	4290      	cmp	r0, r2
10005f54:	bdff      	pop	{r0, r1, r2, r3, r4, r5, r6, r7, pc}
10005f56:	430b      	orrs	r3, r1
10005f58:	18db      	adds	r3, r3, r3
10005f5a:	4303      	orrs	r3, r0
10005f5c:	4313      	orrs	r3, r2
10005f5e:	d0f5      	beq.n	10005f4c <__aeabi_dfcmple_guts+0x3a>
10005f60:	43c9      	mvns	r1, r1
10005f62:	1849      	adds	r1, r1, r1
10005f64:	bdff      	pop	{r0, r1, r2, r3, r4, r5, r6, r7, pc}
10005f66:	0000      	.short	0x0000
10005f68:	000007ff 	.word	0x000007ff

10005f6c <__wrap___aeabi_dcmplt>:
10005f6c:	b500      	push	{lr}
10005f6e:	f7ff ffcf 	bl	10005f10 <__wrap___aeabi_cdcmpeq>
10005f72:	4180      	sbcs	r0, r0
10005f74:	bd00      	pop	{pc}
10005f76:	46c0      	nop			; (mov r8, r8)

10005f78 <__wrap___aeabi_dcmple>:
10005f78:	b500      	push	{lr}
10005f7a:	f7ff ffc9 	bl	10005f10 <__wrap___aeabi_cdcmpeq>
10005f7e:	d901      	bls.n	10005f84 <__wrap___aeabi_dcmple+0xc>
10005f80:	2000      	movs	r0, #0
10005f82:	bd00      	pop	{pc}
10005f84:	2001      	movs	r0, #1
10005f86:	bd00      	pop	{pc}

10005f88 <__wrap___aeabi_dcmpge>:
10005f88:	b500      	push	{lr}
10005f8a:	f7ff ffb9 	bl	10005f00 <__wrap___aeabi_cdrcmple>
10005f8e:	d901      	bls.n	10005f94 <__wrap___aeabi_dcmpge+0xc>
10005f90:	2000      	movs	r0, #0
10005f92:	bd00      	pop	{pc}
10005f94:	2001      	movs	r0, #1
10005f96:	bd00      	pop	{pc}

10005f98 <__wrap___aeabi_dcmpgt>:
10005f98:	b500      	push	{lr}
10005f9a:	f7ff ffb1 	bl	10005f00 <__wrap___aeabi_cdrcmple>
10005f9e:	4180      	sbcs	r0, r0
10005fa0:	bd00      	pop	{pc}

10005fa2 <__wrap___aeabi_dcmpun>:
10005fa2:	2001      	movs	r0, #1
10005fa4:	0540      	lsls	r0, r0, #21
10005fa6:	004a      	lsls	r2, r1, #1
10005fa8:	1812      	adds	r2, r2, r0
10005faa:	d804      	bhi.n	10005fb6 <__wrap___aeabi_dcmpun+0x14>
10005fac:	005a      	lsls	r2, r3, #1
10005fae:	1812      	adds	r2, r2, r0
10005fb0:	d801      	bhi.n	10005fb6 <__wrap___aeabi_dcmpun+0x14>
10005fb2:	2000      	movs	r0, #0
10005fb4:	4770      	bx	lr
10005fb6:	2001      	movs	r0, #1
10005fb8:	4770      	bx	lr
10005fba:	2000      	movs	r0, #0
10005fbc:	4770      	bx	lr
	...

10005fc0 <__wrap___aeabi_ui2d>:
10005fc0:	2100      	movs	r1, #0
10005fc2:	2800      	cmp	r0, #0
10005fc4:	d105      	bne.n	10005fd2 <__wrap___aeabi_i2d+0xa>
10005fc6:	4770      	bx	lr

10005fc8 <__wrap___aeabi_i2d>:
10005fc8:	17c1      	asrs	r1, r0, #31
10005fca:	4048      	eors	r0, r1
10005fcc:	1a40      	subs	r0, r0, r1
10005fce:	d0fa      	beq.n	10005fc6 <__wrap___aeabi_ui2d+0x6>
10005fd0:	07c9      	lsls	r1, r1, #31
10005fd2:	b513      	push	{r0, r1, r4, lr}
10005fd4:	4b06      	ldr	r3, [pc, #24]	; (10005ff0 <__wrap___aeabi_i2d+0x28>)
10005fd6:	681b      	ldr	r3, [r3, #0]
10005fd8:	4798      	blx	r3
10005fda:	bc0c      	pop	{r2, r3}
10005fdc:	1c44      	adds	r4, r0, #1
10005fde:	40a2      	lsls	r2, r4
10005fe0:	0510      	lsls	r0, r2, #20
10005fe2:	0b12      	lsrs	r2, r2, #12
10005fe4:	4903      	ldr	r1, [pc, #12]	; (10005ff4 <__wrap___aeabi_i2d+0x2c>)
10005fe6:	1b09      	subs	r1, r1, r4
10005fe8:	0509      	lsls	r1, r1, #20
10005fea:	4319      	orrs	r1, r3
10005fec:	4311      	orrs	r1, r2
10005fee:	bd10      	pop	{r4, pc}
10005ff0:	20001bd8 	.word	0x20001bd8
10005ff4:	0000041f 	.word	0x0000041f

10005ff8 <__wrap___aeabi_d2iz>:
10005ff8:	b510      	push	{r4, lr}
10005ffa:	004c      	lsls	r4, r1, #1
10005ffc:	0d62      	lsrs	r2, r4, #21
10005ffe:	2380      	movs	r3, #128	; 0x80
10006000:	18d2      	adds	r2, r2, r3
10006002:	00db      	lsls	r3, r3, #3
10006004:	1ad2      	subs	r2, r2, r3
10006006:	055b      	lsls	r3, r3, #21
10006008:	2a7e      	cmp	r2, #126	; 0x7e
1000600a:	dd10      	ble.n	1000602e <__wrap___aeabi_d2iz+0x36>
1000600c:	3a9e      	subs	r2, #158	; 0x9e
1000600e:	da13      	bge.n	10006038 <__wrap___aeabi_d2iz+0x40>
10006010:	17cc      	asrs	r4, r1, #31
10006012:	0309      	lsls	r1, r1, #12
10006014:	0849      	lsrs	r1, r1, #1
10006016:	4319      	orrs	r1, r3
10006018:	4252      	negs	r2, r2
1000601a:	40d1      	lsrs	r1, r2
1000601c:	0064      	lsls	r4, r4, #1
1000601e:	3401      	adds	r4, #1
10006020:	3215      	adds	r2, #21
10006022:	2a20      	cmp	r2, #32
10006024:	da05      	bge.n	10006032 <__wrap___aeabi_d2iz+0x3a>
10006026:	40d0      	lsrs	r0, r2
10006028:	4308      	orrs	r0, r1
1000602a:	4360      	muls	r0, r4
1000602c:	bd10      	pop	{r4, pc}
1000602e:	2000      	movs	r0, #0
10006030:	bd10      	pop	{r4, pc}
10006032:	4608      	mov	r0, r1
10006034:	4360      	muls	r0, r4
10006036:	bd10      	pop	{r4, pc}
10006038:	0fc8      	lsrs	r0, r1, #31
1000603a:	18c0      	adds	r0, r0, r3
1000603c:	3801      	subs	r0, #1
1000603e:	bd10      	pop	{r4, pc}

10006040 <__wrap___aeabi_d2uiz>:
10006040:	b418      	push	{r3, r4}
10006042:	4b02      	ldr	r3, [pc, #8]	; (1000604c <__wrap___aeabi_d2uiz+0xc>)
10006044:	6a5b      	ldr	r3, [r3, #36]	; 0x24
10006046:	9301      	str	r3, [sp, #4]
10006048:	bd08      	pop	{r3, pc}
1000604a:	0000      	.short	0x0000
1000604c:	20001ad8 	.word	0x20001ad8

10006050 <missing_double_func_shim>:
10006050:	b510      	push	{r4, lr}
10006052:	4801      	ldr	r0, [pc, #4]	; (10006058 <missing_double_func_shim+0x8>)
10006054:	f7fe fbc0 	bl	100047d8 <panic>
10006058:	1000ab80 	.word	0x1000ab80

1000605c <__aeabi_double_init>:
1000605c:	b570      	push	{r4, r5, r6, lr}
1000605e:	2313      	movs	r3, #19
10006060:	781c      	ldrb	r4, [r3, #0]
10006062:	2c01      	cmp	r4, #1
10006064:	d014      	beq.n	10006090 <__aeabi_double_init+0x34>
10006066:	2c01      	cmp	r4, #1
10006068:	dc14      	bgt.n	10006094 <__aeabi_double_init+0x38>
1000606a:	2c02      	cmp	r4, #2
1000606c:	dc02      	bgt.n	10006074 <__aeabi_double_init+0x18>
1000606e:	4a1f      	ldr	r2, [pc, #124]	; (100060ec <__aeabi_double_init+0x90>)
10006070:	4b1f      	ldr	r3, [pc, #124]	; (100060f0 <__aeabi_double_init+0x94>)
10006072:	649a      	str	r2, [r3, #72]	; 0x48
10006074:	481f      	ldr	r0, [pc, #124]	; (100060f4 <__aeabi_double_init+0x98>)
10006076:	f7ff fc87 	bl	10005988 <rom_func_lookup>
1000607a:	4b1f      	ldr	r3, [pc, #124]	; (100060f8 <__aeabi_double_init+0x9c>)
1000607c:	6018      	str	r0, [r3, #0]
1000607e:	bd70      	pop	{r4, r5, r6, pc}
10006080:	0099      	lsls	r1, r3, #2
10006082:	481e      	ldr	r0, [pc, #120]	; (100060fc <__aeabi_double_init+0xa0>)
10006084:	4a1a      	ldr	r2, [pc, #104]	; (100060f0 <__aeabi_double_init+0x94>)
10006086:	5088      	str	r0, [r1, r2]
10006088:	3301      	adds	r3, #1
1000608a:	2b1f      	cmp	r3, #31
1000608c:	d9f8      	bls.n	10006080 <__aeabi_double_init+0x24>
1000608e:	e7ea      	b.n	10006066 <__aeabi_double_init+0xa>
10006090:	2300      	movs	r3, #0
10006092:	e7fa      	b.n	1000608a <__aeabi_double_init+0x2e>
10006094:	481a      	ldr	r0, [pc, #104]	; (10006100 <__aeabi_double_init+0xa4>)
10006096:	f7ff fc7f 	bl	10005998 <rom_data_lookup>
1000609a:	0005      	movs	r5, r0
1000609c:	4819      	ldr	r0, [pc, #100]	; (10006104 <__aeabi_double_init+0xa8>)
1000609e:	f7ff fc7b 	bl	10005998 <rom_data_lookup>
100060a2:	3802      	subs	r0, #2
100060a4:	7803      	ldrb	r3, [r0, #0]
100060a6:	009b      	lsls	r3, r3, #2
100060a8:	2b7f      	cmp	r3, #127	; 0x7f
100060aa:	dd19      	ble.n	100060e0 <__aeabi_double_init+0x84>
100060ac:	2280      	movs	r2, #128	; 0x80
100060ae:	0029      	movs	r1, r5
100060b0:	480f      	ldr	r0, [pc, #60]	; (100060f0 <__aeabi_double_init+0x94>)
100060b2:	f000 f8c5 	bl	10006240 <__wrap___aeabi_memcpy>
100060b6:	2c02      	cmp	r4, #2
100060b8:	d1d7      	bne.n	1000606a <__aeabi_double_init+0xe>
100060ba:	4b13      	ldr	r3, [pc, #76]	; (10006108 <__aeabi_double_init+0xac>)
100060bc:	881a      	ldrh	r2, [r3, #0]
100060be:	23b5      	movs	r3, #181	; 0xb5
100060c0:	021b      	lsls	r3, r3, #8
100060c2:	429a      	cmp	r2, r3
100060c4:	d109      	bne.n	100060da <__aeabi_double_init+0x7e>
100060c6:	4b11      	ldr	r3, [pc, #68]	; (1000610c <__aeabi_double_init+0xb0>)
100060c8:	881a      	ldrh	r2, [r3, #0]
100060ca:	4b11      	ldr	r3, [pc, #68]	; (10006110 <__aeabi_double_init+0xb4>)
100060cc:	429a      	cmp	r2, r3
100060ce:	d104      	bne.n	100060da <__aeabi_double_init+0x7e>
100060d0:	4b10      	ldr	r3, [pc, #64]	; (10006114 <__aeabi_double_init+0xb8>)
100060d2:	881a      	ldrh	r2, [r3, #0]
100060d4:	4b10      	ldr	r3, [pc, #64]	; (10006118 <__aeabi_double_init+0xbc>)
100060d6:	429a      	cmp	r2, r3
100060d8:	d0c7      	beq.n	1000606a <__aeabi_double_init+0xe>
100060da:	2000      	movs	r0, #0
100060dc:	f7fe fb7c 	bl	100047d8 <panic>
100060e0:	4b0e      	ldr	r3, [pc, #56]	; (1000611c <__aeabi_double_init+0xc0>)
100060e2:	4a0f      	ldr	r2, [pc, #60]	; (10006120 <__aeabi_double_init+0xc4>)
100060e4:	2132      	movs	r1, #50	; 0x32
100060e6:	480f      	ldr	r0, [pc, #60]	; (10006124 <__aeabi_double_init+0xc8>)
100060e8:	f7fe fadc 	bl	100046a4 <__assert_func>
100060ec:	10006129 	.word	0x10006129
100060f0:	20001ad8 	.word	0x20001ad8
100060f4:	0000334c 	.word	0x0000334c
100060f8:	20001bd8 	.word	0x20001bd8
100060fc:	10006051 	.word	0x10006051
10006100:	00004453 	.word	0x00004453
10006104:	00004653 	.word	0x00004653
10006108:	00003854 	.word	0x00003854
1000610c:	000038d8 	.word	0x000038d8
10006110:	00004649 	.word	0x00004649
10006114:	0000389c 	.word	0x0000389c
10006118:	00004659 	.word	0x00004659
1000611c:	1000ab98 	.word	0x1000ab98
10006120:	1000ac50 	.word	0x1000ac50
10006124:	1000abec 	.word	0x1000abec

10006128 <double_table_shim_on_use_helper>:
10006128:	b507      	push	{r0, r1, r2, lr}
1000612a:	4660      	mov	r0, ip
1000612c:	2800      	cmp	r0, #0
1000612e:	d100      	bne.n	10006132 <double_table_shim_on_use_helper+0xa>
10006130:	be00      	bkpt	0x0000
10006132:	8801      	ldrh	r1, [r0, #0]
10006134:	0a0a      	lsrs	r2, r1, #8
10006136:	3002      	adds	r0, #2
10006138:	2adf      	cmp	r2, #223	; 0xdf
1000613a:	d1fa      	bne.n	10006132 <double_table_shim_on_use_helper+0xa>
1000613c:	b2c9      	uxtb	r1, r1
1000613e:	0882      	lsrs	r2, r0, #2
10006140:	d304      	bcc.n	1000614c <double_table_shim_on_use_helper+0x24>
10006142:	8802      	ldrh	r2, [r0, #0]
10006144:	8840      	ldrh	r0, [r0, #2]
10006146:	0400      	lsls	r0, r0, #16
10006148:	4310      	orrs	r0, r2
1000614a:	e000      	b.n	1000614e <double_table_shim_on_use_helper+0x26>
1000614c:	6800      	ldr	r0, [r0, #0]
1000614e:	4a02      	ldr	r2, [pc, #8]	; (10006158 <double_table_shim_on_use_helper+0x30>)
10006150:	5050      	str	r0, [r2, r1]
10006152:	9003      	str	r0, [sp, #12]
10006154:	bd07      	pop	{r0, r1, r2, pc}
10006156:	0000      	.short	0x0000
10006158:	20001ad8 	.word	0x20001ad8

1000615c <__wrap___aeabi_lmul>:
1000615c:	4351      	muls	r1, r2
1000615e:	4343      	muls	r3, r0
10006160:	18c9      	adds	r1, r1, r3
10006162:	468c      	mov	ip, r1
10006164:	0c11      	lsrs	r1, r2, #16
10006166:	b283      	uxth	r3, r0
10006168:	434b      	muls	r3, r1
1000616a:	b410      	push	{r4}
1000616c:	0c04      	lsrs	r4, r0, #16
1000616e:	4361      	muls	r1, r4
10006170:	b292      	uxth	r2, r2
10006172:	b280      	uxth	r0, r0
10006174:	4350      	muls	r0, r2
10006176:	4362      	muls	r2, r4
10006178:	041c      	lsls	r4, r3, #16
1000617a:	0c1b      	lsrs	r3, r3, #16
1000617c:	1900      	adds	r0, r0, r4
1000617e:	bc10      	pop	{r4}
10006180:	4159      	adcs	r1, r3
10006182:	0413      	lsls	r3, r2, #16
10006184:	0c12      	lsrs	r2, r2, #16
10006186:	18c0      	adds	r0, r0, r3
10006188:	4151      	adcs	r1, r2
1000618a:	4461      	add	r1, ip
1000618c:	4770      	bx	lr
	...

10006190 <missing_float_func_shim>:
10006190:	b510      	push	{r4, lr}
10006192:	4801      	ldr	r0, [pc, #4]	; (10006198 <missing_float_func_shim+0x8>)
10006194:	f7fe fb20 	bl	100047d8 <panic>
10006198:	100090e0 	.word	0x100090e0

1000619c <__aeabi_float_init>:
1000619c:	b570      	push	{r4, r5, r6, lr}
1000619e:	2313      	movs	r3, #19
100061a0:	781e      	ldrb	r6, [r3, #0]
100061a2:	4818      	ldr	r0, [pc, #96]	; (10006204 <__aeabi_float_init+0x68>)
100061a4:	f7ff fbf8 	bl	10005998 <rom_data_lookup>
100061a8:	0005      	movs	r5, r0
100061aa:	2e01      	cmp	r6, #1
100061ac:	d011      	beq.n	100061d2 <__aeabi_float_init+0x36>
100061ae:	2e01      	cmp	r6, #1
100061b0:	dd09      	ble.n	100061c6 <__aeabi_float_init+0x2a>
100061b2:	1eab      	subs	r3, r5, #2
100061b4:	781b      	ldrb	r3, [r3, #0]
100061b6:	009b      	lsls	r3, r3, #2
100061b8:	2b7f      	cmp	r3, #127	; 0x7f
100061ba:	dd1d      	ble.n	100061f8 <__aeabi_float_init+0x5c>
100061bc:	2280      	movs	r2, #128	; 0x80
100061be:	0029      	movs	r1, r5
100061c0:	4811      	ldr	r0, [pc, #68]	; (10006208 <__aeabi_float_init+0x6c>)
100061c2:	f000 f83d 	bl	10006240 <__wrap___aeabi_memcpy>
100061c6:	4811      	ldr	r0, [pc, #68]	; (1000620c <__aeabi_float_init+0x70>)
100061c8:	f7ff fbde 	bl	10005988 <rom_func_lookup>
100061cc:	4b10      	ldr	r3, [pc, #64]	; (10006210 <__aeabi_float_init+0x74>)
100061ce:	6018      	str	r0, [r3, #0]
100061d0:	bd70      	pop	{r4, r5, r6, pc}
100061d2:	2254      	movs	r2, #84	; 0x54
100061d4:	0001      	movs	r1, r0
100061d6:	480c      	ldr	r0, [pc, #48]	; (10006208 <__aeabi_float_init+0x6c>)
100061d8:	f000 f832 	bl	10006240 <__wrap___aeabi_memcpy>
100061dc:	2300      	movs	r3, #0
100061de:	e000      	b.n	100061e2 <__aeabi_float_init+0x46>
100061e0:	3301      	adds	r3, #1
100061e2:	2b1f      	cmp	r3, #31
100061e4:	d8e3      	bhi.n	100061ae <__aeabi_float_init+0x12>
100061e6:	009a      	lsls	r2, r3, #2
100061e8:	4c07      	ldr	r4, [pc, #28]	; (10006208 <__aeabi_float_init+0x6c>)
100061ea:	5912      	ldr	r2, [r2, r4]
100061ec:	2a00      	cmp	r2, #0
100061ee:	d1f7      	bne.n	100061e0 <__aeabi_float_init+0x44>
100061f0:	009a      	lsls	r2, r3, #2
100061f2:	4808      	ldr	r0, [pc, #32]	; (10006214 <__aeabi_float_init+0x78>)
100061f4:	5110      	str	r0, [r2, r4]
100061f6:	e7f3      	b.n	100061e0 <__aeabi_float_init+0x44>
100061f8:	4b07      	ldr	r3, [pc, #28]	; (10006218 <__aeabi_float_init+0x7c>)
100061fa:	4a08      	ldr	r2, [pc, #32]	; (1000621c <__aeabi_float_init+0x80>)
100061fc:	2142      	movs	r1, #66	; 0x42
100061fe:	4808      	ldr	r0, [pc, #32]	; (10006220 <__aeabi_float_init+0x84>)
10006200:	f7fe fa50 	bl	100046a4 <__assert_func>
10006204:	00004653 	.word	0x00004653
10006208:	20001bdc 	.word	0x20001bdc
1000620c:	0000334c 	.word	0x0000334c
10006210:	20001bd8 	.word	0x20001bd8
10006214:	10006191 	.word	0x10006191
10006218:	1000ac64 	.word	0x1000ac64
1000621c:	1000acfc 	.word	0x1000acfc
10006220:	1000ac98 	.word	0x1000ac98

10006224 <__aeabi_mem_init>:
10006224:	4801      	ldr	r0, [pc, #4]	; (1000622c <__aeabi_mem_init+0x8>)
10006226:	2104      	movs	r1, #4
10006228:	4b01      	ldr	r3, [pc, #4]	; (10006230 <__aeabi_mem_init+0xc>)
1000622a:	4718      	bx	r3
1000622c:	20000e80 	.word	0x20000e80
10006230:	100059a9 	.word	0x100059a9

10006234 <__wrap_memset>:
10006234:	4b01      	ldr	r3, [pc, #4]	; (1000623c <__wrap_memset+0x8>)
10006236:	681b      	ldr	r3, [r3, #0]
10006238:	4718      	bx	r3
1000623a:	0000      	.short	0x0000
1000623c:	20000e80 	.word	0x20000e80

10006240 <__wrap___aeabi_memcpy>:
10006240:	4b01      	ldr	r3, [pc, #4]	; (10006248 <__wrap___aeabi_memcpy+0x8>)
10006242:	685b      	ldr	r3, [r3, #4]
10006244:	4718      	bx	r3
10006246:	0000      	.short	0x0000
10006248:	20000e80 	.word	0x20000e80

1000624c <stdio_out_chars_no_crlf>:
1000624c:	b510      	push	{r4, lr}
1000624e:	0003      	movs	r3, r0
10006250:	0008      	movs	r0, r1
10006252:	0011      	movs	r1, r2
10006254:	681b      	ldr	r3, [r3, #0]
10006256:	4798      	blx	r3
10006258:	bd10      	pop	{r4, pc}
	...

1000625c <stdio_out_chars_crlf>:
1000625c:	b5f8      	push	{r3, r4, r5, r6, r7, lr}
1000625e:	0007      	movs	r7, r0
10006260:	000d      	movs	r5, r1
10006262:	0016      	movs	r6, r2
10006264:	7d43      	ldrb	r3, [r0, #21]
10006266:	2b00      	cmp	r3, #0
10006268:	d002      	beq.n	10006270 <stdio_out_chars_crlf+0x14>
1000626a:	2400      	movs	r4, #0
1000626c:	2000      	movs	r0, #0
1000626e:	e00c      	b.n	1000628a <stdio_out_chars_crlf+0x2e>
10006270:	6803      	ldr	r3, [r0, #0]
10006272:	0011      	movs	r1, r2
10006274:	0028      	movs	r0, r5
10006276:	4798      	blx	r3
10006278:	e02d      	b.n	100062d6 <stdio_out_chars_crlf+0x7a>
1000627a:	7d3b      	ldrb	r3, [r7, #20]
1000627c:	e010      	b.n	100062a0 <stdio_out_chars_crlf+0x44>
1000627e:	2102      	movs	r1, #2
10006280:	4815      	ldr	r0, [pc, #84]	; (100062d8 <stdio_out_chars_crlf+0x7c>)
10006282:	683b      	ldr	r3, [r7, #0]
10006284:	4798      	blx	r3
10006286:	1c60      	adds	r0, r4, #1
10006288:	3401      	adds	r4, #1
1000628a:	42b4      	cmp	r4, r6
1000628c:	da14      	bge.n	100062b8 <stdio_out_chars_crlf+0x5c>
1000628e:	2c00      	cmp	r4, #0
10006290:	ddf3      	ble.n	1000627a <stdio_out_chars_crlf+0x1e>
10006292:	192b      	adds	r3, r5, r4
10006294:	3b01      	subs	r3, #1
10006296:	781b      	ldrb	r3, [r3, #0]
10006298:	3b0d      	subs	r3, #13
1000629a:	425a      	negs	r2, r3
1000629c:	4153      	adcs	r3, r2
1000629e:	b2db      	uxtb	r3, r3
100062a0:	5d2a      	ldrb	r2, [r5, r4]
100062a2:	2a0a      	cmp	r2, #10
100062a4:	d1f0      	bne.n	10006288 <stdio_out_chars_crlf+0x2c>
100062a6:	2b00      	cmp	r3, #0
100062a8:	d1ee      	bne.n	10006288 <stdio_out_chars_crlf+0x2c>
100062aa:	42a0      	cmp	r0, r4
100062ac:	dae7      	bge.n	1000627e <stdio_out_chars_crlf+0x22>
100062ae:	1a21      	subs	r1, r4, r0
100062b0:	1828      	adds	r0, r5, r0
100062b2:	683b      	ldr	r3, [r7, #0]
100062b4:	4798      	blx	r3
100062b6:	e7e2      	b.n	1000627e <stdio_out_chars_crlf+0x22>
100062b8:	42b0      	cmp	r0, r6
100062ba:	da03      	bge.n	100062c4 <stdio_out_chars_crlf+0x68>
100062bc:	1a31      	subs	r1, r6, r0
100062be:	1828      	adds	r0, r5, r0
100062c0:	683b      	ldr	r3, [r7, #0]
100062c2:	4798      	blx	r3
100062c4:	2e00      	cmp	r6, #0
100062c6:	dd06      	ble.n	100062d6 <stdio_out_chars_crlf+0x7a>
100062c8:	19ad      	adds	r5, r5, r6
100062ca:	3d01      	subs	r5, #1
100062cc:	782b      	ldrb	r3, [r5, #0]
100062ce:	3b0d      	subs	r3, #13
100062d0:	425a      	negs	r2, r3
100062d2:	4153      	adcs	r3, r2
100062d4:	753b      	strb	r3, [r7, #20]
100062d6:	bdf8      	pop	{r3, r4, r5, r6, r7, pc}
100062d8:	1000ad8c 	.word	0x1000ad8c

100062dc <stdio_stack_buffer_flush>:
100062dc:	b570      	push	{r4, r5, r6, lr}
100062de:	0005      	movs	r5, r0
100062e0:	6803      	ldr	r3, [r0, #0]
100062e2:	2b00      	cmp	r3, #0
100062e4:	d016      	beq.n	10006314 <stdio_stack_buffer_flush+0x38>
100062e6:	4b0c      	ldr	r3, [pc, #48]	; (10006318 <stdio_stack_buffer_flush+0x3c>)
100062e8:	681c      	ldr	r4, [r3, #0]
100062ea:	e005      	b.n	100062f8 <stdio_stack_buffer_flush+0x1c>
100062ec:	0029      	movs	r1, r5
100062ee:	c904      	ldmia	r1!, {r2}
100062f0:	0020      	movs	r0, r4
100062f2:	f7ff ffb3 	bl	1000625c <stdio_out_chars_crlf>
100062f6:	6924      	ldr	r4, [r4, #16]
100062f8:	2c00      	cmp	r4, #0
100062fa:	d009      	beq.n	10006310 <stdio_stack_buffer_flush+0x34>
100062fc:	6823      	ldr	r3, [r4, #0]
100062fe:	2b00      	cmp	r3, #0
10006300:	d0f9      	beq.n	100062f6 <stdio_stack_buffer_flush+0x1a>
10006302:	4b06      	ldr	r3, [pc, #24]	; (1000631c <stdio_stack_buffer_flush+0x40>)
10006304:	681b      	ldr	r3, [r3, #0]
10006306:	2b00      	cmp	r3, #0
10006308:	d0f0      	beq.n	100062ec <stdio_stack_buffer_flush+0x10>
1000630a:	42a3      	cmp	r3, r4
1000630c:	d1f3      	bne.n	100062f6 <stdio_stack_buffer_flush+0x1a>
1000630e:	e7ed      	b.n	100062ec <stdio_stack_buffer_flush+0x10>
10006310:	2300      	movs	r3, #0
10006312:	602b      	str	r3, [r5, #0]
10006314:	bd70      	pop	{r4, r5, r6, pc}
10006316:	46c0      	nop			; (mov r8, r8)
10006318:	20001664 	.word	0x20001664
1000631c:	2000166c 	.word	0x2000166c

10006320 <stdio_buffered_printer>:
10006320:	b570      	push	{r4, r5, r6, lr}
10006322:	0005      	movs	r5, r0
10006324:	000c      	movs	r4, r1
10006326:	680b      	ldr	r3, [r1, #0]
10006328:	2b80      	cmp	r3, #128	; 0x80
1000632a:	d005      	beq.n	10006338 <stdio_buffered_printer+0x18>
1000632c:	6821      	ldr	r1, [r4, #0]
1000632e:	1c4b      	adds	r3, r1, #1
10006330:	6023      	str	r3, [r4, #0]
10006332:	1864      	adds	r4, r4, r1
10006334:	7125      	strb	r5, [r4, #4]
10006336:	bd70      	pop	{r4, r5, r6, pc}
10006338:	0008      	movs	r0, r1
1000633a:	f7ff ffcf 	bl	100062dc <stdio_stack_buffer_flush>
1000633e:	e7f5      	b.n	1000632c <stdio_buffered_printer+0xc>

10006340 <stdout_serialize_begin>:
10006340:	b510      	push	{r4, lr}
10006342:	f7fd fc49 	bl	10003bd8 <time_us_64>
10006346:	0002      	movs	r2, r0
10006348:	1e0b      	subs	r3, r1, #0
1000634a:	db0b      	blt.n	10006364 <stdout_serialize_begin+0x24>
1000634c:	480d      	ldr	r0, [pc, #52]	; (10006384 <stdout_serialize_begin+0x44>)
1000634e:	2100      	movs	r1, #0
10006350:	1812      	adds	r2, r2, r0
10006352:	414b      	adcs	r3, r1
10006354:	2b00      	cmp	r3, #0
10006356:	db0b      	blt.n	10006370 <stdout_serialize_begin+0x30>
10006358:	2b00      	cmp	r3, #0
1000635a:	db0d      	blt.n	10006378 <stdout_serialize_begin+0x38>
1000635c:	480a      	ldr	r0, [pc, #40]	; (10006388 <stdout_serialize_begin+0x48>)
1000635e:	f002 fe8f 	bl	10009080 <__mutex_try_enter_block_until_veneer>
10006362:	bd10      	pop	{r4, pc}
10006364:	4b09      	ldr	r3, [pc, #36]	; (1000638c <stdout_serialize_begin+0x4c>)
10006366:	4a0a      	ldr	r2, [pc, #40]	; (10006390 <stdout_serialize_begin+0x50>)
10006368:	213f      	movs	r1, #63	; 0x3f
1000636a:	480a      	ldr	r0, [pc, #40]	; (10006394 <stdout_serialize_begin+0x54>)
1000636c:	f7fe f99a 	bl	100046a4 <__assert_func>
10006370:	2201      	movs	r2, #1
10006372:	4252      	negs	r2, r2
10006374:	4b08      	ldr	r3, [pc, #32]	; (10006398 <stdout_serialize_begin+0x58>)
10006376:	e7ef      	b.n	10006358 <stdout_serialize_begin+0x18>
10006378:	4b04      	ldr	r3, [pc, #16]	; (1000638c <stdout_serialize_begin+0x4c>)
1000637a:	4a05      	ldr	r2, [pc, #20]	; (10006390 <stdout_serialize_begin+0x50>)
1000637c:	213f      	movs	r1, #63	; 0x3f
1000637e:	4805      	ldr	r0, [pc, #20]	; (10006394 <stdout_serialize_begin+0x54>)
10006380:	f7fe f990 	bl	100046a4 <__assert_func>
10006384:	000f4240 	.word	0x000f4240
10006388:	20000ed8 	.word	0x20000ed8
1000638c:	100090e4 	.word	0x100090e4
10006390:	1000ad74 	.word	0x1000ad74
10006394:	10009100 	.word	0x10009100
10006398:	7fffffff 	.word	0x7fffffff

1000639c <stdout_serialize_end>:
1000639c:	b510      	push	{r4, lr}
1000639e:	4802      	ldr	r0, [pc, #8]	; (100063a8 <stdout_serialize_end+0xc>)
100063a0:	f002 fe1e 	bl	10008fe0 <__mutex_exit_veneer>
100063a4:	bd10      	pop	{r4, pc}
100063a6:	46c0      	nop			; (mov r8, r8)
100063a8:	20000ed8 	.word	0x20000ed8

100063ac <stdio_put_string>:
100063ac:	b5f0      	push	{r4, r5, r6, r7, lr}
100063ae:	46ce      	mov	lr, r9
100063b0:	4647      	mov	r7, r8
100063b2:	b580      	push	{r7, lr}
100063b4:	b083      	sub	sp, #12
100063b6:	0006      	movs	r6, r0
100063b8:	000d      	movs	r5, r1
100063ba:	4690      	mov	r8, r2
100063bc:	001c      	movs	r4, r3
100063be:	f7ff ffbf 	bl	10006340 <stdout_serialize_begin>
100063c2:	4681      	mov	r9, r0
100063c4:	1c6b      	adds	r3, r5, #1
100063c6:	d005      	beq.n	100063d4 <stdio_put_string+0x28>
100063c8:	2c00      	cmp	r4, #0
100063ca:	d008      	beq.n	100063de <stdio_put_string+0x32>
100063cc:	4f19      	ldr	r7, [pc, #100]	; (10006434 <stdio_put_string+0x88>)
100063ce:	4b1a      	ldr	r3, [pc, #104]	; (10006438 <stdio_put_string+0x8c>)
100063d0:	681c      	ldr	r4, [r3, #0]
100063d2:	e007      	b.n	100063e4 <stdio_put_string+0x38>
100063d4:	0030      	movs	r0, r6
100063d6:	f002 fdbb 	bl	10008f50 <strlen>
100063da:	0005      	movs	r5, r0
100063dc:	e7f4      	b.n	100063c8 <stdio_put_string+0x1c>
100063de:	4f17      	ldr	r7, [pc, #92]	; (1000643c <stdio_put_string+0x90>)
100063e0:	e7f5      	b.n	100063ce <stdio_put_string+0x22>
100063e2:	6924      	ldr	r4, [r4, #16]
100063e4:	2c00      	cmp	r4, #0
100063e6:	d017      	beq.n	10006418 <stdio_put_string+0x6c>
100063e8:	6823      	ldr	r3, [r4, #0]
100063ea:	2b00      	cmp	r3, #0
100063ec:	d0f9      	beq.n	100063e2 <stdio_put_string+0x36>
100063ee:	4b14      	ldr	r3, [pc, #80]	; (10006440 <stdio_put_string+0x94>)
100063f0:	681b      	ldr	r3, [r3, #0]
100063f2:	2b00      	cmp	r3, #0
100063f4:	d001      	beq.n	100063fa <stdio_put_string+0x4e>
100063f6:	42a3      	cmp	r3, r4
100063f8:	d1f3      	bne.n	100063e2 <stdio_put_string+0x36>
100063fa:	002a      	movs	r2, r5
100063fc:	0031      	movs	r1, r6
100063fe:	0020      	movs	r0, r4
10006400:	47b8      	blx	r7
10006402:	4643      	mov	r3, r8
10006404:	2b00      	cmp	r3, #0
10006406:	d0ec      	beq.n	100063e2 <stdio_put_string+0x36>
10006408:	466b      	mov	r3, sp
1000640a:	1dd9      	adds	r1, r3, #7
1000640c:	230a      	movs	r3, #10
1000640e:	700b      	strb	r3, [r1, #0]
10006410:	2201      	movs	r2, #1
10006412:	0020      	movs	r0, r4
10006414:	47b8      	blx	r7
10006416:	e7e4      	b.n	100063e2 <stdio_put_string+0x36>
10006418:	464b      	mov	r3, r9
1000641a:	2b00      	cmp	r3, #0
1000641c:	d107      	bne.n	1000642e <stdio_put_string+0x82>
1000641e:	1e6b      	subs	r3, r5, #1
10006420:	419d      	sbcs	r5, r3
10006422:	b2e8      	uxtb	r0, r5
10006424:	b003      	add	sp, #12
10006426:	bcc0      	pop	{r6, r7}
10006428:	46b9      	mov	r9, r7
1000642a:	46b0      	mov	r8, r6
1000642c:	bdf0      	pop	{r4, r5, r6, r7, pc}
1000642e:	f7ff ffb5 	bl	1000639c <stdout_serialize_end>
10006432:	e7f4      	b.n	1000641e <stdio_put_string+0x72>
10006434:	1000624d 	.word	0x1000624d
10006438:	20001664 	.word	0x20001664
1000643c:	1000625d 	.word	0x1000625d
10006440:	2000166c 	.word	0x2000166c

10006444 <__wrap_putchar>:
10006444:	b510      	push	{r4, lr}
10006446:	b082      	sub	sp, #8
10006448:	0004      	movs	r4, r0
1000644a:	466b      	mov	r3, sp
1000644c:	1dd8      	adds	r0, r3, #7
1000644e:	7004      	strb	r4, [r0, #0]
10006450:	2300      	movs	r3, #0
10006452:	2200      	movs	r2, #0
10006454:	2101      	movs	r1, #1
10006456:	f7ff ffa9 	bl	100063ac <stdio_put_string>
1000645a:	0020      	movs	r0, r4
1000645c:	b002      	add	sp, #8
1000645e:	bd10      	pop	{r4, pc}

10006460 <stdio_set_driver_enabled>:
10006460:	4a09      	ldr	r2, [pc, #36]	; (10006488 <stdio_set_driver_enabled+0x28>)
10006462:	e001      	b.n	10006468 <stdio_set_driver_enabled+0x8>
10006464:	3310      	adds	r3, #16
10006466:	001a      	movs	r2, r3
10006468:	6813      	ldr	r3, [r2, #0]
1000646a:	2b00      	cmp	r3, #0
1000646c:	d008      	beq.n	10006480 <stdio_set_driver_enabled+0x20>
1000646e:	4283      	cmp	r3, r0
10006470:	d1f8      	bne.n	10006464 <stdio_set_driver_enabled+0x4>
10006472:	2900      	cmp	r1, #0
10006474:	d107      	bne.n	10006486 <stdio_set_driver_enabled+0x26>
10006476:	6903      	ldr	r3, [r0, #16]
10006478:	6013      	str	r3, [r2, #0]
1000647a:	2300      	movs	r3, #0
1000647c:	6103      	str	r3, [r0, #16]
1000647e:	e002      	b.n	10006486 <stdio_set_driver_enabled+0x26>
10006480:	2900      	cmp	r1, #0
10006482:	d000      	beq.n	10006486 <stdio_set_driver_enabled+0x26>
10006484:	6010      	str	r0, [r2, #0]
10006486:	4770      	bx	lr
10006488:	20001664 	.word	0x20001664

1000648c <stdio_flush>:
1000648c:	b510      	push	{r4, lr}
1000648e:	4b06      	ldr	r3, [pc, #24]	; (100064a8 <stdio_flush+0x1c>)
10006490:	681c      	ldr	r4, [r3, #0]
10006492:	e001      	b.n	10006498 <stdio_flush+0xc>
10006494:	4798      	blx	r3
10006496:	6924      	ldr	r4, [r4, #16]
10006498:	2c00      	cmp	r4, #0
1000649a:	d003      	beq.n	100064a4 <stdio_flush+0x18>
1000649c:	6863      	ldr	r3, [r4, #4]
1000649e:	2b00      	cmp	r3, #0
100064a0:	d1f8      	bne.n	10006494 <stdio_flush+0x8>
100064a2:	e7f8      	b.n	10006496 <stdio_flush+0xa>
100064a4:	bd10      	pop	{r4, pc}
100064a6:	46c0      	nop			; (mov r8, r8)
100064a8:	20001664 	.word	0x20001664

100064ac <__wrap_puts>:
100064ac:	b570      	push	{r4, r5, r6, lr}
100064ae:	0005      	movs	r5, r0
100064b0:	f002 fd4e 	bl	10008f50 <strlen>
100064b4:	0004      	movs	r4, r0
100064b6:	2300      	movs	r3, #0
100064b8:	2201      	movs	r2, #1
100064ba:	0001      	movs	r1, r0
100064bc:	0028      	movs	r0, r5
100064be:	f7ff ff75 	bl	100063ac <stdio_put_string>
100064c2:	f7ff ffe3 	bl	1000648c <stdio_flush>
100064c6:	0020      	movs	r0, r4
100064c8:	bd70      	pop	{r4, r5, r6, pc}
	...

100064cc <__wrap_vprintf>:
100064cc:	b570      	push	{r4, r5, r6, lr}
100064ce:	b0a2      	sub	sp, #136	; 0x88
100064d0:	0004      	movs	r4, r0
100064d2:	000e      	movs	r6, r1
100064d4:	f7ff ff34 	bl	10006340 <stdout_serialize_begin>
100064d8:	0005      	movs	r5, r0
100064da:	2300      	movs	r3, #0
100064dc:	9301      	str	r3, [sp, #4]
100064de:	0033      	movs	r3, r6
100064e0:	0022      	movs	r2, r4
100064e2:	a901      	add	r1, sp, #4
100064e4:	4808      	ldr	r0, [pc, #32]	; (10006508 <__wrap_vprintf+0x3c>)
100064e6:	f7ff fa37 	bl	10005958 <vfctprintf>
100064ea:	0004      	movs	r4, r0
100064ec:	a801      	add	r0, sp, #4
100064ee:	f7ff fef5 	bl	100062dc <stdio_stack_buffer_flush>
100064f2:	f7ff ffcb 	bl	1000648c <stdio_flush>
100064f6:	2d00      	cmp	r5, #0
100064f8:	d102      	bne.n	10006500 <__wrap_vprintf+0x34>
100064fa:	0020      	movs	r0, r4
100064fc:	b022      	add	sp, #136	; 0x88
100064fe:	bd70      	pop	{r4, r5, r6, pc}
10006500:	f7ff ff4c 	bl	1000639c <stdout_serialize_end>
10006504:	e7f9      	b.n	100064fa <__wrap_vprintf+0x2e>
10006506:	46c0      	nop			; (mov r8, r8)
10006508:	10006321 	.word	0x10006321

1000650c <__wrap_printf>:
1000650c:	b40f      	push	{r0, r1, r2, r3}
1000650e:	b500      	push	{lr}
10006510:	b083      	sub	sp, #12
10006512:	a904      	add	r1, sp, #16
10006514:	c901      	ldmia	r1!, {r0}
10006516:	9101      	str	r1, [sp, #4]
10006518:	f7ff ffd8 	bl	100064cc <__wrap_vprintf>
1000651c:	b003      	add	sp, #12
1000651e:	bc08      	pop	{r3}
10006520:	b004      	add	sp, #16
10006522:	4718      	bx	r3

10006524 <stdio_init_all>:
10006524:	b510      	push	{r4, lr}
10006526:	f000 f937 	bl	10006798 <stdio_usb_init>
1000652a:	bd10      	pop	{r4, pc}

1000652c <resetd_init>:
1000652c:	4770      	bx	lr
	...

10006530 <resetd_reset>:
10006530:	4b01      	ldr	r3, [pc, #4]	; (10006538 <resetd_reset+0x8>)
10006532:	2200      	movs	r2, #0
10006534:	701a      	strb	r2, [r3, #0]
10006536:	4770      	bx	lr
10006538:	20001d32 	.word	0x20001d32

1000653c <resetd_open>:
1000653c:	794b      	ldrb	r3, [r1, #5]
1000653e:	2bff      	cmp	r3, #255	; 0xff
10006540:	d10c      	bne.n	1000655c <resetd_open+0x20>
10006542:	798b      	ldrb	r3, [r1, #6]
10006544:	2b00      	cmp	r3, #0
10006546:	d10b      	bne.n	10006560 <resetd_open+0x24>
10006548:	79cb      	ldrb	r3, [r1, #7]
1000654a:	2b01      	cmp	r3, #1
1000654c:	d10a      	bne.n	10006564 <resetd_open+0x28>
1000654e:	2a08      	cmp	r2, #8
10006550:	d90a      	bls.n	10006568 <resetd_open+0x2c>
10006552:	788a      	ldrb	r2, [r1, #2]
10006554:	4b05      	ldr	r3, [pc, #20]	; (1000656c <resetd_open+0x30>)
10006556:	701a      	strb	r2, [r3, #0]
10006558:	2009      	movs	r0, #9
1000655a:	e000      	b.n	1000655e <resetd_open+0x22>
1000655c:	2000      	movs	r0, #0
1000655e:	4770      	bx	lr
10006560:	2000      	movs	r0, #0
10006562:	e7fc      	b.n	1000655e <resetd_open+0x22>
10006564:	2000      	movs	r0, #0
10006566:	e7fa      	b.n	1000655e <resetd_open+0x22>
10006568:	2000      	movs	r0, #0
1000656a:	e7f8      	b.n	1000655e <resetd_open+0x22>
1000656c:	20001d32 	.word	0x20001d32

10006570 <resetd_xfer_cb>:
10006570:	2001      	movs	r0, #1
10006572:	4770      	bx	lr

10006574 <reset_usb_boot>:
10006574:	b570      	push	{r4, r5, r6, lr}
10006576:	0004      	movs	r4, r0
10006578:	000d      	movs	r5, r1
1000657a:	4803      	ldr	r0, [pc, #12]	; (10006588 <reset_usb_boot+0x14>)
1000657c:	f7ff fa04 	bl	10005988 <rom_func_lookup>
10006580:	0003      	movs	r3, r0
10006582:	0029      	movs	r1, r5
10006584:	0020      	movs	r0, r4
10006586:	4798      	blx	r3
10006588:	00004255 	.word	0x00004255

1000658c <resetd_control_xfer_cb>:
1000658c:	b510      	push	{r4, lr}
1000658e:	2901      	cmp	r1, #1
10006590:	d126      	bne.n	100065e0 <resetd_control_xfer_cb+0x54>
10006592:	7911      	ldrb	r1, [r2, #4]
10006594:	7953      	ldrb	r3, [r2, #5]
10006596:	021b      	lsls	r3, r3, #8
10006598:	430b      	orrs	r3, r1
1000659a:	4912      	ldr	r1, [pc, #72]	; (100065e4 <resetd_control_xfer_cb+0x58>)
1000659c:	7809      	ldrb	r1, [r1, #0]
1000659e:	428b      	cmp	r3, r1
100065a0:	d001      	beq.n	100065a6 <resetd_control_xfer_cb+0x1a>
100065a2:	2000      	movs	r0, #0
100065a4:	e01d      	b.n	100065e2 <resetd_control_xfer_cb+0x56>
100065a6:	7853      	ldrb	r3, [r2, #1]
100065a8:	2b01      	cmp	r3, #1
100065aa:	d003      	beq.n	100065b4 <resetd_control_xfer_cb+0x28>
100065ac:	2b02      	cmp	r3, #2
100065ae:	d010      	beq.n	100065d2 <resetd_control_xfer_cb+0x46>
100065b0:	2000      	movs	r0, #0
100065b2:	e016      	b.n	100065e2 <resetd_control_xfer_cb+0x56>
100065b4:	7891      	ldrb	r1, [r2, #2]
100065b6:	78d3      	ldrb	r3, [r2, #3]
100065b8:	021b      	lsls	r3, r3, #8
100065ba:	4319      	orrs	r1, r3
100065bc:	05db      	lsls	r3, r3, #23
100065be:	d506      	bpl.n	100065ce <resetd_control_xfer_cb+0x42>
100065c0:	0a4b      	lsrs	r3, r1, #9
100065c2:	2001      	movs	r0, #1
100065c4:	4098      	lsls	r0, r3
100065c6:	237f      	movs	r3, #127	; 0x7f
100065c8:	4019      	ands	r1, r3
100065ca:	f7ff ffd3 	bl	10006574 <reset_usb_boot>
100065ce:	2000      	movs	r0, #0
100065d0:	e7f9      	b.n	100065c6 <resetd_control_xfer_cb+0x3a>
100065d2:	2264      	movs	r2, #100	; 0x64
100065d4:	2100      	movs	r1, #0
100065d6:	2000      	movs	r0, #0
100065d8:	f7fe f826 	bl	10004628 <watchdog_reboot>
100065dc:	2001      	movs	r0, #1
100065de:	e000      	b.n	100065e2 <resetd_control_xfer_cb+0x56>
100065e0:	2001      	movs	r0, #1
100065e2:	bd10      	pop	{r4, pc}
100065e4:	20001d32 	.word	0x20001d32

100065e8 <usbd_app_driver_get_cb>:
100065e8:	2301      	movs	r3, #1
100065ea:	7003      	strb	r3, [r0, #0]
100065ec:	4800      	ldr	r0, [pc, #0]	; (100065f0 <usbd_app_driver_get_cb+0x8>)
100065ee:	4770      	bx	lr
100065f0:	1000ad90 	.word	0x1000ad90

100065f4 <tud_cdc_line_coding_cb>:
100065f4:	b510      	push	{r4, lr}
100065f6:	780b      	ldrb	r3, [r1, #0]
100065f8:	7848      	ldrb	r0, [r1, #1]
100065fa:	0200      	lsls	r0, r0, #8
100065fc:	4318      	orrs	r0, r3
100065fe:	788a      	ldrb	r2, [r1, #2]
10006600:	0412      	lsls	r2, r2, #16
10006602:	4310      	orrs	r0, r2
10006604:	78cb      	ldrb	r3, [r1, #3]
10006606:	061b      	lsls	r3, r3, #24
10006608:	4303      	orrs	r3, r0
1000660a:	2296      	movs	r2, #150	; 0x96
1000660c:	00d2      	lsls	r2, r2, #3
1000660e:	4293      	cmp	r3, r2
10006610:	d000      	beq.n	10006614 <tud_cdc_line_coding_cb+0x20>
10006612:	bd10      	pop	{r4, pc}
10006614:	2100      	movs	r1, #0
10006616:	0008      	movs	r0, r1
10006618:	f7ff ffac 	bl	10006574 <reset_usb_boot>

1000661c <stdio_usb_set_chars_available_callback>:
1000661c:	4b02      	ldr	r3, [pc, #8]	; (10006628 <stdio_usb_set_chars_available_callback+0xc>)
1000661e:	6018      	str	r0, [r3, #0]
10006620:	4b02      	ldr	r3, [pc, #8]	; (1000662c <stdio_usb_set_chars_available_callback+0x10>)
10006622:	6019      	str	r1, [r3, #0]
10006624:	4770      	bx	lr
10006626:	46c0      	nop			; (mov r8, r8)
10006628:	200015b8 	.word	0x200015b8
1000662c:	200015bc 	.word	0x200015bc

10006630 <usb_irq>:
10006630:	b510      	push	{r4, lr}
10006632:	4b02      	ldr	r3, [pc, #8]	; (1000663c <usb_irq+0xc>)
10006634:	7818      	ldrb	r0, [r3, #0]
10006636:	f7fc f9bb 	bl	100029b0 <irq_set_pending>
1000663a:	bd10      	pop	{r4, pc}
1000663c:	20001d36 	.word	0x20001d36

10006640 <timer_task>:
10006640:	b570      	push	{r4, r5, r6, lr}
10006642:	4b13      	ldr	r3, [pc, #76]	; (10006690 <timer_task+0x50>)
10006644:	681b      	ldr	r3, [r3, #0]
10006646:	2b00      	cmp	r3, #0
10006648:	d01d      	beq.n	10006686 <timer_task+0x46>
1000664a:	4b11      	ldr	r3, [pc, #68]	; (10006690 <timer_task+0x50>)
1000664c:	6819      	ldr	r1, [r3, #0]
1000664e:	f3ef 8310 	mrs	r3, PRIMASK
10006652:	b672      	cpsid	i
10006654:	680a      	ldr	r2, [r1, #0]
10006656:	2a00      	cmp	r2, #0
10006658:	d0fc      	beq.n	10006654 <timer_task+0x14>
1000665a:	f3bf 8f5f 	dmb	sy
1000665e:	490c      	ldr	r1, [pc, #48]	; (10006690 <timer_task+0x50>)
10006660:	604b      	str	r3, [r1, #4]
10006662:	2200      	movs	r2, #0
10006664:	480b      	ldr	r0, [pc, #44]	; (10006694 <timer_task+0x54>)
10006666:	7002      	strb	r2, [r0, #0]
10006668:	6809      	ldr	r1, [r1, #0]
1000666a:	f3bf 8f5f 	dmb	sy
1000666e:	600a      	str	r2, [r1, #0]
10006670:	f383 8810 	msr	PRIMASK, r3
10006674:	2400      	movs	r4, #0
10006676:	2500      	movs	r5, #0
10006678:	4b07      	ldr	r3, [pc, #28]	; (10006698 <timer_task+0x58>)
1000667a:	7818      	ldrb	r0, [r3, #0]
1000667c:	f7fc f998 	bl	100029b0 <irq_set_pending>
10006680:	0020      	movs	r0, r4
10006682:	0029      	movs	r1, r5
10006684:	bd70      	pop	{r4, r5, r6, pc}
10006686:	24fa      	movs	r4, #250	; 0xfa
10006688:	00a4      	lsls	r4, r4, #2
1000668a:	2500      	movs	r5, #0
1000668c:	e7f4      	b.n	10006678 <timer_task+0x38>
1000668e:	46c0      	nop			; (mov r8, r8)
10006690:	20001aac 	.word	0x20001aac
10006694:	20001d37 	.word	0x20001d37
10006698:	20001d36 	.word	0x20001d36

1000669c <low_priority_worker_irq>:
1000669c:	b510      	push	{r4, lr}
1000669e:	b084      	sub	sp, #16
100066a0:	2100      	movs	r1, #0
100066a2:	482d      	ldr	r0, [pc, #180]	; (10006758 <low_priority_worker_irq+0xbc>)
100066a4:	f002 fcbc 	bl	10009020 <__mutex_try_enter_veneer>
100066a8:	2800      	cmp	r0, #0
100066aa:	d13a      	bne.n	10006722 <low_priority_worker_irq+0x86>
100066ac:	4b2b      	ldr	r3, [pc, #172]	; (1000675c <low_priority_worker_irq+0xc0>)
100066ae:	681b      	ldr	r3, [r3, #0]
100066b0:	2b00      	cmp	r3, #0
100066b2:	d03e      	beq.n	10006732 <low_priority_worker_irq+0x96>
100066b4:	4b29      	ldr	r3, [pc, #164]	; (1000675c <low_priority_worker_irq+0xc0>)
100066b6:	6819      	ldr	r1, [r3, #0]
100066b8:	f3ef 8210 	mrs	r2, PRIMASK
100066bc:	b672      	cpsid	i
100066be:	680b      	ldr	r3, [r1, #0]
100066c0:	2b00      	cmp	r3, #0
100066c2:	d0fc      	beq.n	100066be <low_priority_worker_irq+0x22>
100066c4:	f3bf 8f5f 	dmb	sy
100066c8:	4924      	ldr	r1, [pc, #144]	; (1000675c <low_priority_worker_irq+0xc0>)
100066ca:	604a      	str	r2, [r1, #4]
100066cc:	4824      	ldr	r0, [pc, #144]	; (10006760 <low_priority_worker_irq+0xc4>)
100066ce:	7803      	ldrb	r3, [r0, #0]
100066d0:	2401      	movs	r4, #1
100066d2:	4063      	eors	r3, r4
100066d4:	b2db      	uxtb	r3, r3
100066d6:	2401      	movs	r4, #1
100066d8:	7004      	strb	r4, [r0, #0]
100066da:	6809      	ldr	r1, [r1, #0]
100066dc:	f3bf 8f5f 	dmb	sy
100066e0:	2000      	movs	r0, #0
100066e2:	6008      	str	r0, [r1, #0]
100066e4:	f382 8810 	msr	PRIMASK, r2
100066e8:	2b00      	cmp	r3, #0
100066ea:	d022      	beq.n	10006732 <low_priority_worker_irq+0x96>
100066ec:	f7fc ffce 	bl	1000368c <alarm_pool_get_default>
100066f0:	0004      	movs	r4, r0
100066f2:	f7fd fa71 	bl	10003bd8 <time_us_64>
100066f6:	0002      	movs	r2, r0
100066f8:	1e0b      	subs	r3, r1, #0
100066fa:	db1c      	blt.n	10006736 <low_priority_worker_irq+0x9a>
100066fc:	20fa      	movs	r0, #250	; 0xfa
100066fe:	0080      	lsls	r0, r0, #2
10006700:	2100      	movs	r1, #0
10006702:	1812      	adds	r2, r2, r0
10006704:	414b      	adcs	r3, r1
10006706:	2b00      	cmp	r3, #0
10006708:	db1b      	blt.n	10006742 <low_priority_worker_irq+0xa6>
1000670a:	2b00      	cmp	r3, #0
1000670c:	db1d      	blt.n	1000674a <low_priority_worker_irq+0xae>
1000670e:	2101      	movs	r1, #1
10006710:	9102      	str	r1, [sp, #8]
10006712:	2100      	movs	r1, #0
10006714:	9101      	str	r1, [sp, #4]
10006716:	4913      	ldr	r1, [pc, #76]	; (10006764 <low_priority_worker_irq+0xc8>)
10006718:	9100      	str	r1, [sp, #0]
1000671a:	0020      	movs	r0, r4
1000671c:	f7fc ffcc 	bl	100036b8 <alarm_pool_add_alarm_at>
10006720:	e007      	b.n	10006732 <low_priority_worker_irq+0x96>
10006722:	2001      	movs	r0, #1
10006724:	2100      	movs	r1, #0
10006726:	4240      	negs	r0, r0
10006728:	f001 f8f0 	bl	1000790c <tud_task_ext>
1000672c:	480a      	ldr	r0, [pc, #40]	; (10006758 <low_priority_worker_irq+0xbc>)
1000672e:	f002 fc57 	bl	10008fe0 <__mutex_exit_veneer>
10006732:	b004      	add	sp, #16
10006734:	bd10      	pop	{r4, pc}
10006736:	4b0c      	ldr	r3, [pc, #48]	; (10006768 <low_priority_worker_irq+0xcc>)
10006738:	4a0c      	ldr	r2, [pc, #48]	; (1000676c <low_priority_worker_irq+0xd0>)
1000673a:	213f      	movs	r1, #63	; 0x3f
1000673c:	480c      	ldr	r0, [pc, #48]	; (10006770 <low_priority_worker_irq+0xd4>)
1000673e:	f7fd ffb1 	bl	100046a4 <__assert_func>
10006742:	2201      	movs	r2, #1
10006744:	4252      	negs	r2, r2
10006746:	4b0b      	ldr	r3, [pc, #44]	; (10006774 <low_priority_worker_irq+0xd8>)
10006748:	e7df      	b.n	1000670a <low_priority_worker_irq+0x6e>
1000674a:	4b07      	ldr	r3, [pc, #28]	; (10006768 <low_priority_worker_irq+0xcc>)
1000674c:	4a07      	ldr	r2, [pc, #28]	; (1000676c <low_priority_worker_irq+0xd0>)
1000674e:	213f      	movs	r1, #63	; 0x3f
10006750:	4807      	ldr	r0, [pc, #28]	; (10006770 <low_priority_worker_irq+0xd4>)
10006752:	f7fd ffa7 	bl	100046a4 <__assert_func>
10006756:	46c0      	nop			; (mov r8, r8)
10006758:	20001ce0 	.word	0x20001ce0
1000675c:	20001aac 	.word	0x20001aac
10006760:	20001d37 	.word	0x20001d37
10006764:	10006641 	.word	0x10006641
10006768:	100090e4 	.word	0x100090e4
1000676c:	1000ae3c 	.word	0x1000ae3c
10006770:	10009100 	.word	0x10009100
10006774:	7fffffff 	.word	0x7fffffff

10006778 <tud_cdc_rx_cb>:
10006778:	b510      	push	{r4, lr}
1000677a:	4b05      	ldr	r3, [pc, #20]	; (10006790 <tud_cdc_rx_cb+0x18>)
1000677c:	6818      	ldr	r0, [r3, #0]
1000677e:	2800      	cmp	r0, #0
10006780:	d004      	beq.n	1000678c <tud_cdc_rx_cb+0x14>
10006782:	4b04      	ldr	r3, [pc, #16]	; (10006794 <tud_cdc_rx_cb+0x1c>)
10006784:	6819      	ldr	r1, [r3, #0]
10006786:	2200      	movs	r2, #0
10006788:	f000 fde6 	bl	10007358 <usbd_defer_func>
1000678c:	bd10      	pop	{r4, pc}
1000678e:	46c0      	nop			; (mov r8, r8)
10006790:	200015b8 	.word	0x200015b8
10006794:	200015bc 	.word	0x200015bc

10006798 <stdio_usb_init>:
10006798:	b510      	push	{r4, lr}
1000679a:	b084      	sub	sp, #16
1000679c:	23d0      	movs	r3, #208	; 0xd0
1000679e:	061b      	lsls	r3, r3, #24
100067a0:	681c      	ldr	r4, [r3, #0]
100067a2:	f7fc ff73 	bl	1000368c <alarm_pool_get_default>
100067a6:	f7fd f8b7 	bl	10003918 <alarm_pool_core_num>
100067aa:	42a0      	cmp	r0, r4
100067ac:	d12a      	bne.n	10006804 <stdio_usb_init+0x6c>
100067ae:	4b32      	ldr	r3, [pc, #200]	; (10006878 <stdio_usb_init+0xe0>)
100067b0:	781b      	ldrb	r3, [r3, #0]
100067b2:	f001 fd93 	bl	100082dc <tusb_init>
100067b6:	4831      	ldr	r0, [pc, #196]	; (1000687c <stdio_usb_init+0xe4>)
100067b8:	f7fc fbd8 	bl	10002f6c <mutex_init>
100067bc:	2001      	movs	r0, #1
100067be:	f7fc fbb9 	bl	10002f34 <user_irq_claim_unused>
100067c2:	b2c0      	uxtb	r0, r0
100067c4:	4c2e      	ldr	r4, [pc, #184]	; (10006880 <stdio_usb_init+0xe8>)
100067c6:	7020      	strb	r0, [r4, #0]
100067c8:	492e      	ldr	r1, [pc, #184]	; (10006884 <stdio_usb_init+0xec>)
100067ca:	f7fc f913 	bl	100029f4 <irq_set_exclusive_handler>
100067ce:	7820      	ldrb	r0, [r4, #0]
100067d0:	2101      	movs	r1, #1
100067d2:	f7fc f8e5 	bl	100029a0 <irq_set_enabled>
100067d6:	2005      	movs	r0, #5
100067d8:	f7fc f8fa 	bl	100029d0 <irq_has_shared_handler>
100067dc:	1e04      	subs	r4, r0, #0
100067de:	d017      	beq.n	10006810 <stdio_usb_init+0x78>
100067e0:	2200      	movs	r2, #0
100067e2:	4929      	ldr	r1, [pc, #164]	; (10006888 <stdio_usb_init+0xf0>)
100067e4:	2005      	movs	r0, #5
100067e6:	f7fc f92f 	bl	10002a48 <irq_add_shared_handler>
100067ea:	f7fc f847 	bl	1000287c <next_striped_spin_lock_num>
100067ee:	0001      	movs	r1, r0
100067f0:	4826      	ldr	r0, [pc, #152]	; (1000688c <stdio_usb_init+0xf4>)
100067f2:	f7fc fbd7 	bl	10002fa4 <critical_section_init_with_lock_num>
100067f6:	2101      	movs	r1, #1
100067f8:	4825      	ldr	r0, [pc, #148]	; (10006890 <stdio_usb_init+0xf8>)
100067fa:	f7ff fe31 	bl	10006460 <stdio_set_driver_enabled>
100067fe:	0020      	movs	r0, r4
10006800:	b004      	add	sp, #16
10006802:	bd10      	pop	{r4, pc}
10006804:	4b23      	ldr	r3, [pc, #140]	; (10006894 <stdio_usb_init+0xfc>)
10006806:	4a24      	ldr	r2, [pc, #144]	; (10006898 <stdio_usb_init+0x100>)
10006808:	21b2      	movs	r1, #178	; 0xb2
1000680a:	4824      	ldr	r0, [pc, #144]	; (1000689c <stdio_usb_init+0x104>)
1000680c:	f7fd ff4a 	bl	100046a4 <__assert_func>
10006810:	f7fc ff3c 	bl	1000368c <alarm_pool_get_default>
10006814:	0004      	movs	r4, r0
10006816:	f7fd f9df 	bl	10003bd8 <time_us_64>
1000681a:	0002      	movs	r2, r0
1000681c:	1e0b      	subs	r3, r1, #0
1000681e:	db1b      	blt.n	10006858 <stdio_usb_init+0xc0>
10006820:	20fa      	movs	r0, #250	; 0xfa
10006822:	0080      	lsls	r0, r0, #2
10006824:	2100      	movs	r1, #0
10006826:	1812      	adds	r2, r2, r0
10006828:	414b      	adcs	r3, r1
1000682a:	2b00      	cmp	r3, #0
1000682c:	db1a      	blt.n	10006864 <stdio_usb_init+0xcc>
1000682e:	2b00      	cmp	r3, #0
10006830:	db1c      	blt.n	1000686c <stdio_usb_init+0xd4>
10006832:	2101      	movs	r1, #1
10006834:	9102      	str	r1, [sp, #8]
10006836:	2100      	movs	r1, #0
10006838:	9101      	str	r1, [sp, #4]
1000683a:	4919      	ldr	r1, [pc, #100]	; (100068a0 <stdio_usb_init+0x108>)
1000683c:	9100      	str	r1, [sp, #0]
1000683e:	0020      	movs	r0, r4
10006840:	f7fc ff3a 	bl	100036b8 <alarm_pool_add_alarm_at>
10006844:	43c4      	mvns	r4, r0
10006846:	0fe4      	lsrs	r4, r4, #31
10006848:	2208      	movs	r2, #8
1000684a:	2100      	movs	r1, #0
1000684c:	480f      	ldr	r0, [pc, #60]	; (1000688c <stdio_usb_init+0xf4>)
1000684e:	f7ff fcf1 	bl	10006234 <__wrap_memset>
10006852:	2c00      	cmp	r4, #0
10006854:	d0d3      	beq.n	100067fe <stdio_usb_init+0x66>
10006856:	e7ce      	b.n	100067f6 <stdio_usb_init+0x5e>
10006858:	4b12      	ldr	r3, [pc, #72]	; (100068a4 <stdio_usb_init+0x10c>)
1000685a:	4a13      	ldr	r2, [pc, #76]	; (100068a8 <stdio_usb_init+0x110>)
1000685c:	213f      	movs	r1, #63	; 0x3f
1000685e:	4813      	ldr	r0, [pc, #76]	; (100068ac <stdio_usb_init+0x114>)
10006860:	f7fd ff20 	bl	100046a4 <__assert_func>
10006864:	2201      	movs	r2, #1
10006866:	4252      	negs	r2, r2
10006868:	4b11      	ldr	r3, [pc, #68]	; (100068b0 <stdio_usb_init+0x118>)
1000686a:	e7e0      	b.n	1000682e <stdio_usb_init+0x96>
1000686c:	4b0d      	ldr	r3, [pc, #52]	; (100068a4 <stdio_usb_init+0x10c>)
1000686e:	4a0e      	ldr	r2, [pc, #56]	; (100068a8 <stdio_usb_init+0x110>)
10006870:	213f      	movs	r1, #63	; 0x3f
10006872:	480e      	ldr	r0, [pc, #56]	; (100068ac <stdio_usb_init+0x114>)
10006874:	f7fd ff16 	bl	100046a4 <__assert_func>
10006878:	1000b4f8 	.word	0x1000b4f8
1000687c:	20001ce0 	.word	0x20001ce0
10006880:	20001d36 	.word	0x20001d36
10006884:	1000669d 	.word	0x1000669d
10006888:	10006631 	.word	0x10006631
1000688c:	20001aac 	.word	0x20001aac
10006890:	20000e90 	.word	0x20000e90
10006894:	10009f44 	.word	0x10009f44
10006898:	1000ae2c 	.word	0x1000ae2c
1000689c:	1000ada8 	.word	0x1000ada8
100068a0:	10006641 	.word	0x10006641
100068a4:	100090e4 	.word	0x100090e4
100068a8:	1000ae3c 	.word	0x1000ae3c
100068ac:	10009100 	.word	0x10009100
100068b0:	7fffffff 	.word	0x7fffffff

100068b4 <stdio_usb_connected>:
100068b4:	b510      	push	{r4, lr}
100068b6:	2000      	movs	r0, #0
100068b8:	f001 fa30 	bl	10007d1c <tud_cdc_n_connected>
100068bc:	bd10      	pop	{r4, pc}
	...

100068c0 <stdio_usb_in_chars>:
100068c0:	b570      	push	{r4, r5, r6, lr}
100068c2:	0005      	movs	r5, r0
100068c4:	000c      	movs	r4, r1
100068c6:	f7ff fff5 	bl	100068b4 <stdio_usb_connected>
100068ca:	2800      	cmp	r0, #0
100068cc:	d045      	beq.n	1000695a <stdio_usb_in_chars+0x9a>
100068ce:	2000      	movs	r0, #0
100068d0:	f001 fa46 	bl	10007d60 <tud_cdc_n_available>
100068d4:	2800      	cmp	r0, #0
100068d6:	d043      	beq.n	10006960 <stdio_usb_in_chars+0xa0>
100068d8:	f7fd f97e 	bl	10003bd8 <time_us_64>
100068dc:	0002      	movs	r2, r0
100068de:	1e0b      	subs	r3, r1, #0
100068e0:	db21      	blt.n	10006926 <stdio_usb_in_chars+0x66>
100068e2:	4822      	ldr	r0, [pc, #136]	; (1000696c <stdio_usb_in_chars+0xac>)
100068e4:	2100      	movs	r1, #0
100068e6:	1812      	adds	r2, r2, r0
100068e8:	414b      	adcs	r3, r1
100068ea:	2b00      	cmp	r3, #0
100068ec:	db21      	blt.n	10006932 <stdio_usb_in_chars+0x72>
100068ee:	2b00      	cmp	r3, #0
100068f0:	db23      	blt.n	1000693a <stdio_usb_in_chars+0x7a>
100068f2:	481f      	ldr	r0, [pc, #124]	; (10006970 <stdio_usb_in_chars+0xb0>)
100068f4:	f002 fbc4 	bl	10009080 <__mutex_try_enter_block_until_veneer>
100068f8:	2800      	cmp	r0, #0
100068fa:	d034      	beq.n	10006966 <stdio_usb_in_chars+0xa6>
100068fc:	f7ff ffda 	bl	100068b4 <stdio_usb_connected>
10006900:	2800      	cmp	r0, #0
10006902:	d004      	beq.n	1000690e <stdio_usb_in_chars+0x4e>
10006904:	2000      	movs	r0, #0
10006906:	f001 fa2b 	bl	10007d60 <tud_cdc_n_available>
1000690a:	2800      	cmp	r0, #0
1000690c:	d11b      	bne.n	10006946 <stdio_usb_in_chars+0x86>
1000690e:	2001      	movs	r0, #1
10006910:	2100      	movs	r1, #0
10006912:	4240      	negs	r0, r0
10006914:	f000 fffa 	bl	1000790c <tud_task_ext>
10006918:	2403      	movs	r4, #3
1000691a:	4264      	negs	r4, r4
1000691c:	4814      	ldr	r0, [pc, #80]	; (10006970 <stdio_usb_in_chars+0xb0>)
1000691e:	f002 fb5f 	bl	10008fe0 <__mutex_exit_veneer>
10006922:	0020      	movs	r0, r4
10006924:	bd70      	pop	{r4, r5, r6, pc}
10006926:	4b13      	ldr	r3, [pc, #76]	; (10006974 <stdio_usb_in_chars+0xb4>)
10006928:	4a13      	ldr	r2, [pc, #76]	; (10006978 <stdio_usb_in_chars+0xb8>)
1000692a:	213f      	movs	r1, #63	; 0x3f
1000692c:	4813      	ldr	r0, [pc, #76]	; (1000697c <stdio_usb_in_chars+0xbc>)
1000692e:	f7fd feb9 	bl	100046a4 <__assert_func>
10006932:	2201      	movs	r2, #1
10006934:	4252      	negs	r2, r2
10006936:	4b12      	ldr	r3, [pc, #72]	; (10006980 <stdio_usb_in_chars+0xc0>)
10006938:	e7d9      	b.n	100068ee <stdio_usb_in_chars+0x2e>
1000693a:	4b0e      	ldr	r3, [pc, #56]	; (10006974 <stdio_usb_in_chars+0xb4>)
1000693c:	4a0e      	ldr	r2, [pc, #56]	; (10006978 <stdio_usb_in_chars+0xb8>)
1000693e:	213f      	movs	r1, #63	; 0x3f
10006940:	480e      	ldr	r0, [pc, #56]	; (1000697c <stdio_usb_in_chars+0xbc>)
10006942:	f7fd feaf 	bl	100046a4 <__assert_func>
10006946:	0022      	movs	r2, r4
10006948:	0029      	movs	r1, r5
1000694a:	2000      	movs	r0, #0
1000694c:	f001 fa14 	bl	10007d78 <tud_cdc_n_read>
10006950:	1e04      	subs	r4, r0, #0
10006952:	d1e3      	bne.n	1000691c <stdio_usb_in_chars+0x5c>
10006954:	2403      	movs	r4, #3
10006956:	4264      	negs	r4, r4
10006958:	e7e0      	b.n	1000691c <stdio_usb_in_chars+0x5c>
1000695a:	2403      	movs	r4, #3
1000695c:	4264      	negs	r4, r4
1000695e:	e7e0      	b.n	10006922 <stdio_usb_in_chars+0x62>
10006960:	2403      	movs	r4, #3
10006962:	4264      	negs	r4, r4
10006964:	e7dd      	b.n	10006922 <stdio_usb_in_chars+0x62>
10006966:	2403      	movs	r4, #3
10006968:	4264      	negs	r4, r4
1000696a:	e7da      	b.n	10006922 <stdio_usb_in_chars+0x62>
1000696c:	000f4240 	.word	0x000f4240
10006970:	20001ce0 	.word	0x20001ce0
10006974:	100090e4 	.word	0x100090e4
10006978:	1000ae3c 	.word	0x1000ae3c
1000697c:	10009100 	.word	0x10009100
10006980:	7fffffff 	.word	0x7fffffff

10006984 <stdio_usb_out_chars>:
10006984:	b5f0      	push	{r4, r5, r6, r7, lr}
10006986:	46c6      	mov	lr, r8
10006988:	b500      	push	{lr}
1000698a:	4680      	mov	r8, r0
1000698c:	000c      	movs	r4, r1
1000698e:	f7fd f923 	bl	10003bd8 <time_us_64>
10006992:	0002      	movs	r2, r0
10006994:	1e0b      	subs	r3, r1, #0
10006996:	db0f      	blt.n	100069b8 <stdio_usb_out_chars+0x34>
10006998:	4837      	ldr	r0, [pc, #220]	; (10006a78 <stdio_usb_out_chars+0xf4>)
1000699a:	2100      	movs	r1, #0
1000699c:	1812      	adds	r2, r2, r0
1000699e:	414b      	adcs	r3, r1
100069a0:	2b00      	cmp	r3, #0
100069a2:	db0f      	blt.n	100069c4 <stdio_usb_out_chars+0x40>
100069a4:	2b00      	cmp	r3, #0
100069a6:	db11      	blt.n	100069cc <stdio_usb_out_chars+0x48>
100069a8:	4834      	ldr	r0, [pc, #208]	; (10006a7c <stdio_usb_out_chars+0xf8>)
100069aa:	f002 fb69 	bl	10009080 <__mutex_try_enter_block_until_veneer>
100069ae:	2800      	cmp	r0, #0
100069b0:	d112      	bne.n	100069d8 <stdio_usb_out_chars+0x54>
100069b2:	bc80      	pop	{r7}
100069b4:	46b8      	mov	r8, r7
100069b6:	bdf0      	pop	{r4, r5, r6, r7, pc}
100069b8:	4b31      	ldr	r3, [pc, #196]	; (10006a80 <stdio_usb_out_chars+0xfc>)
100069ba:	4a32      	ldr	r2, [pc, #200]	; (10006a84 <stdio_usb_out_chars+0x100>)
100069bc:	213f      	movs	r1, #63	; 0x3f
100069be:	4832      	ldr	r0, [pc, #200]	; (10006a88 <stdio_usb_out_chars+0x104>)
100069c0:	f7fd fe70 	bl	100046a4 <__assert_func>
100069c4:	2201      	movs	r2, #1
100069c6:	4252      	negs	r2, r2
100069c8:	4b30      	ldr	r3, [pc, #192]	; (10006a8c <stdio_usb_out_chars+0x108>)
100069ca:	e7eb      	b.n	100069a4 <stdio_usb_out_chars+0x20>
100069cc:	4b2c      	ldr	r3, [pc, #176]	; (10006a80 <stdio_usb_out_chars+0xfc>)
100069ce:	4a2d      	ldr	r2, [pc, #180]	; (10006a84 <stdio_usb_out_chars+0x100>)
100069d0:	213f      	movs	r1, #63	; 0x3f
100069d2:	482d      	ldr	r0, [pc, #180]	; (10006a88 <stdio_usb_out_chars+0x104>)
100069d4:	f7fd fe66 	bl	100046a4 <__assert_func>
100069d8:	f7ff ff6c 	bl	100068b4 <stdio_usb_connected>
100069dc:	2800      	cmp	r0, #0
100069de:	d149      	bne.n	10006a74 <stdio_usb_out_chars+0xf0>
100069e0:	4b2b      	ldr	r3, [pc, #172]	; (10006a90 <stdio_usb_out_chars+0x10c>)
100069e2:	2000      	movs	r0, #0
100069e4:	2100      	movs	r1, #0
100069e6:	6018      	str	r0, [r3, #0]
100069e8:	6059      	str	r1, [r3, #4]
100069ea:	4824      	ldr	r0, [pc, #144]	; (10006a7c <stdio_usb_out_chars+0xf8>)
100069ec:	f002 faf8 	bl	10008fe0 <__mutex_exit_veneer>
100069f0:	e7df      	b.n	100069b2 <stdio_usb_out_chars+0x2e>
100069f2:	2001      	movs	r0, #1
100069f4:	2100      	movs	r1, #0
100069f6:	4240      	negs	r0, r0
100069f8:	f000 ff88 	bl	1000790c <tud_task_ext>
100069fc:	2000      	movs	r0, #0
100069fe:	f001 f9cf 	bl	10007da0 <tud_cdc_n_write_flush>
10006a02:	f7ff ff57 	bl	100068b4 <stdio_usb_connected>
10006a06:	2800      	cmp	r0, #0
10006a08:	d0ef      	beq.n	100069ea <stdio_usb_out_chars+0x66>
10006a0a:	2000      	movs	r0, #0
10006a0c:	f001 fa40 	bl	10007e90 <tud_cdc_n_write_available>
10006a10:	2800      	cmp	r0, #0
10006a12:	d020      	beq.n	10006a56 <stdio_usb_out_chars+0xd2>
10006a14:	42a5      	cmp	r5, r4
10006a16:	dae8      	bge.n	100069ea <stdio_usb_out_chars+0x66>
10006a18:	1b66      	subs	r6, r4, r5
10006a1a:	2000      	movs	r0, #0
10006a1c:	f001 fa38 	bl	10007e90 <tud_cdc_n_write_available>
10006a20:	0002      	movs	r2, r0
10006a22:	4286      	cmp	r6, r0
10006a24:	dc00      	bgt.n	10006a28 <stdio_usb_out_chars+0xa4>
10006a26:	0032      	movs	r2, r6
10006a28:	2a00      	cmp	r2, #0
10006a2a:	d0e2      	beq.n	100069f2 <stdio_usb_out_chars+0x6e>
10006a2c:	4643      	mov	r3, r8
10006a2e:	1959      	adds	r1, r3, r5
10006a30:	2000      	movs	r0, #0
10006a32:	f001 fa11 	bl	10007e58 <tud_cdc_n_write>
10006a36:	0006      	movs	r6, r0
10006a38:	2001      	movs	r0, #1
10006a3a:	2100      	movs	r1, #0
10006a3c:	4240      	negs	r0, r0
10006a3e:	f000 ff65 	bl	1000790c <tud_task_ext>
10006a42:	2000      	movs	r0, #0
10006a44:	f001 f9ac 	bl	10007da0 <tud_cdc_n_write_flush>
10006a48:	19ad      	adds	r5, r5, r6
10006a4a:	f7fd f8c5 	bl	10003bd8 <time_us_64>
10006a4e:	4b10      	ldr	r3, [pc, #64]	; (10006a90 <stdio_usb_out_chars+0x10c>)
10006a50:	6018      	str	r0, [r3, #0]
10006a52:	6059      	str	r1, [r3, #4]
10006a54:	e7de      	b.n	10006a14 <stdio_usb_out_chars+0x90>
10006a56:	f7fd f8bf 	bl	10003bd8 <time_us_64>
10006a5a:	4b0d      	ldr	r3, [pc, #52]	; (10006a90 <stdio_usb_out_chars+0x10c>)
10006a5c:	681e      	ldr	r6, [r3, #0]
10006a5e:	685f      	ldr	r7, [r3, #4]
10006a60:	4a0c      	ldr	r2, [pc, #48]	; (10006a94 <stdio_usb_out_chars+0x110>)
10006a62:	2300      	movs	r3, #0
10006a64:	1992      	adds	r2, r2, r6
10006a66:	417b      	adcs	r3, r7
10006a68:	4299      	cmp	r1, r3
10006a6a:	d8be      	bhi.n	100069ea <stdio_usb_out_chars+0x66>
10006a6c:	d1d2      	bne.n	10006a14 <stdio_usb_out_chars+0x90>
10006a6e:	4290      	cmp	r0, r2
10006a70:	d9d0      	bls.n	10006a14 <stdio_usb_out_chars+0x90>
10006a72:	e7ba      	b.n	100069ea <stdio_usb_out_chars+0x66>
10006a74:	2500      	movs	r5, #0
10006a76:	e7cd      	b.n	10006a14 <stdio_usb_out_chars+0x90>
10006a78:	000f4240 	.word	0x000f4240
10006a7c:	20001ce0 	.word	0x20001ce0
10006a80:	100090e4 	.word	0x100090e4
10006a84:	1000ae3c 	.word	0x1000ae3c
10006a88:	10009100 	.word	0x10009100
10006a8c:	7fffffff 	.word	0x7fffffff
10006a90:	20000ff8 	.word	0x20000ff8
10006a94:	0007a120 	.word	0x0007a120

10006a98 <tud_descriptor_device_cb>:
10006a98:	4800      	ldr	r0, [pc, #0]	; (10006a9c <tud_descriptor_device_cb+0x4>)
10006a9a:	4770      	bx	lr
10006a9c:	1000aed4 	.word	0x1000aed4

10006aa0 <tud_descriptor_configuration_cb>:
10006aa0:	4800      	ldr	r0, [pc, #0]	; (10006aa4 <tud_descriptor_configuration_cb+0x4>)
10006aa2:	4770      	bx	lr
10006aa4:	1000ae80 	.word	0x1000ae80

10006aa8 <tud_descriptor_string_cb>:
10006aa8:	b510      	push	{r4, lr}
10006aaa:	0004      	movs	r4, r0
10006aac:	4b15      	ldr	r3, [pc, #84]	; (10006b04 <tud_descriptor_string_cb+0x5c>)
10006aae:	781b      	ldrb	r3, [r3, #0]
10006ab0:	2b00      	cmp	r3, #0
10006ab2:	d00e      	beq.n	10006ad2 <tud_descriptor_string_cb+0x2a>
10006ab4:	2c00      	cmp	r4, #0
10006ab6:	d111      	bne.n	10006adc <tud_descriptor_string_cb+0x34>
10006ab8:	4b13      	ldr	r3, [pc, #76]	; (10006b08 <tud_descriptor_string_cb+0x60>)
10006aba:	4a14      	ldr	r2, [pc, #80]	; (10006b0c <tud_descriptor_string_cb+0x64>)
10006abc:	805a      	strh	r2, [r3, #2]
10006abe:	2301      	movs	r3, #1
10006ac0:	3301      	adds	r3, #1
10006ac2:	005b      	lsls	r3, r3, #1
10006ac4:	b21b      	sxth	r3, r3
10006ac6:	22c0      	movs	r2, #192	; 0xc0
10006ac8:	0092      	lsls	r2, r2, #2
10006aca:	4313      	orrs	r3, r2
10006acc:	480e      	ldr	r0, [pc, #56]	; (10006b08 <tud_descriptor_string_cb+0x60>)
10006ace:	8003      	strh	r3, [r0, #0]
10006ad0:	bd10      	pop	{r4, pc}
10006ad2:	2111      	movs	r1, #17
10006ad4:	480b      	ldr	r0, [pc, #44]	; (10006b04 <tud_descriptor_string_cb+0x5c>)
10006ad6:	f000 f825 	bl	10006b24 <pico_get_unique_board_id_string>
10006ada:	e7eb      	b.n	10006ab4 <tud_descriptor_string_cb+0xc>
10006adc:	2c05      	cmp	r4, #5
10006ade:	d80e      	bhi.n	10006afe <tud_descriptor_string_cb+0x56>
10006ae0:	00a4      	lsls	r4, r4, #2
10006ae2:	4b0b      	ldr	r3, [pc, #44]	; (10006b10 <tud_descriptor_string_cb+0x68>)
10006ae4:	58e4      	ldr	r4, [r4, r3]
10006ae6:	2300      	movs	r3, #0
10006ae8:	2b12      	cmp	r3, #18
10006aea:	d8e9      	bhi.n	10006ac0 <tud_descriptor_string_cb+0x18>
10006aec:	5ce2      	ldrb	r2, [r4, r3]
10006aee:	2a00      	cmp	r2, #0
10006af0:	d0e6      	beq.n	10006ac0 <tud_descriptor_string_cb+0x18>
10006af2:	3301      	adds	r3, #1
10006af4:	0059      	lsls	r1, r3, #1
10006af6:	4804      	ldr	r0, [pc, #16]	; (10006b08 <tud_descriptor_string_cb+0x60>)
10006af8:	5242      	strh	r2, [r0, r1]
10006afa:	b2db      	uxtb	r3, r3
10006afc:	e7f4      	b.n	10006ae8 <tud_descriptor_string_cb+0x40>
10006afe:	2000      	movs	r0, #0
10006b00:	e7e6      	b.n	10006ad0 <tud_descriptor_string_cb+0x28>
10006b02:	46c0      	nop			; (mov r8, r8)
10006b04:	20001d1c 	.word	0x20001d1c
10006b08:	2000163c 	.word	0x2000163c
10006b0c:	00000409 	.word	0x00000409
10006b10:	1000aee8 	.word	0x1000aee8

10006b14 <_retrieve_unique_id_on_boot>:
10006b14:	b510      	push	{r4, lr}
10006b16:	4802      	ldr	r0, [pc, #8]	; (10006b20 <_retrieve_unique_id_on_boot+0xc>)
10006b18:	f000 f834 	bl	10006b84 <flash_get_unique_id>
10006b1c:	bd10      	pop	{r4, pc}
10006b1e:	46c0      	nop			; (mov r8, r8)
10006b20:	20001ad0 	.word	0x20001ad0

10006b24 <pico_get_unique_board_id_string>:
10006b24:	b510      	push	{r4, lr}
10006b26:	2900      	cmp	r1, #0
10006b28:	d001      	beq.n	10006b2e <pico_get_unique_board_id_string+0xa>
10006b2a:	2300      	movs	r3, #0
10006b2c:	e00a      	b.n	10006b44 <pico_get_unique_board_id_string+0x20>
10006b2e:	4b11      	ldr	r3, [pc, #68]	; (10006b74 <pico_get_unique_board_id_string+0x50>)
10006b30:	4a11      	ldr	r2, [pc, #68]	; (10006b78 <pico_get_unique_board_id_string+0x54>)
10006b32:	311f      	adds	r1, #31
10006b34:	4811      	ldr	r0, [pc, #68]	; (10006b7c <pico_get_unique_board_id_string+0x58>)
10006b36:	f7fd fdb5 	bl	100046a4 <__assert_func>
10006b3a:	2400      	movs	r4, #0
10006b3c:	e00d      	b.n	10006b5a <pico_get_unique_board_id_string+0x36>
10006b3e:	3237      	adds	r2, #55	; 0x37
10006b40:	54c2      	strb	r2, [r0, r3]
10006b42:	3301      	adds	r3, #1
10006b44:	1e4a      	subs	r2, r1, #1
10006b46:	429a      	cmp	r2, r3
10006b48:	d90f      	bls.n	10006b6a <pico_get_unique_board_id_string+0x46>
10006b4a:	2b0f      	cmp	r3, #15
10006b4c:	d80d      	bhi.n	10006b6a <pico_get_unique_board_id_string+0x46>
10006b4e:	085a      	lsrs	r2, r3, #1
10006b50:	4c0b      	ldr	r4, [pc, #44]	; (10006b80 <pico_get_unique_board_id_string+0x5c>)
10006b52:	5ca2      	ldrb	r2, [r4, r2]
10006b54:	07dc      	lsls	r4, r3, #31
10006b56:	d4f0      	bmi.n	10006b3a <pico_get_unique_board_id_string+0x16>
10006b58:	2404      	movs	r4, #4
10006b5a:	4122      	asrs	r2, r4
10006b5c:	0014      	movs	r4, r2
10006b5e:	220f      	movs	r2, #15
10006b60:	4022      	ands	r2, r4
10006b62:	2a09      	cmp	r2, #9
10006b64:	dceb      	bgt.n	10006b3e <pico_get_unique_board_id_string+0x1a>
10006b66:	3230      	adds	r2, #48	; 0x30
10006b68:	e7ea      	b.n	10006b40 <pico_get_unique_board_id_string+0x1c>
10006b6a:	18c0      	adds	r0, r0, r3
10006b6c:	2300      	movs	r3, #0
10006b6e:	7003      	strb	r3, [r0, #0]
10006b70:	bd10      	pop	{r4, pc}
10006b72:	46c0      	nop			; (mov r8, r8)
10006b74:	1000af00 	.word	0x1000af00
10006b78:	1000af6c 	.word	0x1000af6c
10006b7c:	1000af08 	.word	0x1000af08
10006b80:	20001ad0 	.word	0x20001ad0

10006b84 <flash_get_unique_id>:
10006b84:	b570      	push	{r4, r5, r6, lr}
10006b86:	b088      	sub	sp, #32
10006b88:	0004      	movs	r4, r0
10006b8a:	ad04      	add	r5, sp, #16
10006b8c:	2600      	movs	r6, #0
10006b8e:	9604      	str	r6, [sp, #16]
10006b90:	2209      	movs	r2, #9
10006b92:	2100      	movs	r1, #0
10006b94:	a805      	add	r0, sp, #20
10006b96:	f7ff fb4d 	bl	10006234 <__wrap_memset>
10006b9a:	9600      	str	r6, [sp, #0]
10006b9c:	2209      	movs	r2, #9
10006b9e:	2100      	movs	r1, #0
10006ba0:	a801      	add	r0, sp, #4
10006ba2:	f7ff fb47 	bl	10006234 <__wrap_memset>
10006ba6:	234b      	movs	r3, #75	; 0x4b
10006ba8:	702b      	strb	r3, [r5, #0]
10006baa:	220d      	movs	r2, #13
10006bac:	4669      	mov	r1, sp
10006bae:	0028      	movs	r0, r5
10006bb0:	f002 fa06 	bl	10008fc0 <__flash_do_cmd_veneer>
10006bb4:	2300      	movs	r3, #0
10006bb6:	e004      	b.n	10006bc2 <flash_get_unique_id+0x3e>
10006bb8:	1d5a      	adds	r2, r3, #5
10006bba:	4669      	mov	r1, sp
10006bbc:	5c8a      	ldrb	r2, [r1, r2]
10006bbe:	54e2      	strb	r2, [r4, r3]
10006bc0:	3301      	adds	r3, #1
10006bc2:	2b07      	cmp	r3, #7
10006bc4:	ddf8      	ble.n	10006bb8 <flash_get_unique_id+0x34>
10006bc6:	b008      	add	sp, #32
10006bc8:	bd70      	pop	{r4, r5, r6, pc}
	...

10006bcc <hw_endpoint_get_by_addr>:
10006bcc:	0002      	movs	r2, r0
10006bce:	207f      	movs	r0, #127	; 0x7f
10006bd0:	4010      	ands	r0, r2
10006bd2:	09d2      	lsrs	r2, r2, #7
10006bd4:	0040      	lsls	r0, r0, #1
10006bd6:	1880      	adds	r0, r0, r2
10006bd8:	0140      	lsls	r0, r0, #5
10006bda:	4b01      	ldr	r3, [pc, #4]	; (10006be0 <hw_endpoint_get_by_addr+0x14>)
10006bdc:	18c0      	adds	r0, r0, r3
10006bde:	4770      	bx	lr
10006be0:	20001670 	.word	0x20001670

10006be4 <_hw_endpoint_alloc>:
10006be4:	b510      	push	{r4, lr}
10006be6:	8b03      	ldrh	r3, [r0, #24]
10006be8:	333f      	adds	r3, #63	; 0x3f
10006bea:	223f      	movs	r2, #63	; 0x3f
10006bec:	4393      	bics	r3, r2
10006bee:	2902      	cmp	r1, #2
10006bf0:	d015      	beq.n	10006c1e <_hw_endpoint_alloc+0x3a>
10006bf2:	4c12      	ldr	r4, [pc, #72]	; (10006c3c <_hw_endpoint_alloc+0x58>)
10006bf4:	6822      	ldr	r2, [r4, #0]
10006bf6:	60c2      	str	r2, [r0, #12]
10006bf8:	18d3      	adds	r3, r2, r3
10006bfa:	6023      	str	r3, [r4, #0]
10006bfc:	069c      	lsls	r4, r3, #26
10006bfe:	d110      	bne.n	10006c22 <_hw_endpoint_alloc+0x3e>
10006c00:	4c0f      	ldr	r4, [pc, #60]	; (10006c40 <_hw_endpoint_alloc+0x5c>)
10006c02:	4062      	eors	r2, r4
10006c04:	4063      	eors	r3, r4
10006c06:	2480      	movs	r4, #128	; 0x80
10006c08:	0164      	lsls	r4, r4, #5
10006c0a:	42a3      	cmp	r3, r4
10006c0c:	d80f      	bhi.n	10006c2e <_hw_endpoint_alloc+0x4a>
10006c0e:	0689      	lsls	r1, r1, #26
10006c10:	4311      	orrs	r1, r2
10006c12:	2380      	movs	r3, #128	; 0x80
10006c14:	061b      	lsls	r3, r3, #24
10006c16:	4319      	orrs	r1, r3
10006c18:	6843      	ldr	r3, [r0, #4]
10006c1a:	6019      	str	r1, [r3, #0]
10006c1c:	bd10      	pop	{r4, pc}
10006c1e:	005b      	lsls	r3, r3, #1
10006c20:	e7e7      	b.n	10006bf2 <_hw_endpoint_alloc+0xe>
10006c22:	4b08      	ldr	r3, [pc, #32]	; (10006c44 <_hw_endpoint_alloc+0x60>)
10006c24:	4a08      	ldr	r2, [pc, #32]	; (10006c48 <_hw_endpoint_alloc+0x64>)
10006c26:	2154      	movs	r1, #84	; 0x54
10006c28:	4808      	ldr	r0, [pc, #32]	; (10006c4c <_hw_endpoint_alloc+0x68>)
10006c2a:	f7fd fd3b 	bl	100046a4 <__assert_func>
10006c2e:	4b08      	ldr	r3, [pc, #32]	; (10006c50 <_hw_endpoint_alloc+0x6c>)
10006c30:	4a05      	ldr	r2, [pc, #20]	; (10006c48 <_hw_endpoint_alloc+0x64>)
10006c32:	2156      	movs	r1, #86	; 0x56
10006c34:	4805      	ldr	r0, [pc, #20]	; (10006c4c <_hw_endpoint_alloc+0x68>)
10006c36:	f7fd fd35 	bl	100046a4 <__assert_func>
10006c3a:	46c0      	nop			; (mov r8, r8)
10006c3c:	20001aa8 	.word	0x20001aa8
10006c40:	50100000 	.word	0x50100000
10006c44:	1000b13c 	.word	0x1000b13c
10006c48:	1000b270 	.word	0x1000b270
10006c4c:	1000b16c 	.word	0x1000b16c
10006c50:	1000b1dc 	.word	0x1000b1dc

10006c54 <hw_endpoint_init>:
10006c54:	b5f8      	push	{r3, r4, r5, r6, r7, lr}
10006c56:	0005      	movs	r5, r0
10006c58:	000e      	movs	r6, r1
10006c5a:	0014      	movs	r4, r2
10006c5c:	f7ff ffb6 	bl	10006bcc <hw_endpoint_get_by_addr>
10006c60:	237f      	movs	r3, #127	; 0x7f
10006c62:	402b      	ands	r3, r5
10006c64:	09ef      	lsrs	r7, r5, #7
10006c66:	7085      	strb	r5, [r0, #2]
10006c68:	427a      	negs	r2, r7
10006c6a:	417a      	adcs	r2, r7
10006c6c:	7042      	strb	r2, [r0, #1]
10006c6e:	2200      	movs	r2, #0
10006c70:	70c2      	strb	r2, [r0, #3]
10006c72:	8306      	strh	r6, [r0, #24]
10006c74:	76c4      	strb	r4, [r0, #27]
10006c76:	2f01      	cmp	r7, #1
10006c78:	d00d      	beq.n	10006c96 <hw_endpoint_init+0x42>
10006c7a:	00da      	lsls	r2, r3, #3
10006c7c:	4912      	ldr	r1, [pc, #72]	; (10006cc8 <hw_endpoint_init+0x74>)
10006c7e:	468c      	mov	ip, r1
10006c80:	4462      	add	r2, ip
10006c82:	6082      	str	r2, [r0, #8]
10006c84:	6882      	ldr	r2, [r0, #8]
10006c86:	2100      	movs	r1, #0
10006c88:	6011      	str	r1, [r2, #0]
10006c8a:	2b00      	cmp	r3, #0
10006c8c:	d109      	bne.n	10006ca2 <hw_endpoint_init+0x4e>
10006c8e:	6043      	str	r3, [r0, #4]
10006c90:	4b0e      	ldr	r3, [pc, #56]	; (10006ccc <hw_endpoint_init+0x78>)
10006c92:	60c3      	str	r3, [r0, #12]
10006c94:	bdf8      	pop	{r3, r4, r5, r6, r7, pc}
10006c96:	00da      	lsls	r2, r3, #3
10006c98:	490d      	ldr	r1, [pc, #52]	; (10006cd0 <hw_endpoint_init+0x7c>)
10006c9a:	468c      	mov	ip, r1
10006c9c:	4462      	add	r2, ip
10006c9e:	6082      	str	r2, [r0, #8]
10006ca0:	e7f0      	b.n	10006c84 <hw_endpoint_init+0x30>
10006ca2:	2f01      	cmp	r7, #1
10006ca4:	d009      	beq.n	10006cba <hw_endpoint_init+0x66>
10006ca6:	3b01      	subs	r3, #1
10006ca8:	00db      	lsls	r3, r3, #3
10006caa:	4a0a      	ldr	r2, [pc, #40]	; (10006cd4 <hw_endpoint_init+0x80>)
10006cac:	4694      	mov	ip, r2
10006cae:	4463      	add	r3, ip
10006cb0:	6043      	str	r3, [r0, #4]
10006cb2:	0021      	movs	r1, r4
10006cb4:	f7ff ff96 	bl	10006be4 <_hw_endpoint_alloc>
10006cb8:	e7ec      	b.n	10006c94 <hw_endpoint_init+0x40>
10006cba:	3b01      	subs	r3, #1
10006cbc:	00db      	lsls	r3, r3, #3
10006cbe:	4a06      	ldr	r2, [pc, #24]	; (10006cd8 <hw_endpoint_init+0x84>)
10006cc0:	4694      	mov	ip, r2
10006cc2:	4463      	add	r3, ip
10006cc4:	6043      	str	r3, [r0, #4]
10006cc6:	e7f4      	b.n	10006cb2 <hw_endpoint_init+0x5e>
10006cc8:	50100084 	.word	0x50100084
10006ccc:	50100100 	.word	0x50100100
10006cd0:	50100080 	.word	0x50100080
10006cd4:	5010000c 	.word	0x5010000c
10006cd8:	50100008 	.word	0x50100008

10006cdc <hw_endpoint_xfer>:
10006cdc:	b570      	push	{r4, r5, r6, lr}
10006cde:	000c      	movs	r4, r1
10006ce0:	0015      	movs	r5, r2
10006ce2:	f7ff ff73 	bl	10006bcc <hw_endpoint_get_by_addr>
10006ce6:	002a      	movs	r2, r5
10006ce8:	0021      	movs	r1, r4
10006cea:	f000 f90d 	bl	10006f08 <hw_endpoint_xfer_start>
10006cee:	bd70      	pop	{r4, r5, r6, pc}

10006cf0 <dcd_int_enable>:
10006cf0:	b510      	push	{r4, lr}
10006cf2:	2800      	cmp	r0, #0
10006cf4:	d104      	bne.n	10006d00 <dcd_int_enable+0x10>
10006cf6:	2101      	movs	r1, #1
10006cf8:	2005      	movs	r0, #5
10006cfa:	f7fb fe51 	bl	100029a0 <irq_set_enabled>
10006cfe:	bd10      	pop	{r4, pc}
10006d00:	21d5      	movs	r1, #213	; 0xd5
10006d02:	4b03      	ldr	r3, [pc, #12]	; (10006d10 <dcd_int_enable+0x20>)
10006d04:	4a03      	ldr	r2, [pc, #12]	; (10006d14 <dcd_int_enable+0x24>)
10006d06:	0049      	lsls	r1, r1, #1
10006d08:	4803      	ldr	r0, [pc, #12]	; (10006d18 <dcd_int_enable+0x28>)
10006d0a:	f7fd fccb 	bl	100046a4 <__assert_func>
10006d0e:	46c0      	nop			; (mov r8, r8)
10006d10:	1000b224 	.word	0x1000b224
10006d14:	1000b260 	.word	0x1000b260
10006d18:	1000b16c 	.word	0x1000b16c

10006d1c <dcd_set_address>:
10006d1c:	b510      	push	{r4, lr}
10006d1e:	2800      	cmp	r0, #0
10006d20:	d105      	bne.n	10006d2e <dcd_set_address+0x12>
10006d22:	2200      	movs	r2, #0
10006d24:	2100      	movs	r1, #0
10006d26:	2080      	movs	r0, #128	; 0x80
10006d28:	f7ff ffd8 	bl	10006cdc <hw_endpoint_xfer>
10006d2c:	bd10      	pop	{r4, pc}
10006d2e:	21db      	movs	r1, #219	; 0xdb
10006d30:	4b02      	ldr	r3, [pc, #8]	; (10006d3c <dcd_set_address+0x20>)
10006d32:	4a03      	ldr	r2, [pc, #12]	; (10006d40 <dcd_set_address+0x24>)
10006d34:	0049      	lsls	r1, r1, #1
10006d36:	4803      	ldr	r0, [pc, #12]	; (10006d44 <dcd_set_address+0x28>)
10006d38:	f7fd fcb4 	bl	100046a4 <__assert_func>
10006d3c:	1000b224 	.word	0x1000b224
10006d40:	1000b250 	.word	0x1000b250
10006d44:	1000b16c 	.word	0x1000b16c

10006d48 <dcd_connect>:
10006d48:	4b02      	ldr	r3, [pc, #8]	; (10006d54 <dcd_connect+0xc>)
10006d4a:	2280      	movs	r2, #128	; 0x80
10006d4c:	0252      	lsls	r2, r2, #9
10006d4e:	64da      	str	r2, [r3, #76]	; 0x4c
10006d50:	4770      	bx	lr
10006d52:	46c0      	nop			; (mov r8, r8)
10006d54:	50112000 	.word	0x50112000

10006d58 <dcd_init>:
10006d58:	b570      	push	{r4, r5, r6, lr}
10006d5a:	1e04      	subs	r4, r0, #0
10006d5c:	d126      	bne.n	10006dac <dcd_init+0x54>
10006d5e:	f000 f8ad 	bl	10006ebc <rp2040_usb_init>
10006d62:	4d16      	ldr	r5, [pc, #88]	; (10006dbc <dcd_init+0x64>)
10006d64:	230c      	movs	r3, #12
10006d66:	67ab      	str	r3, [r5, #120]	; 0x78
10006d68:	22ff      	movs	r2, #255	; 0xff
10006d6a:	4915      	ldr	r1, [pc, #84]	; (10006dc0 <dcd_init+0x68>)
10006d6c:	2005      	movs	r0, #5
10006d6e:	f7fb fe6b 	bl	10002a48 <irq_add_shared_handler>
10006d72:	2240      	movs	r2, #64	; 0x40
10006d74:	2100      	movs	r1, #0
10006d76:	4813      	ldr	r0, [pc, #76]	; (10006dc4 <dcd_init+0x6c>)
10006d78:	f7ff fa5c 	bl	10006234 <__wrap_memset>
10006d7c:	2200      	movs	r2, #0
10006d7e:	2140      	movs	r1, #64	; 0x40
10006d80:	2000      	movs	r0, #0
10006d82:	f7ff ff67 	bl	10006c54 <hw_endpoint_init>
10006d86:	2200      	movs	r2, #0
10006d88:	2140      	movs	r1, #64	; 0x40
10006d8a:	2080      	movs	r0, #128	; 0x80
10006d8c:	f7ff ff62 	bl	10006c54 <hw_endpoint_init>
10006d90:	f002 f996 	bl	100090c0 <__reset_non_control_endpoints_veneer>
10006d94:	2301      	movs	r3, #1
10006d96:	642b      	str	r3, [r5, #64]	; 0x40
10006d98:	2380      	movs	r3, #128	; 0x80
10006d9a:	059b      	lsls	r3, r3, #22
10006d9c:	64eb      	str	r3, [r5, #76]	; 0x4c
10006d9e:	2390      	movs	r3, #144	; 0x90
10006da0:	4a09      	ldr	r2, [pc, #36]	; (10006dc8 <dcd_init+0x70>)
10006da2:	50ea      	str	r2, [r5, r3]
10006da4:	0020      	movs	r0, r4
10006da6:	f7ff ffcf 	bl	10006d48 <dcd_connect>
10006daa:	bd70      	pop	{r4, r5, r6, pc}
10006dac:	2186      	movs	r1, #134	; 0x86
10006dae:	4b07      	ldr	r3, [pc, #28]	; (10006dcc <dcd_init+0x74>)
10006db0:	4a07      	ldr	r2, [pc, #28]	; (10006dd0 <dcd_init+0x78>)
10006db2:	31ff      	adds	r1, #255	; 0xff
10006db4:	4807      	ldr	r0, [pc, #28]	; (10006dd4 <dcd_init+0x7c>)
10006db6:	f7fd fc75 	bl	100046a4 <__assert_func>
10006dba:	46c0      	nop			; (mov r8, r8)
10006dbc:	50110000 	.word	0x50110000
10006dc0:	20000611 	.word	0x20000611
10006dc4:	20001670 	.word	0x20001670
10006dc8:	0001d010 	.word	0x0001d010
10006dcc:	1000b224 	.word	0x1000b224
10006dd0:	1000b284 	.word	0x1000b284
10006dd4:	1000b16c 	.word	0x1000b16c

10006dd8 <dcd_edpt0_status_complete>:
10006dd8:	780b      	ldrb	r3, [r1, #0]
10006dda:	065b      	lsls	r3, r3, #25
10006ddc:	d102      	bne.n	10006de4 <dcd_edpt0_status_complete+0xc>
10006dde:	784b      	ldrb	r3, [r1, #1]
10006de0:	2b05      	cmp	r3, #5
10006de2:	d000      	beq.n	10006de6 <dcd_edpt0_status_complete+0xe>
10006de4:	4770      	bx	lr
10006de6:	788a      	ldrb	r2, [r1, #2]
10006de8:	4b01      	ldr	r3, [pc, #4]	; (10006df0 <dcd_edpt0_status_complete+0x18>)
10006dea:	601a      	str	r2, [r3, #0]
10006dec:	e7fa      	b.n	10006de4 <dcd_edpt0_status_complete+0xc>
10006dee:	46c0      	nop			; (mov r8, r8)
10006df0:	50110000 	.word	0x50110000

10006df4 <dcd_edpt_open>:
10006df4:	b510      	push	{r4, lr}
10006df6:	000c      	movs	r4, r1
10006df8:	2800      	cmp	r0, #0
10006dfa:	d10d      	bne.n	10006e18 <dcd_edpt_open+0x24>
10006dfc:	7909      	ldrb	r1, [r1, #4]
10006dfe:	7963      	ldrb	r3, [r4, #5]
10006e00:	021b      	lsls	r3, r3, #8
10006e02:	430b      	orrs	r3, r1
10006e04:	055b      	lsls	r3, r3, #21
10006e06:	0d59      	lsrs	r1, r3, #21
10006e08:	78e2      	ldrb	r2, [r4, #3]
10006e0a:	0792      	lsls	r2, r2, #30
10006e0c:	0f92      	lsrs	r2, r2, #30
10006e0e:	78a0      	ldrb	r0, [r4, #2]
10006e10:	f7ff ff20 	bl	10006c54 <hw_endpoint_init>
10006e14:	2001      	movs	r0, #1
10006e16:	bd10      	pop	{r4, pc}
10006e18:	21fc      	movs	r1, #252	; 0xfc
10006e1a:	4b03      	ldr	r3, [pc, #12]	; (10006e28 <dcd_edpt_open+0x34>)
10006e1c:	4a03      	ldr	r2, [pc, #12]	; (10006e2c <dcd_edpt_open+0x38>)
10006e1e:	31ff      	adds	r1, #255	; 0xff
10006e20:	4803      	ldr	r0, [pc, #12]	; (10006e30 <dcd_edpt_open+0x3c>)
10006e22:	f7fd fc3f 	bl	100046a4 <__assert_func>
10006e26:	46c0      	nop			; (mov r8, r8)
10006e28:	1000b224 	.word	0x1000b224
10006e2c:	1000b240 	.word	0x1000b240
10006e30:	1000b16c 	.word	0x1000b16c

10006e34 <dcd_edpt_close_all>:
10006e34:	b510      	push	{r4, lr}
10006e36:	f002 f943 	bl	100090c0 <__reset_non_control_endpoints_veneer>
10006e3a:	bd10      	pop	{r4, pc}

10006e3c <dcd_edpt_xfer>:
10006e3c:	b510      	push	{r4, lr}
10006e3e:	0004      	movs	r4, r0
10006e40:	0008      	movs	r0, r1
10006e42:	0011      	movs	r1, r2
10006e44:	001a      	movs	r2, r3
10006e46:	2c00      	cmp	r4, #0
10006e48:	d103      	bne.n	10006e52 <dcd_edpt_xfer+0x16>
10006e4a:	f7ff ff47 	bl	10006cdc <hw_endpoint_xfer>
10006e4e:	2001      	movs	r0, #1
10006e50:	bd10      	pop	{r4, pc}
10006e52:	4b03      	ldr	r3, [pc, #12]	; (10006e60 <dcd_edpt_xfer+0x24>)
10006e54:	4a03      	ldr	r2, [pc, #12]	; (10006e64 <dcd_edpt_xfer+0x28>)
10006e56:	4904      	ldr	r1, [pc, #16]	; (10006e68 <dcd_edpt_xfer+0x2c>)
10006e58:	4804      	ldr	r0, [pc, #16]	; (10006e6c <dcd_edpt_xfer+0x30>)
10006e5a:	f7fd fc23 	bl	100046a4 <__assert_func>
10006e5e:	46c0      	nop			; (mov r8, r8)
10006e60:	1000b224 	.word	0x1000b224
10006e64:	1000b230 	.word	0x1000b230
10006e68:	0000020a 	.word	0x0000020a
10006e6c:	1000b16c 	.word	0x1000b16c

10006e70 <dcd_edpt_stall>:
10006e70:	b510      	push	{r4, lr}
10006e72:	0008      	movs	r0, r1
10006e74:	064b      	lsls	r3, r1, #25
10006e76:	d105      	bne.n	10006e84 <dcd_edpt_stall+0x14>
10006e78:	09cb      	lsrs	r3, r1, #7
10006e7a:	2b01      	cmp	r3, #1
10006e7c:	d00a      	beq.n	10006e94 <dcd_edpt_stall+0x24>
10006e7e:	2202      	movs	r2, #2
10006e80:	4b05      	ldr	r3, [pc, #20]	; (10006e98 <dcd_edpt_stall+0x28>)
10006e82:	669a      	str	r2, [r3, #104]	; 0x68
10006e84:	f7ff fea2 	bl	10006bcc <hw_endpoint_get_by_addr>
10006e88:	2280      	movs	r2, #128	; 0x80
10006e8a:	0112      	lsls	r2, r2, #4
10006e8c:	2100      	movs	r1, #0
10006e8e:	f002 f90f 	bl	100090b0 <___hw_endpoint_buffer_control_update32_veneer>
10006e92:	bd10      	pop	{r4, pc}
10006e94:	2201      	movs	r2, #1
10006e96:	e7f3      	b.n	10006e80 <dcd_edpt_stall+0x10>
10006e98:	50112000 	.word	0x50112000

10006e9c <dcd_edpt_clear_stall>:
10006e9c:	b510      	push	{r4, lr}
10006e9e:	0008      	movs	r0, r1
10006ea0:	064b      	lsls	r3, r1, #25
10006ea2:	d100      	bne.n	10006ea6 <dcd_edpt_clear_stall+0xa>
10006ea4:	bd10      	pop	{r4, pc}
10006ea6:	f7ff fe91 	bl	10006bcc <hw_endpoint_get_by_addr>
10006eaa:	2300      	movs	r3, #0
10006eac:	70c3      	strb	r3, [r0, #3]
10006eae:	2200      	movs	r2, #0
10006eb0:	4901      	ldr	r1, [pc, #4]	; (10006eb8 <dcd_edpt_clear_stall+0x1c>)
10006eb2:	f002 f8fd 	bl	100090b0 <___hw_endpoint_buffer_control_update32_veneer>
10006eb6:	e7f5      	b.n	10006ea4 <dcd_edpt_clear_stall+0x8>
10006eb8:	fffff7ff 	.word	0xfffff7ff

10006ebc <rp2040_usb_init>:
10006ebc:	b510      	push	{r4, lr}
10006ebe:	2380      	movs	r3, #128	; 0x80
10006ec0:	045b      	lsls	r3, r3, #17
10006ec2:	4a0c      	ldr	r2, [pc, #48]	; (10006ef4 <rp2040_usb_init+0x38>)
10006ec4:	6013      	str	r3, [r2, #0]
10006ec6:	4a0c      	ldr	r2, [pc, #48]	; (10006ef8 <rp2040_usb_init+0x3c>)
10006ec8:	6013      	str	r3, [r2, #0]
10006eca:	4b0c      	ldr	r3, [pc, #48]	; (10006efc <rp2040_usb_init+0x40>)
10006ecc:	689a      	ldr	r2, [r3, #8]
10006ece:	2380      	movs	r3, #128	; 0x80
10006ed0:	045b      	lsls	r3, r3, #17
10006ed2:	4393      	bics	r3, r2
10006ed4:	d1f9      	bne.n	10006eca <rp2040_usb_init+0xe>
10006ed6:	4c0a      	ldr	r4, [pc, #40]	; (10006f00 <rp2040_usb_init+0x44>)
10006ed8:	229c      	movs	r2, #156	; 0x9c
10006eda:	2100      	movs	r1, #0
10006edc:	0020      	movs	r0, r4
10006ede:	f7ff f9a9 	bl	10006234 <__wrap_memset>
10006ee2:	2280      	movs	r2, #128	; 0x80
10006ee4:	0152      	lsls	r2, r2, #5
10006ee6:	2100      	movs	r1, #0
10006ee8:	4806      	ldr	r0, [pc, #24]	; (10006f04 <rp2040_usb_init+0x48>)
10006eea:	f7ff f9a3 	bl	10006234 <__wrap_memset>
10006eee:	2309      	movs	r3, #9
10006ef0:	6763      	str	r3, [r4, #116]	; 0x74
10006ef2:	bd10      	pop	{r4, pc}
10006ef4:	4000e000 	.word	0x4000e000
10006ef8:	4000f000 	.word	0x4000f000
10006efc:	4000c000 	.word	0x4000c000
10006f00:	50110000 	.word	0x50110000
10006f04:	50100000 	.word	0x50100000

10006f08 <hw_endpoint_xfer_start>:
10006f08:	b570      	push	{r4, r5, r6, lr}
10006f0a:	0004      	movs	r4, r0
10006f0c:	000d      	movs	r5, r1
10006f0e:	0016      	movs	r6, r2
10006f10:	7e83      	ldrb	r3, [r0, #26]
10006f12:	2b00      	cmp	r3, #0
10006f14:	d117      	bne.n	10006f46 <hw_endpoint_xfer_start+0x3e>
10006f16:	82a6      	strh	r6, [r4, #20]
10006f18:	2300      	movs	r3, #0
10006f1a:	82e3      	strh	r3, [r4, #22]
10006f1c:	3301      	adds	r3, #1
10006f1e:	76a3      	strb	r3, [r4, #26]
10006f20:	6125      	str	r5, [r4, #16]
10006f22:	0020      	movs	r0, r4
10006f24:	f002 f884 	bl	10009030 <__e15_is_bulkin_ep_veneer>
10006f28:	2800      	cmp	r0, #0
10006f2a:	d004      	beq.n	10006f36 <hw_endpoint_xfer_start+0x2e>
10006f2c:	4a09      	ldr	r2, [pc, #36]	; (10006f54 <hw_endpoint_xfer_start+0x4c>)
10006f2e:	2390      	movs	r3, #144	; 0x90
10006f30:	2180      	movs	r1, #128	; 0x80
10006f32:	0289      	lsls	r1, r1, #10
10006f34:	50d1      	str	r1, [r2, r3]
10006f36:	0020      	movs	r0, r4
10006f38:	f002 f83a 	bl	10008fb0 <__e15_is_critical_frame_period_veneer>
10006f3c:	2800      	cmp	r0, #0
10006f3e:	d005      	beq.n	10006f4c <hw_endpoint_xfer_start+0x44>
10006f40:	2301      	movs	r3, #1
10006f42:	7723      	strb	r3, [r4, #28]
10006f44:	bd70      	pop	{r4, r5, r6, pc}
10006f46:	f002 f8ab 	bl	100090a0 <__hw_endpoint_reset_transfer_veneer>
10006f4a:	e7e4      	b.n	10006f16 <hw_endpoint_xfer_start+0xe>
10006f4c:	0020      	movs	r0, r4
10006f4e:	f002 f89f 	bl	10009090 <__hw_endpoint_start_next_buffer_veneer>
10006f52:	e7f7      	b.n	10006f44 <hw_endpoint_xfer_start+0x3c>
10006f54:	50112000 	.word	0x50112000

10006f58 <configuration_reset>:
10006f58:	b570      	push	{r4, r5, r6, lr}
10006f5a:	0005      	movs	r5, r0
10006f5c:	2400      	movs	r4, #0
10006f5e:	e00c      	b.n	10006f7a <configuration_reset+0x22>
10006f60:	0063      	lsls	r3, r4, #1
10006f62:	191b      	adds	r3, r3, r4
10006f64:	00da      	lsls	r2, r3, #3
10006f66:	4b18      	ldr	r3, [pc, #96]	; (10006fc8 <configuration_reset+0x70>)
10006f68:	681b      	ldr	r3, [r3, #0]
10006f6a:	189b      	adds	r3, r3, r2
10006f6c:	2b00      	cmp	r3, #0
10006f6e:	d02a      	beq.n	10006fc6 <configuration_reset+0x6e>
10006f70:	685b      	ldr	r3, [r3, #4]
10006f72:	0028      	movs	r0, r5
10006f74:	4798      	blx	r3
10006f76:	3401      	adds	r4, #1
10006f78:	b2e4      	uxtb	r4, r4
10006f7a:	4b14      	ldr	r3, [pc, #80]	; (10006fcc <configuration_reset+0x74>)
10006f7c:	781b      	ldrb	r3, [r3, #0]
10006f7e:	42a3      	cmp	r3, r4
10006f80:	d310      	bcc.n	10006fa4 <configuration_reset+0x4c>
10006f82:	4a13      	ldr	r2, [pc, #76]	; (10006fd0 <configuration_reset+0x78>)
10006f84:	2a00      	cmp	r2, #0
10006f86:	d00b      	beq.n	10006fa0 <configuration_reset+0x48>
10006f88:	42a3      	cmp	r3, r4
10006f8a:	d8e9      	bhi.n	10006f60 <configuration_reset+0x8>
10006f8c:	1ae3      	subs	r3, r4, r3
10006f8e:	b2db      	uxtb	r3, r3
10006f90:	2b00      	cmp	r3, #0
10006f92:	d118      	bne.n	10006fc6 <configuration_reset+0x6e>
10006f94:	005a      	lsls	r2, r3, #1
10006f96:	18d2      	adds	r2, r2, r3
10006f98:	00d2      	lsls	r2, r2, #3
10006f9a:	4b0e      	ldr	r3, [pc, #56]	; (10006fd4 <configuration_reset+0x7c>)
10006f9c:	189b      	adds	r3, r3, r2
10006f9e:	e7e5      	b.n	10006f6c <configuration_reset+0x14>
10006fa0:	0023      	movs	r3, r4
10006fa2:	e7f5      	b.n	10006f90 <configuration_reset+0x38>
10006fa4:	4c0c      	ldr	r4, [pc, #48]	; (10006fd8 <configuration_reset+0x80>)
10006fa6:	2253      	movs	r2, #83	; 0x53
10006fa8:	2100      	movs	r1, #0
10006faa:	0020      	movs	r0, r4
10006fac:	f7ff f942 	bl	10006234 <__wrap_memset>
10006fb0:	1ce0      	adds	r0, r4, #3
10006fb2:	2210      	movs	r2, #16
10006fb4:	21ff      	movs	r1, #255	; 0xff
10006fb6:	f7ff f93d 	bl	10006234 <__wrap_memset>
10006fba:	0020      	movs	r0, r4
10006fbc:	3013      	adds	r0, #19
10006fbe:	2220      	movs	r2, #32
10006fc0:	21ff      	movs	r1, #255	; 0xff
10006fc2:	f7ff f937 	bl	10006234 <__wrap_memset>
10006fc6:	bd70      	pop	{r4, r5, r6, pc}
10006fc8:	20001028 	.word	0x20001028
10006fcc:	20001d2d 	.word	0x20001d2d
10006fd0:	100065e9 	.word	0x100065e9
10006fd4:	1000b430 	.word	0x1000b430
10006fd8:	20001380 	.word	0x20001380

10006fdc <usbd_reset>:
10006fdc:	b510      	push	{r4, lr}
10006fde:	f7ff ffbb 	bl	10006f58 <configuration_reset>
10006fe2:	f000 fdf1 	bl	10007bc8 <usbd_control_reset>
10006fe6:	bd10      	pop	{r4, pc}

10006fe8 <invoke_class_control>:
10006fe8:	b570      	push	{r4, r5, r6, lr}
10006fea:	0005      	movs	r5, r0
10006fec:	000c      	movs	r4, r1
10006fee:	0016      	movs	r6, r2
10006ff0:	68c8      	ldr	r0, [r1, #12]
10006ff2:	f000 fdf3 	bl	10007bdc <usbd_control_set_complete_callback>
10006ff6:	68e3      	ldr	r3, [r4, #12]
10006ff8:	0032      	movs	r2, r6
10006ffa:	2101      	movs	r1, #1
10006ffc:	0028      	movs	r0, r5
10006ffe:	4798      	blx	r3
10007000:	bd70      	pop	{r4, r5, r6, pc}
	...

10007004 <process_set_config>:
10007004:	b5f0      	push	{r4, r5, r6, r7, lr}
10007006:	46de      	mov	lr, fp
10007008:	4657      	mov	r7, sl
1000700a:	464e      	mov	r6, r9
1000700c:	b5c0      	push	{r6, r7, lr}
1000700e:	b082      	sub	sp, #8
10007010:	9000      	str	r0, [sp, #0]
10007012:	3901      	subs	r1, #1
10007014:	b2c8      	uxtb	r0, r1
10007016:	f7ff fd43 	bl	10006aa0 <tud_descriptor_configuration_cb>
1000701a:	2800      	cmp	r0, #0
1000701c:	d100      	bne.n	10007020 <process_set_config+0x1c>
1000701e:	e08c      	b.n	1000713a <process_set_config+0x136>
10007020:	7843      	ldrb	r3, [r0, #1]
10007022:	469a      	mov	sl, r3
10007024:	2b02      	cmp	r3, #2
10007026:	d000      	beq.n	1000702a <process_set_config+0x26>
10007028:	e089      	b.n	1000713e <process_set_config+0x13a>
1000702a:	79c5      	ldrb	r5, [r0, #7]
1000702c:	116a      	asrs	r2, r5, #5
1000702e:	3b01      	subs	r3, #1
10007030:	494b      	ldr	r1, [pc, #300]	; (10007160 <process_set_config+0x15c>)
10007032:	401a      	ands	r2, r3
10007034:	0114      	lsls	r4, r2, #4
10007036:	780a      	ldrb	r2, [r1, #0]
10007038:	2710      	movs	r7, #16
1000703a:	43ba      	bics	r2, r7
1000703c:	4322      	orrs	r2, r4
1000703e:	700a      	strb	r2, [r1, #0]
10007040:	11ad      	asrs	r5, r5, #6
10007042:	402b      	ands	r3, r5
10007044:	015b      	lsls	r3, r3, #5
10007046:	b2d2      	uxtb	r2, r2
10007048:	2420      	movs	r4, #32
1000704a:	43a2      	bics	r2, r4
1000704c:	4313      	orrs	r3, r2
1000704e:	700b      	strb	r3, [r1, #0]
10007050:	0006      	movs	r6, r0
10007052:	3609      	adds	r6, #9
10007054:	7882      	ldrb	r2, [r0, #2]
10007056:	78c4      	ldrb	r4, [r0, #3]
10007058:	0224      	lsls	r4, r4, #8
1000705a:	4314      	orrs	r4, r2
1000705c:	1904      	adds	r4, r0, r4
1000705e:	42a6      	cmp	r6, r4
10007060:	d264      	bcs.n	1000712c <process_set_config+0x128>
10007062:	7873      	ldrb	r3, [r6, #1]
10007064:	2b0b      	cmp	r3, #11
10007066:	d009      	beq.n	1000707c <process_set_config+0x78>
10007068:	2301      	movs	r3, #1
1000706a:	469b      	mov	fp, r3
1000706c:	7873      	ldrb	r3, [r6, #1]
1000706e:	2b04      	cmp	r3, #4
10007070:	d16c      	bne.n	1000714c <process_set_config+0x148>
10007072:	1ba3      	subs	r3, r4, r6
10007074:	b29b      	uxth	r3, r3
10007076:	4699      	mov	r9, r3
10007078:	2500      	movs	r5, #0
1000707a:	e025      	b.n	100070c8 <process_set_config+0xc4>
1000707c:	78f3      	ldrb	r3, [r6, #3]
1000707e:	469b      	mov	fp, r3
10007080:	7833      	ldrb	r3, [r6, #0]
10007082:	18f6      	adds	r6, r6, r3
10007084:	e7f2      	b.n	1000706c <process_set_config+0x68>
10007086:	006f      	lsls	r7, r5, #1
10007088:	197f      	adds	r7, r7, r5
1000708a:	00fb      	lsls	r3, r7, #3
1000708c:	4a35      	ldr	r2, [pc, #212]	; (10007164 <process_set_config+0x160>)
1000708e:	6817      	ldr	r7, [r2, #0]
10007090:	18ff      	adds	r7, r7, r3
10007092:	e02b      	b.n	100070ec <process_set_config+0xe8>
10007094:	002b      	movs	r3, r5
10007096:	e022      	b.n	100070de <process_set_config+0xda>
10007098:	68ba      	ldr	r2, [r7, #8]
1000709a:	4b33      	ldr	r3, [pc, #204]	; (10007168 <process_set_config+0x164>)
1000709c:	429a      	cmp	r2, r3
1000709e:	d134      	bne.n	1000710a <process_set_config+0x106>
100070a0:	46d3      	mov	fp, sl
100070a2:	e032      	b.n	1000710a <process_set_config+0x106>
100070a4:	482e      	ldr	r0, [pc, #184]	; (10007160 <process_set_config+0x15c>)
100070a6:	002b      	movs	r3, r5
100070a8:	9f01      	ldr	r7, [sp, #4]
100070aa:	003a      	movs	r2, r7
100070ac:	0031      	movs	r1, r6
100070ae:	3013      	adds	r0, #19
100070b0:	f001 f9a2 	bl	100083f8 <tu_edpt_bind_driver>
100070b4:	46bc      	mov	ip, r7
100070b6:	4466      	add	r6, ip
100070b8:	4b2c      	ldr	r3, [pc, #176]	; (1000716c <process_set_config+0x168>)
100070ba:	781b      	ldrb	r3, [r3, #0]
100070bc:	42ab      	cmp	r3, r5
100070be:	d2ce      	bcs.n	1000705e <process_set_config+0x5a>
100070c0:	2000      	movs	r0, #0
100070c2:	e03d      	b.n	10007140 <process_set_config+0x13c>
100070c4:	3501      	adds	r5, #1
100070c6:	b2ed      	uxtb	r5, r5
100070c8:	4b28      	ldr	r3, [pc, #160]	; (1000716c <process_set_config+0x168>)
100070ca:	781b      	ldrb	r3, [r3, #0]
100070cc:	42ab      	cmp	r3, r5
100070ce:	d3f3      	bcc.n	100070b8 <process_set_config+0xb4>
100070d0:	4a27      	ldr	r2, [pc, #156]	; (10007170 <process_set_config+0x16c>)
100070d2:	2a00      	cmp	r2, #0
100070d4:	d0de      	beq.n	10007094 <process_set_config+0x90>
100070d6:	42ab      	cmp	r3, r5
100070d8:	d8d5      	bhi.n	10007086 <process_set_config+0x82>
100070da:	1aeb      	subs	r3, r5, r3
100070dc:	b2db      	uxtb	r3, r3
100070de:	2b00      	cmp	r3, #0
100070e0:	d136      	bne.n	10007150 <process_set_config+0x14c>
100070e2:	005f      	lsls	r7, r3, #1
100070e4:	18fb      	adds	r3, r7, r3
100070e6:	00db      	lsls	r3, r3, #3
100070e8:	4f22      	ldr	r7, [pc, #136]	; (10007174 <process_set_config+0x170>)
100070ea:	18ff      	adds	r7, r7, r3
100070ec:	2f00      	cmp	r7, #0
100070ee:	d031      	beq.n	10007154 <process_set_config+0x150>
100070f0:	464a      	mov	r2, r9
100070f2:	0031      	movs	r1, r6
100070f4:	9800      	ldr	r0, [sp, #0]
100070f6:	68bb      	ldr	r3, [r7, #8]
100070f8:	4798      	blx	r3
100070fa:	9001      	str	r0, [sp, #4]
100070fc:	2808      	cmp	r0, #8
100070fe:	d9e1      	bls.n	100070c4 <process_set_config+0xc0>
10007100:	4581      	cmp	r9, r0
10007102:	d3df      	bcc.n	100070c4 <process_set_config+0xc0>
10007104:	465b      	mov	r3, fp
10007106:	2b01      	cmp	r3, #1
10007108:	d0c6      	beq.n	10007098 <process_set_config+0x94>
1000710a:	2200      	movs	r2, #0
1000710c:	4593      	cmp	fp, r2
1000710e:	d9c9      	bls.n	100070a4 <process_set_config+0xa0>
10007110:	78b3      	ldrb	r3, [r6, #2]
10007112:	189b      	adds	r3, r3, r2
10007114:	b2db      	uxtb	r3, r3
10007116:	4912      	ldr	r1, [pc, #72]	; (10007160 <process_set_config+0x15c>)
10007118:	18c9      	adds	r1, r1, r3
1000711a:	78c9      	ldrb	r1, [r1, #3]
1000711c:	29ff      	cmp	r1, #255	; 0xff
1000711e:	d11b      	bne.n	10007158 <process_set_config+0x154>
10007120:	490f      	ldr	r1, [pc, #60]	; (10007160 <process_set_config+0x15c>)
10007122:	18cb      	adds	r3, r1, r3
10007124:	70dd      	strb	r5, [r3, #3]
10007126:	3201      	adds	r2, #1
10007128:	b2d2      	uxtb	r2, r2
1000712a:	e7ef      	b.n	1000710c <process_set_config+0x108>
1000712c:	4b12      	ldr	r3, [pc, #72]	; (10007178 <process_set_config+0x174>)
1000712e:	2b00      	cmp	r3, #0
10007130:	d014      	beq.n	1000715c <process_set_config+0x158>
10007132:	e000      	b.n	10007136 <process_set_config+0x132>
10007134:	bf00      	nop
10007136:	2001      	movs	r0, #1
10007138:	e002      	b.n	10007140 <process_set_config+0x13c>
1000713a:	2000      	movs	r0, #0
1000713c:	e000      	b.n	10007140 <process_set_config+0x13c>
1000713e:	2000      	movs	r0, #0
10007140:	b002      	add	sp, #8
10007142:	bce0      	pop	{r5, r6, r7}
10007144:	46bb      	mov	fp, r7
10007146:	46b2      	mov	sl, r6
10007148:	46a9      	mov	r9, r5
1000714a:	bdf0      	pop	{r4, r5, r6, r7, pc}
1000714c:	2000      	movs	r0, #0
1000714e:	e7f7      	b.n	10007140 <process_set_config+0x13c>
10007150:	2000      	movs	r0, #0
10007152:	e7f5      	b.n	10007140 <process_set_config+0x13c>
10007154:	2000      	movs	r0, #0
10007156:	e7f3      	b.n	10007140 <process_set_config+0x13c>
10007158:	2000      	movs	r0, #0
1000715a:	e7f1      	b.n	10007140 <process_set_config+0x13c>
1000715c:	2001      	movs	r0, #1
1000715e:	e7ef      	b.n	10007140 <process_set_config+0x13c>
10007160:	20001380 	.word	0x20001380
10007164:	20001028 	.word	0x20001028
10007168:	10007fad 	.word	0x10007fad
1000716c:	20001d2d 	.word	0x20001d2d
10007170:	100065e9 	.word	0x100065e9
10007174:	1000b430 	.word	0x1000b430
10007178:	00000000 	.word	0x00000000

1000717c <process_get_descriptor>:
1000717c:	b570      	push	{r4, r5, r6, lr}
1000717e:	0005      	movs	r5, r0
10007180:	000c      	movs	r4, r1
10007182:	78cb      	ldrb	r3, [r1, #3]
10007184:	7888      	ldrb	r0, [r1, #2]
10007186:	2b0f      	cmp	r3, #15
10007188:	d850      	bhi.n	1000722c <process_get_descriptor+0xb0>
1000718a:	009a      	lsls	r2, r3, #2
1000718c:	492e      	ldr	r1, [pc, #184]	; (10007248 <process_get_descriptor+0xcc>)
1000718e:	588a      	ldr	r2, [r1, r2]
10007190:	4697      	mov	pc, r2
10007192:	f7ff fc81 	bl	10006a98 <tud_descriptor_device_cb>
10007196:	0002      	movs	r2, r0
10007198:	2312      	movs	r3, #18
1000719a:	0021      	movs	r1, r4
1000719c:	0028      	movs	r0, r5
1000719e:	f000 fcd9 	bl	10007b54 <tud_control_xfer>
100071a2:	e044      	b.n	1000722e <process_get_descriptor+0xb2>
100071a4:	4b29      	ldr	r3, [pc, #164]	; (1000724c <process_get_descriptor+0xd0>)
100071a6:	2b00      	cmp	r3, #0
100071a8:	d042      	beq.n	10007230 <process_get_descriptor+0xb4>
100071aa:	e000      	b.n	100071ae <process_get_descriptor+0x32>
100071ac:	bf00      	nop
100071ae:	1e02      	subs	r2, r0, #0
100071b0:	d040      	beq.n	10007234 <process_get_descriptor+0xb8>
100071b2:	7881      	ldrb	r1, [r0, #2]
100071b4:	78c3      	ldrb	r3, [r0, #3]
100071b6:	021b      	lsls	r3, r3, #8
100071b8:	430b      	orrs	r3, r1
100071ba:	0021      	movs	r1, r4
100071bc:	0028      	movs	r0, r5
100071be:	f000 fcc9 	bl	10007b54 <tud_control_xfer>
100071c2:	e034      	b.n	1000722e <process_get_descriptor+0xb2>
100071c4:	2b02      	cmp	r3, #2
100071c6:	d009      	beq.n	100071dc <process_get_descriptor+0x60>
100071c8:	4b21      	ldr	r3, [pc, #132]	; (10007250 <process_get_descriptor+0xd4>)
100071ca:	2b00      	cmp	r3, #0
100071cc:	d034      	beq.n	10007238 <process_get_descriptor+0xbc>
100071ce:	e000      	b.n	100071d2 <process_get_descriptor+0x56>
100071d0:	bf00      	nop
100071d2:	0002      	movs	r2, r0
100071d4:	2a00      	cmp	r2, #0
100071d6:	d105      	bne.n	100071e4 <process_get_descriptor+0x68>
100071d8:	2000      	movs	r0, #0
100071da:	e028      	b.n	1000722e <process_get_descriptor+0xb2>
100071dc:	f7ff fc60 	bl	10006aa0 <tud_descriptor_configuration_cb>
100071e0:	0002      	movs	r2, r0
100071e2:	e7f7      	b.n	100071d4 <process_get_descriptor+0x58>
100071e4:	7891      	ldrb	r1, [r2, #2]
100071e6:	78d3      	ldrb	r3, [r2, #3]
100071e8:	021b      	lsls	r3, r3, #8
100071ea:	430b      	orrs	r3, r1
100071ec:	0021      	movs	r1, r4
100071ee:	0028      	movs	r0, r5
100071f0:	f000 fcb0 	bl	10007b54 <tud_control_xfer>
100071f4:	e01b      	b.n	1000722e <process_get_descriptor+0xb2>
100071f6:	7923      	ldrb	r3, [r4, #4]
100071f8:	7961      	ldrb	r1, [r4, #5]
100071fa:	0209      	lsls	r1, r1, #8
100071fc:	4319      	orrs	r1, r3
100071fe:	f7ff fc53 	bl	10006aa8 <tud_descriptor_string_cb>
10007202:	1e02      	subs	r2, r0, #0
10007204:	d01a      	beq.n	1000723c <process_get_descriptor+0xc0>
10007206:	7803      	ldrb	r3, [r0, #0]
10007208:	0021      	movs	r1, r4
1000720a:	0028      	movs	r0, r5
1000720c:	f000 fca2 	bl	10007b54 <tud_control_xfer>
10007210:	e00d      	b.n	1000722e <process_get_descriptor+0xb2>
10007212:	4b10      	ldr	r3, [pc, #64]	; (10007254 <process_get_descriptor+0xd8>)
10007214:	2b00      	cmp	r3, #0
10007216:	d013      	beq.n	10007240 <process_get_descriptor+0xc4>
10007218:	e000      	b.n	1000721c <process_get_descriptor+0xa0>
1000721a:	bf00      	nop
1000721c:	1e02      	subs	r2, r0, #0
1000721e:	d011      	beq.n	10007244 <process_get_descriptor+0xc8>
10007220:	7803      	ldrb	r3, [r0, #0]
10007222:	0021      	movs	r1, r4
10007224:	0028      	movs	r0, r5
10007226:	f000 fc95 	bl	10007b54 <tud_control_xfer>
1000722a:	e000      	b.n	1000722e <process_get_descriptor+0xb2>
1000722c:	2000      	movs	r0, #0
1000722e:	bd70      	pop	{r4, r5, r6, pc}
10007230:	2000      	movs	r0, #0
10007232:	e7fc      	b.n	1000722e <process_get_descriptor+0xb2>
10007234:	2000      	movs	r0, #0
10007236:	e7fa      	b.n	1000722e <process_get_descriptor+0xb2>
10007238:	2000      	movs	r0, #0
1000723a:	e7f8      	b.n	1000722e <process_get_descriptor+0xb2>
1000723c:	2000      	movs	r0, #0
1000723e:	e7f6      	b.n	1000722e <process_get_descriptor+0xb2>
10007240:	2000      	movs	r0, #0
10007242:	e7f4      	b.n	1000722e <process_get_descriptor+0xb2>
10007244:	2000      	movs	r0, #0
10007246:	e7f2      	b.n	1000722e <process_get_descriptor+0xb2>
10007248:	1000b3a4 	.word	0x1000b3a4
	...

10007258 <tud_mounted>:
10007258:	4b02      	ldr	r3, [pc, #8]	; (10007264 <tud_mounted+0xc>)
1000725a:	7858      	ldrb	r0, [r3, #1]
1000725c:	1e43      	subs	r3, r0, #1
1000725e:	4198      	sbcs	r0, r3
10007260:	b2c0      	uxtb	r0, r0
10007262:	4770      	bx	lr
10007264:	20001380 	.word	0x20001380

10007268 <tud_suspended>:
10007268:	4b02      	ldr	r3, [pc, #8]	; (10007274 <tud_suspended+0xc>)
1000726a:	7818      	ldrb	r0, [r3, #0]
1000726c:	0740      	lsls	r0, r0, #29
1000726e:	0fc0      	lsrs	r0, r0, #31
10007270:	4770      	bx	lr
10007272:	46c0      	nop			; (mov r8, r8)
10007274:	20001380 	.word	0x20001380

10007278 <tud_inited>:
10007278:	4b03      	ldr	r3, [pc, #12]	; (10007288 <tud_inited+0x10>)
1000727a:	7818      	ldrb	r0, [r3, #0]
1000727c:	38ff      	subs	r0, #255	; 0xff
1000727e:	1e43      	subs	r3, r0, #1
10007280:	4198      	sbcs	r0, r3
10007282:	b2c0      	uxtb	r0, r0
10007284:	4770      	bx	lr
10007286:	46c0      	nop			; (mov r8, r8)
10007288:	20000ecc 	.word	0x20000ecc

1000728c <tud_init>:
1000728c:	b570      	push	{r4, r5, r6, lr}
1000728e:	0004      	movs	r4, r0
10007290:	f7ff fff2 	bl	10007278 <tud_inited>
10007294:	1e06      	subs	r6, r0, #0
10007296:	d001      	beq.n	1000729c <tud_init+0x10>
10007298:	0030      	movs	r0, r6
1000729a:	bd70      	pop	{r4, r5, r6, pc}
1000729c:	2253      	movs	r2, #83	; 0x53
1000729e:	2100      	movs	r1, #0
100072a0:	4823      	ldr	r0, [pc, #140]	; (10007330 <tud_init+0xa4>)
100072a2:	f7fe ffc7 	bl	10006234 <__wrap_memset>
100072a6:	4d23      	ldr	r5, [pc, #140]	; (10007334 <tud_init+0xa8>)
100072a8:	0028      	movs	r0, r5
100072aa:	f7fb fe5f 	bl	10002f6c <mutex_init>
100072ae:	4b22      	ldr	r3, [pc, #136]	; (10007338 <tud_init+0xac>)
100072b0:	601d      	str	r5, [r3, #0]
100072b2:	4d22      	ldr	r5, [pc, #136]	; (1000733c <tud_init+0xb0>)
100072b4:	0028      	movs	r0, r5
100072b6:	3014      	adds	r0, #20
100072b8:	f7fb fe7e 	bl	10002fb8 <critical_section_init>
100072bc:	0028      	movs	r0, r5
100072be:	f001 fbf0 	bl	10008aa2 <tu_fifo_clear>
100072c2:	4b1f      	ldr	r3, [pc, #124]	; (10007340 <tud_init+0xb4>)
100072c4:	601d      	str	r5, [r3, #0]
100072c6:	4b1f      	ldr	r3, [pc, #124]	; (10007344 <tud_init+0xb8>)
100072c8:	2b00      	cmp	r3, #0
100072ca:	d004      	beq.n	100072d6 <tud_init+0x4a>
100072cc:	481e      	ldr	r0, [pc, #120]	; (10007348 <tud_init+0xbc>)
100072ce:	f7ff f98b 	bl	100065e8 <usbd_app_driver_get_cb>
100072d2:	4b1e      	ldr	r3, [pc, #120]	; (1000734c <tud_init+0xc0>)
100072d4:	6018      	str	r0, [r3, #0]
100072d6:	2500      	movs	r5, #0
100072d8:	e00b      	b.n	100072f2 <tud_init+0x66>
100072da:	006b      	lsls	r3, r5, #1
100072dc:	195b      	adds	r3, r3, r5
100072de:	00da      	lsls	r2, r3, #3
100072e0:	4b1a      	ldr	r3, [pc, #104]	; (1000734c <tud_init+0xc0>)
100072e2:	681b      	ldr	r3, [r3, #0]
100072e4:	189b      	adds	r3, r3, r2
100072e6:	2b00      	cmp	r3, #0
100072e8:	d0d6      	beq.n	10007298 <tud_init+0xc>
100072ea:	681b      	ldr	r3, [r3, #0]
100072ec:	4798      	blx	r3
100072ee:	3501      	adds	r5, #1
100072f0:	b2ed      	uxtb	r5, r5
100072f2:	4b15      	ldr	r3, [pc, #84]	; (10007348 <tud_init+0xbc>)
100072f4:	781b      	ldrb	r3, [r3, #0]
100072f6:	42ab      	cmp	r3, r5
100072f8:	d310      	bcc.n	1000731c <tud_init+0x90>
100072fa:	4a12      	ldr	r2, [pc, #72]	; (10007344 <tud_init+0xb8>)
100072fc:	2a00      	cmp	r2, #0
100072fe:	d00b      	beq.n	10007318 <tud_init+0x8c>
10007300:	42ab      	cmp	r3, r5
10007302:	d8ea      	bhi.n	100072da <tud_init+0x4e>
10007304:	1aeb      	subs	r3, r5, r3
10007306:	b2db      	uxtb	r3, r3
10007308:	2b00      	cmp	r3, #0
1000730a:	d1c5      	bne.n	10007298 <tud_init+0xc>
1000730c:	005a      	lsls	r2, r3, #1
1000730e:	18d2      	adds	r2, r2, r3
10007310:	00d2      	lsls	r2, r2, #3
10007312:	4b0f      	ldr	r3, [pc, #60]	; (10007350 <tud_init+0xc4>)
10007314:	189b      	adds	r3, r3, r2
10007316:	e7e6      	b.n	100072e6 <tud_init+0x5a>
10007318:	002b      	movs	r3, r5
1000731a:	e7f5      	b.n	10007308 <tud_init+0x7c>
1000731c:	4b0d      	ldr	r3, [pc, #52]	; (10007354 <tud_init+0xc8>)
1000731e:	701c      	strb	r4, [r3, #0]
10007320:	0020      	movs	r0, r4
10007322:	f7ff fd19 	bl	10006d58 <dcd_init>
10007326:	0020      	movs	r0, r4
10007328:	f7ff fce2 	bl	10006cf0 <dcd_int_enable>
1000732c:	2601      	movs	r6, #1
1000732e:	e7b3      	b.n	10007298 <tud_init+0xc>
10007330:	20001380 	.word	0x20001380
10007334:	20001338 	.word	0x20001338
10007338:	200013d4 	.word	0x200013d4
1000733c:	20000eb0 	.word	0x20000eb0
10007340:	200013d8 	.word	0x200013d8
10007344:	100065e9 	.word	0x100065e9
10007348:	20001d2d 	.word	0x20001d2d
1000734c:	20001028 	.word	0x20001028
10007350:	1000b430 	.word	0x1000b430
10007354:	20000ecc 	.word	0x20000ecc

10007358 <usbd_defer_func>:
10007358:	b5f0      	push	{r4, r5, r6, r7, lr}
1000735a:	b085      	sub	sp, #20
1000735c:	0007      	movs	r7, r0
1000735e:	000e      	movs	r6, r1
10007360:	0015      	movs	r5, r2
10007362:	ac01      	add	r4, sp, #4
10007364:	220c      	movs	r2, #12
10007366:	2100      	movs	r1, #0
10007368:	0020      	movs	r0, r4
1000736a:	f7fe ff63 	bl	10006234 <__wrap_memset>
1000736e:	2308      	movs	r3, #8
10007370:	7063      	strb	r3, [r4, #1]
10007372:	9702      	str	r7, [sp, #8]
10007374:	9603      	str	r6, [sp, #12]
10007376:	0029      	movs	r1, r5
10007378:	0020      	movs	r0, r4
1000737a:	f001 fe79 	bl	10009070 <__dcd_event_handler_veneer>
1000737e:	b005      	add	sp, #20
10007380:	bdf0      	pop	{r4, r5, r6, r7, pc}
	...

10007384 <usbd_edpt_open>:
10007384:	b570      	push	{r4, r5, r6, lr}
10007386:	000c      	movs	r4, r1
10007388:	4b09      	ldr	r3, [pc, #36]	; (100073b0 <usbd_edpt_open+0x2c>)
1000738a:	781d      	ldrb	r5, [r3, #0]
1000738c:	788b      	ldrb	r3, [r1, #2]
1000738e:	2270      	movs	r2, #112	; 0x70
10007390:	421a      	tst	r2, r3
10007392:	d001      	beq.n	10007398 <usbd_edpt_open+0x14>
10007394:	2000      	movs	r0, #0
10007396:	bd70      	pop	{r4, r5, r6, pc}
10007398:	4b06      	ldr	r3, [pc, #24]	; (100073b4 <usbd_edpt_open+0x30>)
1000739a:	7899      	ldrb	r1, [r3, #2]
1000739c:	0020      	movs	r0, r4
1000739e:	f000 ffef 	bl	10008380 <tu_edpt_validate>
100073a2:	2800      	cmp	r0, #0
100073a4:	d0f7      	beq.n	10007396 <usbd_edpt_open+0x12>
100073a6:	0021      	movs	r1, r4
100073a8:	0028      	movs	r0, r5
100073aa:	f7ff fd23 	bl	10006df4 <dcd_edpt_open>
100073ae:	e7f2      	b.n	10007396 <usbd_edpt_open+0x12>
100073b0:	20000ecc 	.word	0x20000ecc
100073b4:	20001380 	.word	0x20001380

100073b8 <usbd_open_edpt_pair>:
100073b8:	b5f8      	push	{r3, r4, r5, r6, r7, lr}
100073ba:	46ce      	mov	lr, r9
100073bc:	4647      	mov	r7, r8
100073be:	b580      	push	{r7, lr}
100073c0:	4681      	mov	r9, r0
100073c2:	000c      	movs	r4, r1
100073c4:	0017      	movs	r7, r2
100073c6:	001e      	movs	r6, r3
100073c8:	9b08      	ldr	r3, [sp, #32]
100073ca:	4698      	mov	r8, r3
100073cc:	2500      	movs	r5, #0
100073ce:	e004      	b.n	100073da <usbd_open_edpt_pair+0x22>
100073d0:	9a09      	ldr	r2, [sp, #36]	; 0x24
100073d2:	7013      	strb	r3, [r2, #0]
100073d4:	7823      	ldrb	r3, [r4, #0]
100073d6:	18e4      	adds	r4, r4, r3
100073d8:	3501      	adds	r5, #1
100073da:	42af      	cmp	r7, r5
100073dc:	dd14      	ble.n	10007408 <usbd_open_edpt_pair+0x50>
100073de:	7863      	ldrb	r3, [r4, #1]
100073e0:	2b05      	cmp	r3, #5
100073e2:	d116      	bne.n	10007412 <usbd_open_edpt_pair+0x5a>
100073e4:	78e1      	ldrb	r1, [r4, #3]
100073e6:	0789      	lsls	r1, r1, #30
100073e8:	0f89      	lsrs	r1, r1, #30
100073ea:	42b1      	cmp	r1, r6
100073ec:	d113      	bne.n	10007416 <usbd_open_edpt_pair+0x5e>
100073ee:	0021      	movs	r1, r4
100073f0:	4648      	mov	r0, r9
100073f2:	f7ff ffc7 	bl	10007384 <usbd_edpt_open>
100073f6:	2800      	cmp	r0, #0
100073f8:	d007      	beq.n	1000740a <usbd_open_edpt_pair+0x52>
100073fa:	78a3      	ldrb	r3, [r4, #2]
100073fc:	09da      	lsrs	r2, r3, #7
100073fe:	2a01      	cmp	r2, #1
10007400:	d0e6      	beq.n	100073d0 <usbd_open_edpt_pair+0x18>
10007402:	4642      	mov	r2, r8
10007404:	7013      	strb	r3, [r2, #0]
10007406:	e7e5      	b.n	100073d4 <usbd_open_edpt_pair+0x1c>
10007408:	2001      	movs	r0, #1
1000740a:	bcc0      	pop	{r6, r7}
1000740c:	46b9      	mov	r9, r7
1000740e:	46b0      	mov	r8, r6
10007410:	bdf8      	pop	{r3, r4, r5, r6, r7, pc}
10007412:	2000      	movs	r0, #0
10007414:	e7f9      	b.n	1000740a <usbd_open_edpt_pair+0x52>
10007416:	2000      	movs	r0, #0
10007418:	e7f7      	b.n	1000740a <usbd_open_edpt_pair+0x52>
	...

1000741c <usbd_edpt_claim>:
1000741c:	b510      	push	{r4, lr}
1000741e:	207f      	movs	r0, #127	; 0x7f
10007420:	4008      	ands	r0, r1
10007422:	09c9      	lsrs	r1, r1, #7
10007424:	0040      	lsls	r0, r0, #1
10007426:	1840      	adds	r0, r0, r1
10007428:	3030      	adds	r0, #48	; 0x30
1000742a:	4904      	ldr	r1, [pc, #16]	; (1000743c <usbd_edpt_claim+0x20>)
1000742c:	1808      	adds	r0, r1, r0
1000742e:	3003      	adds	r0, #3
10007430:	4b03      	ldr	r3, [pc, #12]	; (10007440 <usbd_edpt_claim+0x24>)
10007432:	6819      	ldr	r1, [r3, #0]
10007434:	f000 ff5e 	bl	100082f4 <tu_edpt_claim>
10007438:	bd10      	pop	{r4, pc}
1000743a:	46c0      	nop			; (mov r8, r8)
1000743c:	20001380 	.word	0x20001380
10007440:	200013d4 	.word	0x200013d4

10007444 <usbd_edpt_release>:
10007444:	b510      	push	{r4, lr}
10007446:	207f      	movs	r0, #127	; 0x7f
10007448:	4008      	ands	r0, r1
1000744a:	09c9      	lsrs	r1, r1, #7
1000744c:	0040      	lsls	r0, r0, #1
1000744e:	1840      	adds	r0, r0, r1
10007450:	3030      	adds	r0, #48	; 0x30
10007452:	4904      	ldr	r1, [pc, #16]	; (10007464 <usbd_edpt_release+0x20>)
10007454:	1808      	adds	r0, r1, r0
10007456:	3003      	adds	r0, #3
10007458:	4b03      	ldr	r3, [pc, #12]	; (10007468 <usbd_edpt_release+0x24>)
1000745a:	6819      	ldr	r1, [r3, #0]
1000745c:	f000 ff72 	bl	10008344 <tu_edpt_release>
10007460:	bd10      	pop	{r4, pc}
10007462:	46c0      	nop			; (mov r8, r8)
10007464:	20001380 	.word	0x20001380
10007468:	200013d4 	.word	0x200013d4

1000746c <usbd_edpt_xfer>:
1000746c:	b5f8      	push	{r3, r4, r5, r6, r7, lr}
1000746e:	46ce      	mov	lr, r9
10007470:	4647      	mov	r7, r8
10007472:	b580      	push	{r7, lr}
10007474:	4819      	ldr	r0, [pc, #100]	; (100074dc <usbd_edpt_xfer+0x70>)
10007476:	7800      	ldrb	r0, [r0, #0]
10007478:	257f      	movs	r5, #127	; 0x7f
1000747a:	400d      	ands	r5, r1
1000747c:	09ce      	lsrs	r6, r1, #7
1000747e:	006f      	lsls	r7, r5, #1
10007480:	4c17      	ldr	r4, [pc, #92]	; (100074e0 <usbd_edpt_xfer+0x74>)
10007482:	19e4      	adds	r4, r4, r7
10007484:	19a4      	adds	r4, r4, r6
10007486:	3430      	adds	r4, #48	; 0x30
10007488:	78e4      	ldrb	r4, [r4, #3]
1000748a:	07e4      	lsls	r4, r4, #31
1000748c:	d504      	bpl.n	10007498 <usbd_edpt_xfer+0x2c>
1000748e:	2000      	movs	r0, #0
10007490:	bcc0      	pop	{r6, r7}
10007492:	46b9      	mov	r9, r7
10007494:	46b0      	mov	r8, r6
10007496:	bdf8      	pop	{r3, r4, r5, r6, r7, pc}
10007498:	4c11      	ldr	r4, [pc, #68]	; (100074e0 <usbd_edpt_xfer+0x74>)
1000749a:	19e4      	adds	r4, r4, r7
1000749c:	19a4      	adds	r4, r4, r6
1000749e:	2730      	movs	r7, #48	; 0x30
100074a0:	46b9      	mov	r9, r7
100074a2:	44a1      	add	r9, r4
100074a4:	464c      	mov	r4, r9
100074a6:	78e4      	ldrb	r4, [r4, #3]
100074a8:	2701      	movs	r7, #1
100074aa:	46bc      	mov	ip, r7
100074ac:	4667      	mov	r7, ip
100074ae:	433c      	orrs	r4, r7
100074b0:	0027      	movs	r7, r4
100074b2:	464c      	mov	r4, r9
100074b4:	70e7      	strb	r7, [r4, #3]
100074b6:	f7ff fcc1 	bl	10006e3c <dcd_edpt_xfer>
100074ba:	2800      	cmp	r0, #0
100074bc:	d1e8      	bne.n	10007490 <usbd_edpt_xfer+0x24>
100074be:	006d      	lsls	r5, r5, #1
100074c0:	4b07      	ldr	r3, [pc, #28]	; (100074e0 <usbd_edpt_xfer+0x74>)
100074c2:	195d      	adds	r5, r3, r5
100074c4:	19ae      	adds	r6, r5, r6
100074c6:	3630      	adds	r6, #48	; 0x30
100074c8:	78f3      	ldrb	r3, [r6, #3]
100074ca:	2201      	movs	r2, #1
100074cc:	4393      	bics	r3, r2
100074ce:	70f3      	strb	r3, [r6, #3]
100074d0:	78f3      	ldrb	r3, [r6, #3]
100074d2:	3203      	adds	r2, #3
100074d4:	4393      	bics	r3, r2
100074d6:	70f3      	strb	r3, [r6, #3]
100074d8:	e7da      	b.n	10007490 <usbd_edpt_xfer+0x24>
100074da:	46c0      	nop			; (mov r8, r8)
100074dc:	20000ecc 	.word	0x20000ecc
100074e0:	20001380 	.word	0x20001380

100074e4 <usbd_edpt_stall>:
100074e4:	b570      	push	{r4, r5, r6, lr}
100074e6:	4b0f      	ldr	r3, [pc, #60]	; (10007524 <usbd_edpt_stall+0x40>)
100074e8:	7818      	ldrb	r0, [r3, #0]
100074ea:	247f      	movs	r4, #127	; 0x7f
100074ec:	400c      	ands	r4, r1
100074ee:	09cd      	lsrs	r5, r1, #7
100074f0:	0062      	lsls	r2, r4, #1
100074f2:	4b0d      	ldr	r3, [pc, #52]	; (10007528 <usbd_edpt_stall+0x44>)
100074f4:	189b      	adds	r3, r3, r2
100074f6:	195b      	adds	r3, r3, r5
100074f8:	3330      	adds	r3, #48	; 0x30
100074fa:	78db      	ldrb	r3, [r3, #3]
100074fc:	079b      	lsls	r3, r3, #30
100074fe:	d500      	bpl.n	10007502 <usbd_edpt_stall+0x1e>
10007500:	bd70      	pop	{r4, r5, r6, pc}
10007502:	f7ff fcb5 	bl	10006e70 <dcd_edpt_stall>
10007506:	0063      	lsls	r3, r4, #1
10007508:	4c07      	ldr	r4, [pc, #28]	; (10007528 <usbd_edpt_stall+0x44>)
1000750a:	18e4      	adds	r4, r4, r3
1000750c:	1964      	adds	r4, r4, r5
1000750e:	3430      	adds	r4, #48	; 0x30
10007510:	78e3      	ldrb	r3, [r4, #3]
10007512:	2202      	movs	r2, #2
10007514:	4313      	orrs	r3, r2
10007516:	70e3      	strb	r3, [r4, #3]
10007518:	78e3      	ldrb	r3, [r4, #3]
1000751a:	2201      	movs	r2, #1
1000751c:	4313      	orrs	r3, r2
1000751e:	70e3      	strb	r3, [r4, #3]
10007520:	e7ee      	b.n	10007500 <usbd_edpt_stall+0x1c>
10007522:	46c0      	nop			; (mov r8, r8)
10007524:	20000ecc 	.word	0x20000ecc
10007528:	20001380 	.word	0x20001380

1000752c <usbd_edpt_clear_stall>:
1000752c:	b570      	push	{r4, r5, r6, lr}
1000752e:	4b0f      	ldr	r3, [pc, #60]	; (1000756c <usbd_edpt_clear_stall+0x40>)
10007530:	7818      	ldrb	r0, [r3, #0]
10007532:	247f      	movs	r4, #127	; 0x7f
10007534:	400c      	ands	r4, r1
10007536:	09cd      	lsrs	r5, r1, #7
10007538:	0062      	lsls	r2, r4, #1
1000753a:	4b0d      	ldr	r3, [pc, #52]	; (10007570 <usbd_edpt_clear_stall+0x44>)
1000753c:	189b      	adds	r3, r3, r2
1000753e:	195b      	adds	r3, r3, r5
10007540:	3330      	adds	r3, #48	; 0x30
10007542:	78db      	ldrb	r3, [r3, #3]
10007544:	079b      	lsls	r3, r3, #30
10007546:	d400      	bmi.n	1000754a <usbd_edpt_clear_stall+0x1e>
10007548:	bd70      	pop	{r4, r5, r6, pc}
1000754a:	f7ff fca7 	bl	10006e9c <dcd_edpt_clear_stall>
1000754e:	0063      	lsls	r3, r4, #1
10007550:	4c07      	ldr	r4, [pc, #28]	; (10007570 <usbd_edpt_clear_stall+0x44>)
10007552:	18e4      	adds	r4, r4, r3
10007554:	1964      	adds	r4, r4, r5
10007556:	3430      	adds	r4, #48	; 0x30
10007558:	78e3      	ldrb	r3, [r4, #3]
1000755a:	2202      	movs	r2, #2
1000755c:	4393      	bics	r3, r2
1000755e:	70e3      	strb	r3, [r4, #3]
10007560:	78e3      	ldrb	r3, [r4, #3]
10007562:	3a01      	subs	r2, #1
10007564:	4393      	bics	r3, r2
10007566:	70e3      	strb	r3, [r4, #3]
10007568:	e7ee      	b.n	10007548 <usbd_edpt_clear_stall+0x1c>
1000756a:	46c0      	nop			; (mov r8, r8)
1000756c:	20000ecc 	.word	0x20000ecc
10007570:	20001380 	.word	0x20001380

10007574 <usbd_edpt_stalled>:
10007574:	227f      	movs	r2, #127	; 0x7f
10007576:	400a      	ands	r2, r1
10007578:	09cb      	lsrs	r3, r1, #7
1000757a:	0052      	lsls	r2, r2, #1
1000757c:	4903      	ldr	r1, [pc, #12]	; (1000758c <usbd_edpt_stalled+0x18>)
1000757e:	1889      	adds	r1, r1, r2
10007580:	18c9      	adds	r1, r1, r3
10007582:	3130      	adds	r1, #48	; 0x30
10007584:	78c8      	ldrb	r0, [r1, #3]
10007586:	0780      	lsls	r0, r0, #30
10007588:	0fc0      	lsrs	r0, r0, #31
1000758a:	4770      	bx	lr
1000758c:	20001380 	.word	0x20001380

10007590 <process_control_request>:
10007590:	b5f0      	push	{r4, r5, r6, r7, lr}
10007592:	46c6      	mov	lr, r8
10007594:	b500      	push	{lr}
10007596:	b082      	sub	sp, #8
10007598:	0005      	movs	r5, r0
1000759a:	000c      	movs	r4, r1
1000759c:	2000      	movs	r0, #0
1000759e:	f000 fb1d 	bl	10007bdc <usbd_control_set_complete_callback>
100075a2:	7823      	ldrb	r3, [r4, #0]
100075a4:	2260      	movs	r2, #96	; 0x60
100075a6:	4013      	ands	r3, r2
100075a8:	2b60      	cmp	r3, #96	; 0x60
100075aa:	d100      	bne.n	100075ae <process_control_request+0x1e>
100075ac:	e185      	b.n	100078ba <process_control_request+0x32a>
100075ae:	2b40      	cmp	r3, #64	; 0x40
100075b0:	d00f      	beq.n	100075d2 <process_control_request+0x42>
100075b2:	7822      	ldrb	r2, [r4, #0]
100075b4:	06d2      	lsls	r2, r2, #27
100075b6:	0ed2      	lsrs	r2, r2, #27
100075b8:	2a01      	cmp	r2, #1
100075ba:	d100      	bne.n	100075be <process_control_request+0x2e>
100075bc:	e0c9      	b.n	10007752 <process_control_request+0x1c2>
100075be:	2a02      	cmp	r2, #2
100075c0:	d100      	bne.n	100075c4 <process_control_request+0x34>
100075c2:	e10f      	b.n	100077e4 <process_control_request+0x254>
100075c4:	2a00      	cmp	r2, #0
100075c6:	d011      	beq.n	100075ec <process_control_request+0x5c>
100075c8:	2000      	movs	r0, #0
100075ca:	b002      	add	sp, #8
100075cc:	bc80      	pop	{r7}
100075ce:	46b8      	mov	r8, r7
100075d0:	bdf0      	pop	{r4, r5, r6, r7, pc}
100075d2:	4bc7      	ldr	r3, [pc, #796]	; (100078f0 <process_control_request+0x360>)
100075d4:	2b00      	cmp	r3, #0
100075d6:	d100      	bne.n	100075da <process_control_request+0x4a>
100075d8:	e171      	b.n	100078be <process_control_request+0x32e>
100075da:	0018      	movs	r0, r3
100075dc:	f000 fafe 	bl	10007bdc <usbd_control_set_complete_callback>
100075e0:	0022      	movs	r2, r4
100075e2:	2101      	movs	r1, #1
100075e4:	0028      	movs	r0, r5
100075e6:	e000      	b.n	100075ea <process_control_request+0x5a>
100075e8:	bf00      	nop
100075ea:	e7ee      	b.n	100075ca <process_control_request+0x3a>
100075ec:	2b20      	cmp	r3, #32
100075ee:	d00a      	beq.n	10007606 <process_control_request+0x76>
100075f0:	2b00      	cmp	r3, #0
100075f2:	d000      	beq.n	100075f6 <process_control_request+0x66>
100075f4:	e16b      	b.n	100078ce <process_control_request+0x33e>
100075f6:	7863      	ldrb	r3, [r4, #1]
100075f8:	2b09      	cmp	r3, #9
100075fa:	d900      	bls.n	100075fe <process_control_request+0x6e>
100075fc:	e169      	b.n	100078d2 <process_control_request+0x342>
100075fe:	009b      	lsls	r3, r3, #2
10007600:	4abc      	ldr	r2, [pc, #752]	; (100078f4 <process_control_request+0x364>)
10007602:	58d3      	ldr	r3, [r2, r3]
10007604:	469f      	mov	pc, r3
10007606:	7923      	ldrb	r3, [r4, #4]
10007608:	2b0f      	cmp	r3, #15
1000760a:	d900      	bls.n	1000760e <process_control_request+0x7e>
1000760c:	e159      	b.n	100078c2 <process_control_request+0x332>
1000760e:	4aba      	ldr	r2, [pc, #744]	; (100078f8 <process_control_request+0x368>)
10007610:	18d3      	adds	r3, r2, r3
10007612:	78db      	ldrb	r3, [r3, #3]
10007614:	4ab9      	ldr	r2, [pc, #740]	; (100078fc <process_control_request+0x36c>)
10007616:	2a00      	cmp	r2, #0
10007618:	d005      	beq.n	10007626 <process_control_request+0x96>
1000761a:	4ab9      	ldr	r2, [pc, #740]	; (10007900 <process_control_request+0x370>)
1000761c:	7812      	ldrb	r2, [r2, #0]
1000761e:	4293      	cmp	r3, r2
10007620:	d311      	bcc.n	10007646 <process_control_request+0xb6>
10007622:	1a9b      	subs	r3, r3, r2
10007624:	b2db      	uxtb	r3, r3
10007626:	2b00      	cmp	r3, #0
10007628:	d000      	beq.n	1000762c <process_control_request+0x9c>
1000762a:	e14c      	b.n	100078c6 <process_control_request+0x336>
1000762c:	0059      	lsls	r1, r3, #1
1000762e:	18cb      	adds	r3, r1, r3
10007630:	00db      	lsls	r3, r3, #3
10007632:	49b4      	ldr	r1, [pc, #720]	; (10007904 <process_control_request+0x374>)
10007634:	18c9      	adds	r1, r1, r3
10007636:	2900      	cmp	r1, #0
10007638:	d100      	bne.n	1000763c <process_control_request+0xac>
1000763a:	e146      	b.n	100078ca <process_control_request+0x33a>
1000763c:	0022      	movs	r2, r4
1000763e:	0028      	movs	r0, r5
10007640:	f7ff fcd2 	bl	10006fe8 <invoke_class_control>
10007644:	e7c1      	b.n	100075ca <process_control_request+0x3a>
10007646:	0059      	lsls	r1, r3, #1
10007648:	18cb      	adds	r3, r1, r3
1000764a:	00db      	lsls	r3, r3, #3
1000764c:	4aae      	ldr	r2, [pc, #696]	; (10007908 <process_control_request+0x378>)
1000764e:	6811      	ldr	r1, [r2, #0]
10007650:	18c9      	adds	r1, r1, r3
10007652:	e7f0      	b.n	10007636 <process_control_request+0xa6>
10007654:	0020      	movs	r0, r4
10007656:	f000 fac7 	bl	10007be8 <usbd_control_set_request>
1000765a:	78a1      	ldrb	r1, [r4, #2]
1000765c:	0028      	movs	r0, r5
1000765e:	f7ff fb5d 	bl	10006d1c <dcd_set_address>
10007662:	4aa5      	ldr	r2, [pc, #660]	; (100078f8 <process_control_request+0x368>)
10007664:	7813      	ldrb	r3, [r2, #0]
10007666:	2102      	movs	r1, #2
10007668:	430b      	orrs	r3, r1
1000766a:	7013      	strb	r3, [r2, #0]
1000766c:	2001      	movs	r0, #1
1000766e:	e7ac      	b.n	100075ca <process_control_request+0x3a>
10007670:	4ba1      	ldr	r3, [pc, #644]	; (100078f8 <process_control_request+0x368>)
10007672:	785b      	ldrb	r3, [r3, #1]
10007674:	466a      	mov	r2, sp
10007676:	3206      	adds	r2, #6
10007678:	7013      	strb	r3, [r2, #0]
1000767a:	2301      	movs	r3, #1
1000767c:	0021      	movs	r1, r4
1000767e:	0028      	movs	r0, r5
10007680:	f000 fa68 	bl	10007b54 <tud_control_xfer>
10007684:	2001      	movs	r0, #1
10007686:	e7a0      	b.n	100075ca <process_control_request+0x3a>
10007688:	78a6      	ldrb	r6, [r4, #2]
1000768a:	4b9b      	ldr	r3, [pc, #620]	; (100078f8 <process_control_request+0x368>)
1000768c:	785b      	ldrb	r3, [r3, #1]
1000768e:	b2db      	uxtb	r3, r3
10007690:	42b3      	cmp	r3, r6
10007692:	d005      	beq.n	100076a0 <process_control_request+0x110>
10007694:	4b98      	ldr	r3, [pc, #608]	; (100078f8 <process_control_request+0x368>)
10007696:	785b      	ldrb	r3, [r3, #1]
10007698:	2b00      	cmp	r3, #0
1000769a:	d109      	bne.n	100076b0 <process_control_request+0x120>
1000769c:	2e00      	cmp	r6, #0
1000769e:	d113      	bne.n	100076c8 <process_control_request+0x138>
100076a0:	4b95      	ldr	r3, [pc, #596]	; (100078f8 <process_control_request+0x368>)
100076a2:	705e      	strb	r6, [r3, #1]
100076a4:	0021      	movs	r1, r4
100076a6:	0028      	movs	r0, r5
100076a8:	f000 fa38 	bl	10007b1c <tud_control_status>
100076ac:	2001      	movs	r0, #1
100076ae:	e78c      	b.n	100075ca <process_control_request+0x3a>
100076b0:	0028      	movs	r0, r5
100076b2:	f7ff fbbf 	bl	10006e34 <dcd_edpt_close_all>
100076b6:	4f90      	ldr	r7, [pc, #576]	; (100078f8 <process_control_request+0x368>)
100076b8:	78bb      	ldrb	r3, [r7, #2]
100076ba:	4698      	mov	r8, r3
100076bc:	0028      	movs	r0, r5
100076be:	f7ff fc4b 	bl	10006f58 <configuration_reset>
100076c2:	4643      	mov	r3, r8
100076c4:	70bb      	strb	r3, [r7, #2]
100076c6:	e7e9      	b.n	1000769c <process_control_request+0x10c>
100076c8:	0031      	movs	r1, r6
100076ca:	0028      	movs	r0, r5
100076cc:	f7ff fc9a 	bl	10007004 <process_set_config>
100076d0:	2800      	cmp	r0, #0
100076d2:	d1e5      	bne.n	100076a0 <process_control_request+0x110>
100076d4:	e779      	b.n	100075ca <process_control_request+0x3a>
100076d6:	0021      	movs	r1, r4
100076d8:	0028      	movs	r0, r5
100076da:	f7ff fd4f 	bl	1000717c <process_get_descriptor>
100076de:	e774      	b.n	100075ca <process_control_request+0x3a>
100076e0:	78a2      	ldrb	r2, [r4, #2]
100076e2:	78e3      	ldrb	r3, [r4, #3]
100076e4:	021b      	lsls	r3, r3, #8
100076e6:	4313      	orrs	r3, r2
100076e8:	2b01      	cmp	r3, #1
100076ea:	d001      	beq.n	100076f0 <process_control_request+0x160>
100076ec:	2000      	movs	r0, #0
100076ee:	e76c      	b.n	100075ca <process_control_request+0x3a>
100076f0:	4a81      	ldr	r2, [pc, #516]	; (100078f8 <process_control_request+0x368>)
100076f2:	7813      	ldrb	r3, [r2, #0]
100076f4:	2108      	movs	r1, #8
100076f6:	430b      	orrs	r3, r1
100076f8:	7013      	strb	r3, [r2, #0]
100076fa:	0021      	movs	r1, r4
100076fc:	0028      	movs	r0, r5
100076fe:	f000 fa0d 	bl	10007b1c <tud_control_status>
10007702:	2001      	movs	r0, #1
10007704:	e761      	b.n	100075ca <process_control_request+0x3a>
10007706:	78a2      	ldrb	r2, [r4, #2]
10007708:	78e3      	ldrb	r3, [r4, #3]
1000770a:	021b      	lsls	r3, r3, #8
1000770c:	4313      	orrs	r3, r2
1000770e:	2b01      	cmp	r3, #1
10007710:	d001      	beq.n	10007716 <process_control_request+0x186>
10007712:	2000      	movs	r0, #0
10007714:	e759      	b.n	100075ca <process_control_request+0x3a>
10007716:	4a78      	ldr	r2, [pc, #480]	; (100078f8 <process_control_request+0x368>)
10007718:	7813      	ldrb	r3, [r2, #0]
1000771a:	2108      	movs	r1, #8
1000771c:	438b      	bics	r3, r1
1000771e:	7013      	strb	r3, [r2, #0]
10007720:	0021      	movs	r1, r4
10007722:	0028      	movs	r0, r5
10007724:	f000 f9fa 	bl	10007b1c <tud_control_status>
10007728:	2001      	movs	r0, #1
1000772a:	e74e      	b.n	100075ca <process_control_request+0x3a>
1000772c:	4b72      	ldr	r3, [pc, #456]	; (100078f8 <process_control_request+0x368>)
1000772e:	781a      	ldrb	r2, [r3, #0]
10007730:	0951      	lsrs	r1, r2, #5
10007732:	0892      	lsrs	r2, r2, #2
10007734:	2301      	movs	r3, #1
10007736:	400b      	ands	r3, r1
10007738:	2102      	movs	r1, #2
1000773a:	400a      	ands	r2, r1
1000773c:	4313      	orrs	r3, r2
1000773e:	466a      	mov	r2, sp
10007740:	3206      	adds	r2, #6
10007742:	8013      	strh	r3, [r2, #0]
10007744:	2302      	movs	r3, #2
10007746:	0021      	movs	r1, r4
10007748:	0028      	movs	r0, r5
1000774a:	f000 fa03 	bl	10007b54 <tud_control_xfer>
1000774e:	2001      	movs	r0, #1
10007750:	e73b      	b.n	100075ca <process_control_request+0x3a>
10007752:	7923      	ldrb	r3, [r4, #4]
10007754:	2b0f      	cmp	r3, #15
10007756:	d900      	bls.n	1000775a <process_control_request+0x1ca>
10007758:	e0bd      	b.n	100078d6 <process_control_request+0x346>
1000775a:	4a67      	ldr	r2, [pc, #412]	; (100078f8 <process_control_request+0x368>)
1000775c:	18d3      	adds	r3, r2, r3
1000775e:	78d9      	ldrb	r1, [r3, #3]
10007760:	4b66      	ldr	r3, [pc, #408]	; (100078fc <process_control_request+0x36c>)
10007762:	2b00      	cmp	r3, #0
10007764:	d005      	beq.n	10007772 <process_control_request+0x1e2>
10007766:	4b66      	ldr	r3, [pc, #408]	; (10007900 <process_control_request+0x370>)
10007768:	781b      	ldrb	r3, [r3, #0]
1000776a:	4299      	cmp	r1, r3
1000776c:	d328      	bcc.n	100077c0 <process_control_request+0x230>
1000776e:	1ac9      	subs	r1, r1, r3
10007770:	b2c9      	uxtb	r1, r1
10007772:	2900      	cmp	r1, #0
10007774:	d000      	beq.n	10007778 <process_control_request+0x1e8>
10007776:	e0b0      	b.n	100078da <process_control_request+0x34a>
10007778:	004b      	lsls	r3, r1, #1
1000777a:	185b      	adds	r3, r3, r1
1000777c:	00db      	lsls	r3, r3, #3
1000777e:	4961      	ldr	r1, [pc, #388]	; (10007904 <process_control_request+0x374>)
10007780:	18c9      	adds	r1, r1, r3
10007782:	2900      	cmp	r1, #0
10007784:	d100      	bne.n	10007788 <process_control_request+0x1f8>
10007786:	e0aa      	b.n	100078de <process_control_request+0x34e>
10007788:	0022      	movs	r2, r4
1000778a:	0028      	movs	r0, r5
1000778c:	f7ff fc2c 	bl	10006fe8 <invoke_class_control>
10007790:	2800      	cmp	r0, #0
10007792:	d000      	beq.n	10007796 <process_control_request+0x206>
10007794:	e719      	b.n	100075ca <process_control_request+0x3a>
10007796:	7823      	ldrb	r3, [r4, #0]
10007798:	2260      	movs	r2, #96	; 0x60
1000779a:	421a      	tst	r2, r3
1000779c:	d000      	beq.n	100077a0 <process_control_request+0x210>
1000779e:	e714      	b.n	100075ca <process_control_request+0x3a>
100077a0:	7863      	ldrb	r3, [r4, #1]
100077a2:	3b0a      	subs	r3, #10
100077a4:	2b01      	cmp	r3, #1
100077a6:	d900      	bls.n	100077aa <process_control_request+0x21a>
100077a8:	e70f      	b.n	100075ca <process_control_request+0x3a>
100077aa:	f000 fa17 	bl	10007bdc <usbd_control_set_complete_callback>
100077ae:	7863      	ldrb	r3, [r4, #1]
100077b0:	2b0a      	cmp	r3, #10
100077b2:	d00c      	beq.n	100077ce <process_control_request+0x23e>
100077b4:	0021      	movs	r1, r4
100077b6:	0028      	movs	r0, r5
100077b8:	f000 f9b0 	bl	10007b1c <tud_control_status>
100077bc:	2001      	movs	r0, #1
100077be:	e704      	b.n	100075ca <process_control_request+0x3a>
100077c0:	004b      	lsls	r3, r1, #1
100077c2:	185b      	adds	r3, r3, r1
100077c4:	00db      	lsls	r3, r3, #3
100077c6:	4a50      	ldr	r2, [pc, #320]	; (10007908 <process_control_request+0x378>)
100077c8:	6811      	ldr	r1, [r2, #0]
100077ca:	18c9      	adds	r1, r1, r3
100077cc:	e7d9      	b.n	10007782 <process_control_request+0x1f2>
100077ce:	466b      	mov	r3, sp
100077d0:	1d9a      	adds	r2, r3, #6
100077d2:	2300      	movs	r3, #0
100077d4:	7013      	strb	r3, [r2, #0]
100077d6:	3301      	adds	r3, #1
100077d8:	0021      	movs	r1, r4
100077da:	0028      	movs	r0, r5
100077dc:	f000 f9ba 	bl	10007b54 <tud_control_xfer>
100077e0:	2001      	movs	r0, #1
100077e2:	e6f2      	b.n	100075ca <process_control_request+0x3a>
100077e4:	7921      	ldrb	r1, [r4, #4]
100077e6:	227f      	movs	r2, #127	; 0x7f
100077e8:	400a      	ands	r2, r1
100077ea:	09ce      	lsrs	r6, r1, #7
100077ec:	2070      	movs	r0, #112	; 0x70
100077ee:	4208      	tst	r0, r1
100077f0:	d177      	bne.n	100078e2 <process_control_request+0x352>
100077f2:	0052      	lsls	r2, r2, #1
100077f4:	4840      	ldr	r0, [pc, #256]	; (100078f8 <process_control_request+0x368>)
100077f6:	1882      	adds	r2, r0, r2
100077f8:	1992      	adds	r2, r2, r6
100077fa:	7cd2      	ldrb	r2, [r2, #19]
100077fc:	483f      	ldr	r0, [pc, #252]	; (100078fc <process_control_request+0x36c>)
100077fe:	2800      	cmp	r0, #0
10007800:	d005      	beq.n	1000780e <process_control_request+0x27e>
10007802:	483f      	ldr	r0, [pc, #252]	; (10007900 <process_control_request+0x370>)
10007804:	7800      	ldrb	r0, [r0, #0]
10007806:	4282      	cmp	r2, r0
10007808:	d312      	bcc.n	10007830 <process_control_request+0x2a0>
1000780a:	1a12      	subs	r2, r2, r0
1000780c:	b2d2      	uxtb	r2, r2
1000780e:	2a00      	cmp	r2, #0
10007810:	d115      	bne.n	1000783e <process_control_request+0x2ae>
10007812:	0056      	lsls	r6, r2, #1
10007814:	18b2      	adds	r2, r6, r2
10007816:	00d2      	lsls	r2, r2, #3
10007818:	4e3a      	ldr	r6, [pc, #232]	; (10007904 <process_control_request+0x374>)
1000781a:	18b6      	adds	r6, r6, r2
1000781c:	2b00      	cmp	r3, #0
1000781e:	d010      	beq.n	10007842 <process_control_request+0x2b2>
10007820:	2e00      	cmp	r6, #0
10007822:	d060      	beq.n	100078e6 <process_control_request+0x356>
10007824:	0022      	movs	r2, r4
10007826:	0031      	movs	r1, r6
10007828:	0028      	movs	r0, r5
1000782a:	f7ff fbdd 	bl	10006fe8 <invoke_class_control>
1000782e:	e6cc      	b.n	100075ca <process_control_request+0x3a>
10007830:	0056      	lsls	r6, r2, #1
10007832:	18b2      	adds	r2, r6, r2
10007834:	00d2      	lsls	r2, r2, #3
10007836:	4834      	ldr	r0, [pc, #208]	; (10007908 <process_control_request+0x378>)
10007838:	6806      	ldr	r6, [r0, #0]
1000783a:	18b6      	adds	r6, r6, r2
1000783c:	e7ee      	b.n	1000781c <process_control_request+0x28c>
1000783e:	2600      	movs	r6, #0
10007840:	e7ec      	b.n	1000781c <process_control_request+0x28c>
10007842:	7863      	ldrb	r3, [r4, #1]
10007844:	2b01      	cmp	r3, #1
10007846:	d012      	beq.n	1000786e <process_control_request+0x2de>
10007848:	2b03      	cmp	r3, #3
1000784a:	d010      	beq.n	1000786e <process_control_request+0x2de>
1000784c:	2b00      	cmp	r3, #0
1000784e:	d001      	beq.n	10007854 <process_control_request+0x2c4>
10007850:	2000      	movs	r0, #0
10007852:	e6ba      	b.n	100075ca <process_control_request+0x3a>
10007854:	0028      	movs	r0, r5
10007856:	f7ff fe8d 	bl	10007574 <usbd_edpt_stalled>
1000785a:	466b      	mov	r3, sp
1000785c:	1d9a      	adds	r2, r3, #6
1000785e:	8010      	strh	r0, [r2, #0]
10007860:	2302      	movs	r3, #2
10007862:	0021      	movs	r1, r4
10007864:	0028      	movs	r0, r5
10007866:	f000 f975 	bl	10007b54 <tud_control_xfer>
1000786a:	2001      	movs	r0, #1
1000786c:	e6ad      	b.n	100075ca <process_control_request+0x3a>
1000786e:	78a7      	ldrb	r7, [r4, #2]
10007870:	78e2      	ldrb	r2, [r4, #3]
10007872:	0212      	lsls	r2, r2, #8
10007874:	433a      	orrs	r2, r7
10007876:	d104      	bne.n	10007882 <process_control_request+0x2f2>
10007878:	2b01      	cmp	r3, #1
1000787a:	d01a      	beq.n	100078b2 <process_control_request+0x322>
1000787c:	0028      	movs	r0, r5
1000787e:	f7ff fe31 	bl	100074e4 <usbd_edpt_stall>
10007882:	2e00      	cmp	r6, #0
10007884:	d031      	beq.n	100078ea <process_control_request+0x35a>
10007886:	0022      	movs	r2, r4
10007888:	0031      	movs	r1, r6
1000788a:	0028      	movs	r0, r5
1000788c:	f7ff fbac 	bl	10006fe8 <invoke_class_control>
10007890:	2000      	movs	r0, #0
10007892:	f000 f9a3 	bl	10007bdc <usbd_control_set_complete_callback>
10007896:	4a18      	ldr	r2, [pc, #96]	; (100078f8 <process_control_request+0x368>)
10007898:	2334      	movs	r3, #52	; 0x34
1000789a:	5cd3      	ldrb	r3, [r2, r3]
1000789c:	07db      	lsls	r3, r3, #31
1000789e:	0fd8      	lsrs	r0, r3, #31
100078a0:	2b00      	cmp	r3, #0
100078a2:	d000      	beq.n	100078a6 <process_control_request+0x316>
100078a4:	e691      	b.n	100075ca <process_control_request+0x3a>
100078a6:	0021      	movs	r1, r4
100078a8:	0028      	movs	r0, r5
100078aa:	f000 f937 	bl	10007b1c <tud_control_status>
100078ae:	2001      	movs	r0, #1
100078b0:	e68b      	b.n	100075ca <process_control_request+0x3a>
100078b2:	0028      	movs	r0, r5
100078b4:	f7ff fe3a 	bl	1000752c <usbd_edpt_clear_stall>
100078b8:	e7e3      	b.n	10007882 <process_control_request+0x2f2>
100078ba:	2000      	movs	r0, #0
100078bc:	e685      	b.n	100075ca <process_control_request+0x3a>
100078be:	2000      	movs	r0, #0
100078c0:	e683      	b.n	100075ca <process_control_request+0x3a>
100078c2:	2000      	movs	r0, #0
100078c4:	e681      	b.n	100075ca <process_control_request+0x3a>
100078c6:	2000      	movs	r0, #0
100078c8:	e67f      	b.n	100075ca <process_control_request+0x3a>
100078ca:	2000      	movs	r0, #0
100078cc:	e67d      	b.n	100075ca <process_control_request+0x3a>
100078ce:	2000      	movs	r0, #0
100078d0:	e67b      	b.n	100075ca <process_control_request+0x3a>
100078d2:	2000      	movs	r0, #0
100078d4:	e679      	b.n	100075ca <process_control_request+0x3a>
100078d6:	2000      	movs	r0, #0
100078d8:	e677      	b.n	100075ca <process_control_request+0x3a>
100078da:	2000      	movs	r0, #0
100078dc:	e675      	b.n	100075ca <process_control_request+0x3a>
100078de:	2000      	movs	r0, #0
100078e0:	e673      	b.n	100075ca <process_control_request+0x3a>
100078e2:	2000      	movs	r0, #0
100078e4:	e671      	b.n	100075ca <process_control_request+0x3a>
100078e6:	2000      	movs	r0, #0
100078e8:	e66f      	b.n	100075ca <process_control_request+0x3a>
100078ea:	2001      	movs	r0, #1
100078ec:	e66d      	b.n	100075ca <process_control_request+0x3a>
100078ee:	46c0      	nop			; (mov r8, r8)
100078f0:	00000000 	.word	0x00000000
100078f4:	1000b3e4 	.word	0x1000b3e4
100078f8:	20001380 	.word	0x20001380
100078fc:	100065e9 	.word	0x100065e9
10007900:	20001d2d 	.word	0x20001d2d
10007904:	1000b430 	.word	0x1000b430
10007908:	20001028 	.word	0x20001028

1000790c <tud_task_ext>:
1000790c:	b530      	push	{r4, r5, lr}
1000790e:	b085      	sub	sp, #20
10007910:	f000 fce9 	bl	100082e6 <tusb_inited>
10007914:	2800      	cmp	r0, #0
10007916:	d108      	bne.n	1000792a <tud_task_ext+0x1e>
10007918:	b005      	add	sp, #20
1000791a:	bd30      	pop	{r4, r5, pc}
1000791c:	ac01      	add	r4, sp, #4
1000791e:	7820      	ldrb	r0, [r4, #0]
10007920:	f7ff fb5c 	bl	10006fdc <usbd_reset>
10007924:	7922      	ldrb	r2, [r4, #4]
10007926:	4b5d      	ldr	r3, [pc, #372]	; (10007a9c <tud_task_ext+0x190>)
10007928:	709a      	strb	r2, [r3, #2]
1000792a:	4b5d      	ldr	r3, [pc, #372]	; (10007aa0 <tud_task_ext+0x194>)
1000792c:	681c      	ldr	r4, [r3, #0]
1000792e:	0021      	movs	r1, r4
10007930:	3114      	adds	r1, #20
10007932:	6962      	ldr	r2, [r4, #20]
10007934:	f3ef 8010 	mrs	r0, PRIMASK
10007938:	b672      	cpsid	i
1000793a:	6813      	ldr	r3, [r2, #0]
1000793c:	2b00      	cmp	r3, #0
1000793e:	d0fc      	beq.n	1000793a <tud_task_ext+0x2e>
10007940:	f3bf 8f5f 	dmb	sy
10007944:	6048      	str	r0, [r1, #4]
10007946:	a901      	add	r1, sp, #4
10007948:	0020      	movs	r0, r4
1000794a:	f001 f84d 	bl	100089e8 <tu_fifo_read>
1000794e:	6962      	ldr	r2, [r4, #20]
10007950:	69a3      	ldr	r3, [r4, #24]
10007952:	f3bf 8f5f 	dmb	sy
10007956:	2100      	movs	r1, #0
10007958:	6011      	str	r1, [r2, #0]
1000795a:	f383 8810 	msr	PRIMASK, r3
1000795e:	2800      	cmp	r0, #0
10007960:	d0da      	beq.n	10007918 <tud_task_ext+0xc>
10007962:	ab01      	add	r3, sp, #4
10007964:	785b      	ldrb	r3, [r3, #1]
10007966:	2b08      	cmp	r3, #8
10007968:	d8df      	bhi.n	1000792a <tud_task_ext+0x1e>
1000796a:	009b      	lsls	r3, r3, #2
1000796c:	4a4d      	ldr	r2, [pc, #308]	; (10007aa4 <tud_task_ext+0x198>)
1000796e:	58d3      	ldr	r3, [r2, r3]
10007970:	469f      	mov	pc, r3
10007972:	ab01      	add	r3, sp, #4
10007974:	7818      	ldrb	r0, [r3, #0]
10007976:	f7ff fb31 	bl	10006fdc <usbd_reset>
1000797a:	4b4b      	ldr	r3, [pc, #300]	; (10007aa8 <tud_task_ext+0x19c>)
1000797c:	2b00      	cmp	r3, #0
1000797e:	d0d4      	beq.n	1000792a <tud_task_ext+0x1e>
10007980:	e000      	b.n	10007984 <tud_task_ext+0x78>
10007982:	bf00      	nop
10007984:	e7d1      	b.n	1000792a <tud_task_ext+0x1e>
10007986:	4b45      	ldr	r3, [pc, #276]	; (10007a9c <tud_task_ext+0x190>)
10007988:	781a      	ldrb	r2, [r3, #0]
1000798a:	2401      	movs	r4, #1
1000798c:	2101      	movs	r1, #1
1000798e:	430a      	orrs	r2, r1
10007990:	701a      	strb	r2, [r3, #0]
10007992:	2233      	movs	r2, #51	; 0x33
10007994:	5c99      	ldrb	r1, [r3, r2]
10007996:	43a1      	bics	r1, r4
10007998:	5499      	strb	r1, [r3, r2]
1000799a:	5c99      	ldrb	r1, [r3, r2]
1000799c:	2004      	movs	r0, #4
1000799e:	4381      	bics	r1, r0
100079a0:	5499      	strb	r1, [r3, r2]
100079a2:	3201      	adds	r2, #1
100079a4:	5c99      	ldrb	r1, [r3, r2]
100079a6:	43a1      	bics	r1, r4
100079a8:	5499      	strb	r1, [r3, r2]
100079aa:	5c99      	ldrb	r1, [r3, r2]
100079ac:	4381      	bics	r1, r0
100079ae:	5499      	strb	r1, [r3, r2]
100079b0:	ab01      	add	r3, sp, #4
100079b2:	7818      	ldrb	r0, [r3, #0]
100079b4:	a902      	add	r1, sp, #8
100079b6:	f7ff fdeb 	bl	10007590 <process_control_request>
100079ba:	2800      	cmp	r0, #0
100079bc:	d1b5      	bne.n	1000792a <tud_task_ext+0x1e>
100079be:	ac01      	add	r4, sp, #4
100079c0:	7820      	ldrb	r0, [r4, #0]
100079c2:	2100      	movs	r1, #0
100079c4:	f7ff fa54 	bl	10006e70 <dcd_edpt_stall>
100079c8:	7820      	ldrb	r0, [r4, #0]
100079ca:	2180      	movs	r1, #128	; 0x80
100079cc:	f7ff fa50 	bl	10006e70 <dcd_edpt_stall>
100079d0:	e7ab      	b.n	1000792a <tud_task_ext+0x1e>
100079d2:	ab01      	add	r3, sp, #4
100079d4:	7919      	ldrb	r1, [r3, #4]
100079d6:	227f      	movs	r2, #127	; 0x7f
100079d8:	400a      	ands	r2, r1
100079da:	09cc      	lsrs	r4, r1, #7
100079dc:	0050      	lsls	r0, r2, #1
100079de:	4b2f      	ldr	r3, [pc, #188]	; (10007a9c <tud_task_ext+0x190>)
100079e0:	181b      	adds	r3, r3, r0
100079e2:	191b      	adds	r3, r3, r4
100079e4:	3330      	adds	r3, #48	; 0x30
100079e6:	78d8      	ldrb	r0, [r3, #3]
100079e8:	2501      	movs	r5, #1
100079ea:	43a8      	bics	r0, r5
100079ec:	70d8      	strb	r0, [r3, #3]
100079ee:	78d8      	ldrb	r0, [r3, #3]
100079f0:	3503      	adds	r5, #3
100079f2:	43a8      	bics	r0, r5
100079f4:	70d8      	strb	r0, [r3, #3]
100079f6:	2a00      	cmp	r2, #0
100079f8:	d01f      	beq.n	10007a3a <tud_task_ext+0x12e>
100079fa:	0052      	lsls	r2, r2, #1
100079fc:	4b27      	ldr	r3, [pc, #156]	; (10007a9c <tud_task_ext+0x190>)
100079fe:	189a      	adds	r2, r3, r2
10007a00:	1912      	adds	r2, r2, r4
10007a02:	7cd3      	ldrb	r3, [r2, #19]
10007a04:	4a29      	ldr	r2, [pc, #164]	; (10007aac <tud_task_ext+0x1a0>)
10007a06:	2a00      	cmp	r2, #0
10007a08:	d005      	beq.n	10007a16 <tud_task_ext+0x10a>
10007a0a:	4a29      	ldr	r2, [pc, #164]	; (10007ab0 <tud_task_ext+0x1a4>)
10007a0c:	7812      	ldrb	r2, [r2, #0]
10007a0e:	4293      	cmp	r3, r2
10007a10:	d31a      	bcc.n	10007a48 <tud_task_ext+0x13c>
10007a12:	1a9b      	subs	r3, r3, r2
10007a14:	b2db      	uxtb	r3, r3
10007a16:	2b00      	cmp	r3, #0
10007a18:	d000      	beq.n	10007a1c <tud_task_ext+0x110>
10007a1a:	e77d      	b.n	10007918 <tud_task_ext+0xc>
10007a1c:	005a      	lsls	r2, r3, #1
10007a1e:	18d2      	adds	r2, r2, r3
10007a20:	00d2      	lsls	r2, r2, #3
10007a22:	4b24      	ldr	r3, [pc, #144]	; (10007ab4 <tud_task_ext+0x1a8>)
10007a24:	189b      	adds	r3, r3, r2
10007a26:	2b00      	cmp	r3, #0
10007a28:	d100      	bne.n	10007a2c <tud_task_ext+0x120>
10007a2a:	e775      	b.n	10007918 <tud_task_ext+0xc>
10007a2c:	691c      	ldr	r4, [r3, #16]
10007a2e:	a801      	add	r0, sp, #4
10007a30:	7942      	ldrb	r2, [r0, #5]
10007a32:	9b03      	ldr	r3, [sp, #12]
10007a34:	7800      	ldrb	r0, [r0, #0]
10007a36:	47a0      	blx	r4
10007a38:	e777      	b.n	1000792a <tud_task_ext+0x1e>
10007a3a:	a801      	add	r0, sp, #4
10007a3c:	7942      	ldrb	r2, [r0, #5]
10007a3e:	9b03      	ldr	r3, [sp, #12]
10007a40:	7800      	ldrb	r0, [r0, #0]
10007a42:	f000 f8df 	bl	10007c04 <usbd_control_xfer_cb>
10007a46:	e770      	b.n	1000792a <tud_task_ext+0x1e>
10007a48:	005a      	lsls	r2, r3, #1
10007a4a:	18d2      	adds	r2, r2, r3
10007a4c:	00d2      	lsls	r2, r2, #3
10007a4e:	4b1a      	ldr	r3, [pc, #104]	; (10007ab8 <tud_task_ext+0x1ac>)
10007a50:	681b      	ldr	r3, [r3, #0]
10007a52:	189b      	adds	r3, r3, r2
10007a54:	e7e7      	b.n	10007a26 <tud_task_ext+0x11a>
10007a56:	4b11      	ldr	r3, [pc, #68]	; (10007a9c <tud_task_ext+0x190>)
10007a58:	781b      	ldrb	r3, [r3, #0]
10007a5a:	07db      	lsls	r3, r3, #31
10007a5c:	d400      	bmi.n	10007a60 <tud_task_ext+0x154>
10007a5e:	e764      	b.n	1000792a <tud_task_ext+0x1e>
10007a60:	4b16      	ldr	r3, [pc, #88]	; (10007abc <tud_task_ext+0x1b0>)
10007a62:	2b00      	cmp	r3, #0
10007a64:	d100      	bne.n	10007a68 <tud_task_ext+0x15c>
10007a66:	e760      	b.n	1000792a <tud_task_ext+0x1e>
10007a68:	4b0c      	ldr	r3, [pc, #48]	; (10007a9c <tud_task_ext+0x190>)
10007a6a:	7818      	ldrb	r0, [r3, #0]
10007a6c:	0700      	lsls	r0, r0, #28
10007a6e:	0fc0      	lsrs	r0, r0, #31
10007a70:	e000      	b.n	10007a74 <tud_task_ext+0x168>
10007a72:	bf00      	nop
10007a74:	e759      	b.n	1000792a <tud_task_ext+0x1e>
10007a76:	4b09      	ldr	r3, [pc, #36]	; (10007a9c <tud_task_ext+0x190>)
10007a78:	781b      	ldrb	r3, [r3, #0]
10007a7a:	07db      	lsls	r3, r3, #31
10007a7c:	d400      	bmi.n	10007a80 <tud_task_ext+0x174>
10007a7e:	e754      	b.n	1000792a <tud_task_ext+0x1e>
10007a80:	4b0f      	ldr	r3, [pc, #60]	; (10007ac0 <tud_task_ext+0x1b4>)
10007a82:	2b00      	cmp	r3, #0
10007a84:	d100      	bne.n	10007a88 <tud_task_ext+0x17c>
10007a86:	e750      	b.n	1000792a <tud_task_ext+0x1e>
10007a88:	e000      	b.n	10007a8c <tud_task_ext+0x180>
10007a8a:	bf00      	nop
10007a8c:	e74d      	b.n	1000792a <tud_task_ext+0x1e>
10007a8e:	9b02      	ldr	r3, [sp, #8]
10007a90:	2b00      	cmp	r3, #0
10007a92:	d100      	bne.n	10007a96 <tud_task_ext+0x18a>
10007a94:	e749      	b.n	1000792a <tud_task_ext+0x1e>
10007a96:	9803      	ldr	r0, [sp, #12]
10007a98:	4798      	blx	r3
10007a9a:	e746      	b.n	1000792a <tud_task_ext+0x1e>
10007a9c:	20001380 	.word	0x20001380
10007aa0:	200013d8 	.word	0x200013d8
10007aa4:	1000b40c 	.word	0x1000b40c
10007aa8:	00000000 	.word	0x00000000
10007aac:	100065e9 	.word	0x100065e9
10007ab0:	20001d2d 	.word	0x20001d2d
10007ab4:	1000b430 	.word	0x1000b430
10007ab8:	20001028 	.word	0x20001028
	...

10007ac4 <_data_stage_xact>:
10007ac4:	b5f8      	push	{r3, r4, r5, r6, r7, lr}
10007ac6:	0005      	movs	r5, r0
10007ac8:	4b12      	ldr	r3, [pc, #72]	; (10007b14 <_data_stage_xact+0x50>)
10007aca:	899f      	ldrh	r7, [r3, #12]
10007acc:	89de      	ldrh	r6, [r3, #14]
10007ace:	1bb9      	subs	r1, r7, r6
10007ad0:	b289      	uxth	r1, r1
10007ad2:	1c0b      	adds	r3, r1, #0
10007ad4:	2940      	cmp	r1, #64	; 0x40
10007ad6:	d900      	bls.n	10007ada <_data_stage_xact+0x16>
10007ad8:	2340      	movs	r3, #64	; 0x40
10007ada:	b29c      	uxth	r4, r3
10007adc:	4b0d      	ldr	r3, [pc, #52]	; (10007b14 <_data_stage_xact+0x50>)
10007ade:	781b      	ldrb	r3, [r3, #0]
10007ae0:	b25b      	sxtb	r3, r3
10007ae2:	2b00      	cmp	r3, #0
10007ae4:	db08      	blt.n	10007af8 <_data_stage_xact+0x34>
10007ae6:	2100      	movs	r1, #0
10007ae8:	42b7      	cmp	r7, r6
10007aea:	d011      	beq.n	10007b10 <_data_stage_xact+0x4c>
10007aec:	4a0a      	ldr	r2, [pc, #40]	; (10007b18 <_data_stage_xact+0x54>)
10007aee:	0023      	movs	r3, r4
10007af0:	0028      	movs	r0, r5
10007af2:	f7ff fcbb 	bl	1000746c <usbd_edpt_xfer>
10007af6:	bdf8      	pop	{r3, r4, r5, r6, r7, pc}
10007af8:	42b7      	cmp	r7, r6
10007afa:	d101      	bne.n	10007b00 <_data_stage_xact+0x3c>
10007afc:	2180      	movs	r1, #128	; 0x80
10007afe:	e7f3      	b.n	10007ae8 <_data_stage_xact+0x24>
10007b00:	4b04      	ldr	r3, [pc, #16]	; (10007b14 <_data_stage_xact+0x50>)
10007b02:	6899      	ldr	r1, [r3, #8]
10007b04:	0022      	movs	r2, r4
10007b06:	4804      	ldr	r0, [pc, #16]	; (10007b18 <_data_stage_xact+0x54>)
10007b08:	f7fe fb9a 	bl	10006240 <__wrap___aeabi_memcpy>
10007b0c:	2180      	movs	r1, #128	; 0x80
10007b0e:	e7eb      	b.n	10007ae8 <_data_stage_xact+0x24>
10007b10:	2200      	movs	r2, #0
10007b12:	e7ec      	b.n	10007aee <_data_stage_xact+0x2a>
10007b14:	20001304 	.word	0x20001304
10007b18:	20001340 	.word	0x20001340

10007b1c <tud_control_status>:
10007b1c:	b570      	push	{r4, r5, r6, lr}
10007b1e:	0006      	movs	r6, r0
10007b20:	000c      	movs	r4, r1
10007b22:	4d0b      	ldr	r5, [pc, #44]	; (10007b50 <tud_control_status+0x34>)
10007b24:	2208      	movs	r2, #8
10007b26:	0028      	movs	r0, r5
10007b28:	f7fe fb8a 	bl	10006240 <__wrap___aeabi_memcpy>
10007b2c:	2300      	movs	r3, #0
10007b2e:	60ab      	str	r3, [r5, #8]
10007b30:	81eb      	strh	r3, [r5, #14]
10007b32:	81ab      	strh	r3, [r5, #12]
10007b34:	2300      	movs	r3, #0
10007b36:	56e3      	ldrsb	r3, [r4, r3]
10007b38:	2b00      	cmp	r3, #0
10007b3a:	db06      	blt.n	10007b4a <tud_control_status+0x2e>
10007b3c:	2180      	movs	r1, #128	; 0x80
10007b3e:	2300      	movs	r3, #0
10007b40:	2200      	movs	r2, #0
10007b42:	0030      	movs	r0, r6
10007b44:	f7ff fc92 	bl	1000746c <usbd_edpt_xfer>
10007b48:	bd70      	pop	{r4, r5, r6, pc}
10007b4a:	2100      	movs	r1, #0
10007b4c:	e7f7      	b.n	10007b3e <tud_control_status+0x22>
10007b4e:	46c0      	nop			; (mov r8, r8)
10007b50:	20001304 	.word	0x20001304

10007b54 <tud_control_xfer>:
10007b54:	b5f0      	push	{r4, r5, r6, r7, lr}
10007b56:	46c6      	mov	lr, r8
10007b58:	b500      	push	{lr}
10007b5a:	4680      	mov	r8, r0
10007b5c:	000c      	movs	r4, r1
10007b5e:	0016      	movs	r6, r2
10007b60:	001d      	movs	r5, r3
10007b62:	4f18      	ldr	r7, [pc, #96]	; (10007bc4 <tud_control_xfer+0x70>)
10007b64:	2208      	movs	r2, #8
10007b66:	0038      	movs	r0, r7
10007b68:	f7fe fb6a 	bl	10006240 <__wrap___aeabi_memcpy>
10007b6c:	60be      	str	r6, [r7, #8]
10007b6e:	2300      	movs	r3, #0
10007b70:	81fb      	strh	r3, [r7, #14]
10007b72:	79a3      	ldrb	r3, [r4, #6]
10007b74:	79e1      	ldrb	r1, [r4, #7]
10007b76:	0209      	lsls	r1, r1, #8
10007b78:	4319      	orrs	r1, r3
10007b7a:	1c0b      	adds	r3, r1, #0
10007b7c:	42a9      	cmp	r1, r5
10007b7e:	d900      	bls.n	10007b82 <tud_control_xfer+0x2e>
10007b80:	1c2b      	adds	r3, r5, #0
10007b82:	b299      	uxth	r1, r3
10007b84:	4a0f      	ldr	r2, [pc, #60]	; (10007bc4 <tud_control_xfer+0x70>)
10007b86:	8193      	strh	r3, [r2, #12]
10007b88:	79a2      	ldrb	r2, [r4, #6]
10007b8a:	79e3      	ldrb	r3, [r4, #7]
10007b8c:	021b      	lsls	r3, r3, #8
10007b8e:	4313      	orrs	r3, r2
10007b90:	d009      	beq.n	10007ba6 <tud_control_xfer+0x52>
10007b92:	2900      	cmp	r1, #0
10007b94:	d001      	beq.n	10007b9a <tud_control_xfer+0x46>
10007b96:	2e00      	cmp	r6, #0
10007b98:	d012      	beq.n	10007bc0 <tud_control_xfer+0x6c>
10007b9a:	4640      	mov	r0, r8
10007b9c:	f7ff ff92 	bl	10007ac4 <_data_stage_xact>
10007ba0:	bc80      	pop	{r7}
10007ba2:	46b8      	mov	r8, r7
10007ba4:	bdf0      	pop	{r4, r5, r6, r7, pc}
10007ba6:	2300      	movs	r3, #0
10007ba8:	56e3      	ldrsb	r3, [r4, r3]
10007baa:	2b00      	cmp	r3, #0
10007bac:	db06      	blt.n	10007bbc <tud_control_xfer+0x68>
10007bae:	2180      	movs	r1, #128	; 0x80
10007bb0:	2300      	movs	r3, #0
10007bb2:	2200      	movs	r2, #0
10007bb4:	4640      	mov	r0, r8
10007bb6:	f7ff fc59 	bl	1000746c <usbd_edpt_xfer>
10007bba:	e7f1      	b.n	10007ba0 <tud_control_xfer+0x4c>
10007bbc:	2100      	movs	r1, #0
10007bbe:	e7f7      	b.n	10007bb0 <tud_control_xfer+0x5c>
10007bc0:	2000      	movs	r0, #0
10007bc2:	e7ed      	b.n	10007ba0 <tud_control_xfer+0x4c>
10007bc4:	20001304 	.word	0x20001304

10007bc8 <usbd_control_reset>:
10007bc8:	b510      	push	{r4, lr}
10007bca:	2214      	movs	r2, #20
10007bcc:	2100      	movs	r1, #0
10007bce:	4802      	ldr	r0, [pc, #8]	; (10007bd8 <usbd_control_reset+0x10>)
10007bd0:	f7fe fb30 	bl	10006234 <__wrap_memset>
10007bd4:	bd10      	pop	{r4, pc}
10007bd6:	46c0      	nop			; (mov r8, r8)
10007bd8:	20001304 	.word	0x20001304

10007bdc <usbd_control_set_complete_callback>:
10007bdc:	4b01      	ldr	r3, [pc, #4]	; (10007be4 <usbd_control_set_complete_callback+0x8>)
10007bde:	6118      	str	r0, [r3, #16]
10007be0:	4770      	bx	lr
10007be2:	46c0      	nop			; (mov r8, r8)
10007be4:	20001304 	.word	0x20001304

10007be8 <usbd_control_set_request>:
10007be8:	b510      	push	{r4, lr}
10007bea:	0001      	movs	r1, r0
10007bec:	4c04      	ldr	r4, [pc, #16]	; (10007c00 <usbd_control_set_request+0x18>)
10007bee:	2208      	movs	r2, #8
10007bf0:	0020      	movs	r0, r4
10007bf2:	f7fe fb25 	bl	10006240 <__wrap___aeabi_memcpy>
10007bf6:	2300      	movs	r3, #0
10007bf8:	60a3      	str	r3, [r4, #8]
10007bfa:	81e3      	strh	r3, [r4, #14]
10007bfc:	81a3      	strh	r3, [r4, #12]
10007bfe:	bd10      	pop	{r4, pc}
10007c00:	20001304 	.word	0x20001304

10007c04 <usbd_control_xfer_cb>:
10007c04:	b570      	push	{r4, r5, r6, lr}
10007c06:	0005      	movs	r5, r0
10007c08:	001c      	movs	r4, r3
10007c0a:	09c9      	lsrs	r1, r1, #7
10007c0c:	4b2d      	ldr	r3, [pc, #180]	; (10007cc4 <usbd_control_xfer_cb+0xc0>)
10007c0e:	781b      	ldrb	r3, [r3, #0]
10007c10:	09db      	lsrs	r3, r3, #7
10007c12:	428b      	cmp	r3, r1
10007c14:	d011      	beq.n	10007c3a <usbd_control_xfer_cb+0x36>
10007c16:	2c00      	cmp	r4, #0
10007c18:	d150      	bne.n	10007cbc <usbd_control_xfer_cb+0xb8>
10007c1a:	4b2b      	ldr	r3, [pc, #172]	; (10007cc8 <usbd_control_xfer_cb+0xc4>)
10007c1c:	2b00      	cmp	r3, #0
10007c1e:	d002      	beq.n	10007c26 <usbd_control_xfer_cb+0x22>
10007c20:	4928      	ldr	r1, [pc, #160]	; (10007cc4 <usbd_control_xfer_cb+0xc0>)
10007c22:	f7ff f8d9 	bl	10006dd8 <dcd_edpt0_status_complete>
10007c26:	4b27      	ldr	r3, [pc, #156]	; (10007cc4 <usbd_control_xfer_cb+0xc0>)
10007c28:	691b      	ldr	r3, [r3, #16]
10007c2a:	2b00      	cmp	r3, #0
10007c2c:	d003      	beq.n	10007c36 <usbd_control_xfer_cb+0x32>
10007c2e:	4a25      	ldr	r2, [pc, #148]	; (10007cc4 <usbd_control_xfer_cb+0xc0>)
10007c30:	2103      	movs	r1, #3
10007c32:	0028      	movs	r0, r5
10007c34:	4798      	blx	r3
10007c36:	2001      	movs	r0, #1
10007c38:	bd70      	pop	{r4, r5, r6, pc}
10007c3a:	4b22      	ldr	r3, [pc, #136]	; (10007cc4 <usbd_control_xfer_cb+0xc0>)
10007c3c:	781b      	ldrb	r3, [r3, #0]
10007c3e:	b25b      	sxtb	r3, r3
10007c40:	2b00      	cmp	r3, #0
10007c42:	db07      	blt.n	10007c54 <usbd_control_xfer_cb+0x50>
10007c44:	4b1f      	ldr	r3, [pc, #124]	; (10007cc4 <usbd_control_xfer_cb+0xc0>)
10007c46:	6898      	ldr	r0, [r3, #8]
10007c48:	2800      	cmp	r0, #0
10007c4a:	d039      	beq.n	10007cc0 <usbd_control_xfer_cb+0xbc>
10007c4c:	0022      	movs	r2, r4
10007c4e:	491f      	ldr	r1, [pc, #124]	; (10007ccc <usbd_control_xfer_cb+0xc8>)
10007c50:	f7fe faf6 	bl	10006240 <__wrap___aeabi_memcpy>
10007c54:	b2a2      	uxth	r2, r4
10007c56:	491b      	ldr	r1, [pc, #108]	; (10007cc4 <usbd_control_xfer_cb+0xc0>)
10007c58:	89cb      	ldrh	r3, [r1, #14]
10007c5a:	18d3      	adds	r3, r2, r3
10007c5c:	b29b      	uxth	r3, r3
10007c5e:	81cb      	strh	r3, [r1, #14]
10007c60:	688a      	ldr	r2, [r1, #8]
10007c62:	1912      	adds	r2, r2, r4
10007c64:	608a      	str	r2, [r1, #8]
10007c66:	88ca      	ldrh	r2, [r1, #6]
10007c68:	4293      	cmp	r3, r2
10007c6a:	d001      	beq.n	10007c70 <usbd_control_xfer_cb+0x6c>
10007c6c:	2c3f      	cmp	r4, #63	; 0x3f
10007c6e:	d821      	bhi.n	10007cb4 <usbd_control_xfer_cb+0xb0>
10007c70:	4b14      	ldr	r3, [pc, #80]	; (10007cc4 <usbd_control_xfer_cb+0xc0>)
10007c72:	691b      	ldr	r3, [r3, #16]
10007c74:	2b00      	cmp	r3, #0
10007c76:	d005      	beq.n	10007c84 <usbd_control_xfer_cb+0x80>
10007c78:	4a12      	ldr	r2, [pc, #72]	; (10007cc4 <usbd_control_xfer_cb+0xc0>)
10007c7a:	2102      	movs	r1, #2
10007c7c:	0028      	movs	r0, r5
10007c7e:	4798      	blx	r3
10007c80:	2800      	cmp	r0, #0
10007c82:	d00d      	beq.n	10007ca0 <usbd_control_xfer_cb+0x9c>
10007c84:	4b0f      	ldr	r3, [pc, #60]	; (10007cc4 <usbd_control_xfer_cb+0xc0>)
10007c86:	781b      	ldrb	r3, [r3, #0]
10007c88:	b25b      	sxtb	r3, r3
10007c8a:	2b00      	cmp	r3, #0
10007c8c:	db06      	blt.n	10007c9c <usbd_control_xfer_cb+0x98>
10007c8e:	2180      	movs	r1, #128	; 0x80
10007c90:	2300      	movs	r3, #0
10007c92:	2200      	movs	r2, #0
10007c94:	0028      	movs	r0, r5
10007c96:	f7ff fbe9 	bl	1000746c <usbd_edpt_xfer>
10007c9a:	e7cd      	b.n	10007c38 <usbd_control_xfer_cb+0x34>
10007c9c:	2100      	movs	r1, #0
10007c9e:	e7f7      	b.n	10007c90 <usbd_control_xfer_cb+0x8c>
10007ca0:	2100      	movs	r1, #0
10007ca2:	0028      	movs	r0, r5
10007ca4:	f7ff f8e4 	bl	10006e70 <dcd_edpt_stall>
10007ca8:	2180      	movs	r1, #128	; 0x80
10007caa:	0028      	movs	r0, r5
10007cac:	f7ff f8e0 	bl	10006e70 <dcd_edpt_stall>
10007cb0:	2001      	movs	r0, #1
10007cb2:	e7c1      	b.n	10007c38 <usbd_control_xfer_cb+0x34>
10007cb4:	0028      	movs	r0, r5
10007cb6:	f7ff ff05 	bl	10007ac4 <_data_stage_xact>
10007cba:	e7bd      	b.n	10007c38 <usbd_control_xfer_cb+0x34>
10007cbc:	2000      	movs	r0, #0
10007cbe:	e7bb      	b.n	10007c38 <usbd_control_xfer_cb+0x34>
10007cc0:	2000      	movs	r0, #0
10007cc2:	e7b9      	b.n	10007c38 <usbd_control_xfer_cb+0x34>
10007cc4:	20001304 	.word	0x20001304
10007cc8:	10006dd9 	.word	0x10006dd9
10007ccc:	20001340 	.word	0x20001340

10007cd0 <_prep_out_transaction>:
10007cd0:	b570      	push	{r4, r5, r6, lr}
10007cd2:	0004      	movs	r4, r0
10007cd4:	0005      	movs	r5, r0
10007cd6:	3510      	adds	r5, #16
10007cd8:	0028      	movs	r0, r5
10007cda:	f000 fe6f 	bl	100089bc <tu_fifo_remaining>
10007cde:	283f      	cmp	r0, #63	; 0x3f
10007ce0:	d801      	bhi.n	10007ce6 <_prep_out_transaction+0x16>
10007ce2:	2000      	movs	r0, #0
10007ce4:	bd70      	pop	{r4, r5, r6, pc}
10007ce6:	78e1      	ldrb	r1, [r4, #3]
10007ce8:	2000      	movs	r0, #0
10007cea:	f7ff fb97 	bl	1000741c <usbd_edpt_claim>
10007cee:	2800      	cmp	r0, #0
10007cf0:	d0f8      	beq.n	10007ce4 <_prep_out_transaction+0x14>
10007cf2:	0028      	movs	r0, r5
10007cf4:	f000 fe62 	bl	100089bc <tu_fifo_remaining>
10007cf8:	283f      	cmp	r0, #63	; 0x3f
10007cfa:	d908      	bls.n	10007d0e <_prep_out_transaction+0x3e>
10007cfc:	2392      	movs	r3, #146	; 0x92
10007cfe:	009b      	lsls	r3, r3, #2
10007d00:	18e2      	adds	r2, r4, r3
10007d02:	78e1      	ldrb	r1, [r4, #3]
10007d04:	2340      	movs	r3, #64	; 0x40
10007d06:	2000      	movs	r0, #0
10007d08:	f7ff fbb0 	bl	1000746c <usbd_edpt_xfer>
10007d0c:	e7ea      	b.n	10007ce4 <_prep_out_transaction+0x14>
10007d0e:	78e1      	ldrb	r1, [r4, #3]
10007d10:	2000      	movs	r0, #0
10007d12:	f7ff fb97 	bl	10007444 <usbd_edpt_release>
10007d16:	2000      	movs	r0, #0
10007d18:	e7e4      	b.n	10007ce4 <_prep_out_transaction+0x14>
	...

10007d1c <tud_cdc_n_connected>:
10007d1c:	b510      	push	{r4, lr}
10007d1e:	0004      	movs	r4, r0
10007d20:	f7ff fa9a 	bl	10007258 <tud_mounted>
10007d24:	2800      	cmp	r0, #0
10007d26:	d10c      	bne.n	10007d42 <tud_cdc_n_connected+0x26>
10007d28:	2200      	movs	r2, #0
10007d2a:	2a00      	cmp	r2, #0
10007d2c:	d011      	beq.n	10007d52 <tud_cdc_n_connected+0x36>
10007d2e:	23b2      	movs	r3, #178	; 0xb2
10007d30:	009b      	lsls	r3, r3, #2
10007d32:	4363      	muls	r3, r4
10007d34:	4809      	ldr	r0, [pc, #36]	; (10007d5c <tud_cdc_n_connected+0x40>)
10007d36:	18c0      	adds	r0, r0, r3
10007d38:	7903      	ldrb	r3, [r0, #4]
10007d3a:	07db      	lsls	r3, r3, #31
10007d3c:	d50b      	bpl.n	10007d56 <tud_cdc_n_connected+0x3a>
10007d3e:	2001      	movs	r0, #1
10007d40:	e008      	b.n	10007d54 <tud_cdc_n_connected+0x38>
10007d42:	f7ff fa91 	bl	10007268 <tud_suspended>
10007d46:	2800      	cmp	r0, #0
10007d48:	d101      	bne.n	10007d4e <tud_cdc_n_connected+0x32>
10007d4a:	2201      	movs	r2, #1
10007d4c:	e7ed      	b.n	10007d2a <tud_cdc_n_connected+0xe>
10007d4e:	2200      	movs	r2, #0
10007d50:	e7eb      	b.n	10007d2a <tud_cdc_n_connected+0xe>
10007d52:	2000      	movs	r0, #0
10007d54:	bd10      	pop	{r4, pc}
10007d56:	2000      	movs	r0, #0
10007d58:	e7fc      	b.n	10007d54 <tud_cdc_n_connected+0x38>
10007d5a:	46c0      	nop			; (mov r8, r8)
10007d5c:	2000102c 	.word	0x2000102c

10007d60 <tud_cdc_n_available>:
10007d60:	b510      	push	{r4, lr}
10007d62:	23b2      	movs	r3, #178	; 0xb2
10007d64:	009b      	lsls	r3, r3, #2
10007d66:	4358      	muls	r0, r3
10007d68:	3010      	adds	r0, #16
10007d6a:	4b02      	ldr	r3, [pc, #8]	; (10007d74 <tud_cdc_n_available+0x14>)
10007d6c:	18c0      	adds	r0, r0, r3
10007d6e:	f000 fdf4 	bl	1000895a <tu_fifo_count>
10007d72:	bd10      	pop	{r4, pc}
10007d74:	2000102c 	.word	0x2000102c

10007d78 <tud_cdc_n_read>:
10007d78:	b570      	push	{r4, r5, r6, lr}
10007d7a:	23b2      	movs	r3, #178	; 0xb2
10007d7c:	009b      	lsls	r3, r3, #2
10007d7e:	4358      	muls	r0, r3
10007d80:	4b06      	ldr	r3, [pc, #24]	; (10007d9c <tud_cdc_n_read+0x24>)
10007d82:	18c5      	adds	r5, r0, r3
10007d84:	b292      	uxth	r2, r2
10007d86:	3010      	adds	r0, #16
10007d88:	18c0      	adds	r0, r0, r3
10007d8a:	f000 fe4e 	bl	10008a2a <tu_fifo_read_n>
10007d8e:	0004      	movs	r4, r0
10007d90:	0028      	movs	r0, r5
10007d92:	f7ff ff9d 	bl	10007cd0 <_prep_out_transaction>
10007d96:	0020      	movs	r0, r4
10007d98:	bd70      	pop	{r4, r5, r6, pc}
10007d9a:	46c0      	nop			; (mov r8, r8)
10007d9c:	2000102c 	.word	0x2000102c

10007da0 <tud_cdc_n_write_flush>:
10007da0:	b570      	push	{r4, r5, r6, lr}
10007da2:	0005      	movs	r5, r0
10007da4:	f7ff fa58 	bl	10007258 <tud_mounted>
10007da8:	2800      	cmp	r0, #0
10007daa:	d104      	bne.n	10007db6 <tud_cdc_n_write_flush+0x16>
10007dac:	2300      	movs	r3, #0
10007dae:	2b00      	cmp	r3, #0
10007db0:	d109      	bne.n	10007dc6 <tud_cdc_n_write_flush+0x26>
10007db2:	2000      	movs	r0, #0
10007db4:	bd70      	pop	{r4, r5, r6, pc}
10007db6:	f7ff fa57 	bl	10007268 <tud_suspended>
10007dba:	2800      	cmp	r0, #0
10007dbc:	d101      	bne.n	10007dc2 <tud_cdc_n_write_flush+0x22>
10007dbe:	2301      	movs	r3, #1
10007dc0:	e7f5      	b.n	10007dae <tud_cdc_n_write_flush+0xe>
10007dc2:	2300      	movs	r3, #0
10007dc4:	e7f3      	b.n	10007dae <tud_cdc_n_write_flush+0xe>
10007dc6:	24b2      	movs	r4, #178	; 0xb2
10007dc8:	00a4      	lsls	r4, r4, #2
10007dca:	436c      	muls	r4, r5
10007dcc:	3420      	adds	r4, #32
10007dce:	4b21      	ldr	r3, [pc, #132]	; (10007e54 <tud_cdc_n_write_flush+0xb4>)
10007dd0:	18e4      	adds	r4, r4, r3
10007dd2:	3404      	adds	r4, #4
10007dd4:	0020      	movs	r0, r4
10007dd6:	f000 fdc0 	bl	1000895a <tu_fifo_count>
10007dda:	2800      	cmp	r0, #0
10007ddc:	d101      	bne.n	10007de2 <tud_cdc_n_write_flush+0x42>
10007dde:	2000      	movs	r0, #0
10007de0:	e7e8      	b.n	10007db4 <tud_cdc_n_write_flush+0x14>
10007de2:	22b2      	movs	r2, #178	; 0xb2
10007de4:	0092      	lsls	r2, r2, #2
10007de6:	436a      	muls	r2, r5
10007de8:	4b1a      	ldr	r3, [pc, #104]	; (10007e54 <tud_cdc_n_write_flush+0xb4>)
10007dea:	189b      	adds	r3, r3, r2
10007dec:	7899      	ldrb	r1, [r3, #2]
10007dee:	2000      	movs	r0, #0
10007df0:	f7ff fb14 	bl	1000741c <usbd_edpt_claim>
10007df4:	2800      	cmp	r0, #0
10007df6:	d101      	bne.n	10007dfc <tud_cdc_n_write_flush+0x5c>
10007df8:	2000      	movs	r0, #0
10007dfa:	e7db      	b.n	10007db4 <tud_cdc_n_write_flush+0x14>
10007dfc:	26b2      	movs	r6, #178	; 0xb2
10007dfe:	00b6      	lsls	r6, r6, #2
10007e00:	436e      	muls	r6, r5
10007e02:	23a2      	movs	r3, #162	; 0xa2
10007e04:	009b      	lsls	r3, r3, #2
10007e06:	469c      	mov	ip, r3
10007e08:	4466      	add	r6, ip
10007e0a:	4b12      	ldr	r3, [pc, #72]	; (10007e54 <tud_cdc_n_write_flush+0xb4>)
10007e0c:	18f6      	adds	r6, r6, r3
10007e0e:	2240      	movs	r2, #64	; 0x40
10007e10:	0031      	movs	r1, r6
10007e12:	0020      	movs	r0, r4
10007e14:	f000 fe09 	bl	10008a2a <tu_fifo_read_n>
10007e18:	1e04      	subs	r4, r0, #0
10007e1a:	d00e      	beq.n	10007e3a <tud_cdc_n_write_flush+0x9a>
10007e1c:	20b2      	movs	r0, #178	; 0xb2
10007e1e:	0080      	lsls	r0, r0, #2
10007e20:	4368      	muls	r0, r5
10007e22:	4d0c      	ldr	r5, [pc, #48]	; (10007e54 <tud_cdc_n_write_flush+0xb4>)
10007e24:	182d      	adds	r5, r5, r0
10007e26:	78a9      	ldrb	r1, [r5, #2]
10007e28:	0023      	movs	r3, r4
10007e2a:	0032      	movs	r2, r6
10007e2c:	2000      	movs	r0, #0
10007e2e:	f7ff fb1d 	bl	1000746c <usbd_edpt_xfer>
10007e32:	2800      	cmp	r0, #0
10007e34:	d00c      	beq.n	10007e50 <tud_cdc_n_write_flush+0xb0>
10007e36:	0020      	movs	r0, r4
10007e38:	e7bc      	b.n	10007db4 <tud_cdc_n_write_flush+0x14>
10007e3a:	20b2      	movs	r0, #178	; 0xb2
10007e3c:	0080      	lsls	r0, r0, #2
10007e3e:	4368      	muls	r0, r5
10007e40:	4d04      	ldr	r5, [pc, #16]	; (10007e54 <tud_cdc_n_write_flush+0xb4>)
10007e42:	182d      	adds	r5, r5, r0
10007e44:	78a9      	ldrb	r1, [r5, #2]
10007e46:	2000      	movs	r0, #0
10007e48:	f7ff fafc 	bl	10007444 <usbd_edpt_release>
10007e4c:	2000      	movs	r0, #0
10007e4e:	e7b1      	b.n	10007db4 <tud_cdc_n_write_flush+0x14>
10007e50:	2000      	movs	r0, #0
10007e52:	e7af      	b.n	10007db4 <tud_cdc_n_write_flush+0x14>
10007e54:	2000102c 	.word	0x2000102c

10007e58 <tud_cdc_n_write>:
10007e58:	b570      	push	{r4, r5, r6, lr}
10007e5a:	0005      	movs	r5, r0
10007e5c:	24b2      	movs	r4, #178	; 0xb2
10007e5e:	00a4      	lsls	r4, r4, #2
10007e60:	4344      	muls	r4, r0
10007e62:	3420      	adds	r4, #32
10007e64:	4b09      	ldr	r3, [pc, #36]	; (10007e8c <tud_cdc_n_write+0x34>)
10007e66:	18e4      	adds	r4, r4, r3
10007e68:	3404      	adds	r4, #4
10007e6a:	b292      	uxth	r2, r2
10007e6c:	0020      	movs	r0, r4
10007e6e:	f000 fe13 	bl	10008a98 <tu_fifo_write_n>
10007e72:	0006      	movs	r6, r0
10007e74:	0020      	movs	r0, r4
10007e76:	f000 fd70 	bl	1000895a <tu_fifo_count>
10007e7a:	283f      	cmp	r0, #63	; 0x3f
10007e7c:	d801      	bhi.n	10007e82 <tud_cdc_n_write+0x2a>
10007e7e:	0030      	movs	r0, r6
10007e80:	bd70      	pop	{r4, r5, r6, pc}
10007e82:	0028      	movs	r0, r5
10007e84:	f7ff ff8c 	bl	10007da0 <tud_cdc_n_write_flush>
10007e88:	e7f9      	b.n	10007e7e <tud_cdc_n_write+0x26>
10007e8a:	46c0      	nop			; (mov r8, r8)
10007e8c:	2000102c 	.word	0x2000102c

10007e90 <tud_cdc_n_write_available>:
10007e90:	b510      	push	{r4, lr}
10007e92:	23b2      	movs	r3, #178	; 0xb2
10007e94:	009b      	lsls	r3, r3, #2
10007e96:	4358      	muls	r0, r3
10007e98:	3020      	adds	r0, #32
10007e9a:	4b03      	ldr	r3, [pc, #12]	; (10007ea8 <tud_cdc_n_write_available+0x18>)
10007e9c:	18c0      	adds	r0, r0, r3
10007e9e:	3004      	adds	r0, #4
10007ea0:	f000 fd8c 	bl	100089bc <tu_fifo_remaining>
10007ea4:	bd10      	pop	{r4, pc}
10007ea6:	46c0      	nop			; (mov r8, r8)
10007ea8:	2000102c 	.word	0x2000102c

10007eac <cdcd_init>:
10007eac:	b5f0      	push	{r4, r5, r6, r7, lr}
10007eae:	46ce      	mov	lr, r9
10007eb0:	4647      	mov	r7, r8
10007eb2:	b580      	push	{r7, lr}
10007eb4:	b083      	sub	sp, #12
10007eb6:	22b2      	movs	r2, #178	; 0xb2
10007eb8:	0092      	lsls	r2, r2, #2
10007eba:	2100      	movs	r1, #0
10007ebc:	4828      	ldr	r0, [pc, #160]	; (10007f60 <cdcd_init+0xb4>)
10007ebe:	f7fe f9b9 	bl	10006234 <__wrap_memset>
10007ec2:	2600      	movs	r6, #0
10007ec4:	2e00      	cmp	r6, #0
10007ec6:	d004      	beq.n	10007ed2 <cdcd_init+0x26>
10007ec8:	b003      	add	sp, #12
10007eca:	bcc0      	pop	{r6, r7}
10007ecc:	46b9      	mov	r9, r7
10007ece:	46b0      	mov	r8, r6
10007ed0:	bdf0      	pop	{r4, r5, r6, r7, pc}
10007ed2:	4f23      	ldr	r7, [pc, #140]	; (10007f60 <cdcd_init+0xb4>)
10007ed4:	24b2      	movs	r4, #178	; 0xb2
10007ed6:	00a4      	lsls	r4, r4, #2
10007ed8:	4374      	muls	r4, r6
10007eda:	193d      	adds	r5, r7, r4
10007edc:	23ff      	movs	r3, #255	; 0xff
10007ede:	716b      	strb	r3, [r5, #5]
10007ee0:	2300      	movs	r3, #0
10007ee2:	4698      	mov	r8, r3
10007ee4:	4a1f      	ldr	r2, [pc, #124]	; (10007f64 <cdcd_init+0xb8>)
10007ee6:	80ea      	strh	r2, [r5, #6]
10007ee8:	2201      	movs	r2, #1
10007eea:	812a      	strh	r2, [r5, #8]
10007eec:	72ab      	strb	r3, [r5, #10]
10007eee:	72eb      	strb	r3, [r5, #11]
10007ef0:	2308      	movs	r3, #8
10007ef2:	732b      	strb	r3, [r5, #12]
10007ef4:	0021      	movs	r1, r4
10007ef6:	3138      	adds	r1, #56	; 0x38
10007ef8:	19c9      	adds	r1, r1, r7
10007efa:	33f8      	adds	r3, #248	; 0xf8
10007efc:	4699      	mov	r9, r3
10007efe:	0020      	movs	r0, r4
10007f00:	3010      	adds	r0, #16
10007f02:	19c0      	adds	r0, r0, r7
10007f04:	4643      	mov	r3, r8
10007f06:	9300      	str	r3, [sp, #0]
10007f08:	3301      	adds	r3, #1
10007f0a:	464a      	mov	r2, r9
10007f0c:	f000 fce7 	bl	100088de <tu_fifo_config>
10007f10:	0021      	movs	r1, r4
10007f12:	3139      	adds	r1, #57	; 0x39
10007f14:	31ff      	adds	r1, #255	; 0xff
10007f16:	19c9      	adds	r1, r1, r7
10007f18:	0020      	movs	r0, r4
10007f1a:	3020      	adds	r0, #32
10007f1c:	19c0      	adds	r0, r0, r7
10007f1e:	3004      	adds	r0, #4
10007f20:	2301      	movs	r3, #1
10007f22:	9300      	str	r3, [sp, #0]
10007f24:	464a      	mov	r2, r9
10007f26:	f000 fcda 	bl	100088de <tu_fifo_config>
10007f2a:	238e      	movs	r3, #142	; 0x8e
10007f2c:	009b      	lsls	r3, r3, #2
10007f2e:	18e3      	adds	r3, r4, r3
10007f30:	4699      	mov	r9, r3
10007f32:	44b9      	add	r9, r7
10007f34:	4648      	mov	r0, r9
10007f36:	f7fb f819 	bl	10002f6c <mutex_init>
10007f3a:	4643      	mov	r3, r8
10007f3c:	61eb      	str	r3, [r5, #28]
10007f3e:	464b      	mov	r3, r9
10007f40:	622b      	str	r3, [r5, #32]
10007f42:	2390      	movs	r3, #144	; 0x90
10007f44:	009b      	lsls	r3, r3, #2
10007f46:	469c      	mov	ip, r3
10007f48:	4464      	add	r4, ip
10007f4a:	19e4      	adds	r4, r4, r7
10007f4c:	0020      	movs	r0, r4
10007f4e:	f7fb f80d 	bl	10002f6c <mutex_init>
10007f52:	632c      	str	r4, [r5, #48]	; 0x30
10007f54:	4643      	mov	r3, r8
10007f56:	636b      	str	r3, [r5, #52]	; 0x34
10007f58:	3601      	adds	r6, #1
10007f5a:	b2f6      	uxtb	r6, r6
10007f5c:	e7b2      	b.n	10007ec4 <cdcd_init+0x18>
10007f5e:	46c0      	nop			; (mov r8, r8)
10007f60:	2000102c 	.word	0x2000102c
10007f64:	ffffc200 	.word	0xffffc200

10007f68 <cdcd_reset>:
10007f68:	b570      	push	{r4, r5, r6, lr}
10007f6a:	2500      	movs	r5, #0
10007f6c:	2d00      	cmp	r5, #0
10007f6e:	d000      	beq.n	10007f72 <cdcd_reset+0xa>
10007f70:	bd70      	pop	{r4, r5, r6, pc}
10007f72:	24b2      	movs	r4, #178	; 0xb2
10007f74:	00a4      	lsls	r4, r4, #2
10007f76:	436c      	muls	r4, r5
10007f78:	4e0b      	ldr	r6, [pc, #44]	; (10007fa8 <cdcd_reset+0x40>)
10007f7a:	19a0      	adds	r0, r4, r6
10007f7c:	2205      	movs	r2, #5
10007f7e:	2100      	movs	r1, #0
10007f80:	f7fe f958 	bl	10006234 <__wrap_memset>
10007f84:	0020      	movs	r0, r4
10007f86:	3010      	adds	r0, #16
10007f88:	1980      	adds	r0, r0, r6
10007f8a:	f000 fd8a 	bl	10008aa2 <tu_fifo_clear>
10007f8e:	3420      	adds	r4, #32
10007f90:	19a4      	adds	r4, r4, r6
10007f92:	3404      	adds	r4, #4
10007f94:	0020      	movs	r0, r4
10007f96:	f000 fd84 	bl	10008aa2 <tu_fifo_clear>
10007f9a:	2101      	movs	r1, #1
10007f9c:	0020      	movs	r0, r4
10007f9e:	f000 fd9f 	bl	10008ae0 <tu_fifo_set_overwritable>
10007fa2:	3501      	adds	r5, #1
10007fa4:	b2ed      	uxtb	r5, r5
10007fa6:	e7e1      	b.n	10007f6c <cdcd_reset+0x4>
10007fa8:	2000102c 	.word	0x2000102c

10007fac <cdcd_open>:
10007fac:	b5f0      	push	{r4, r5, r6, r7, lr}
10007fae:	b083      	sub	sp, #12
10007fb0:	0006      	movs	r6, r0
10007fb2:	794b      	ldrb	r3, [r1, #5]
10007fb4:	2b02      	cmp	r3, #2
10007fb6:	d150      	bne.n	1000805a <cdcd_open+0xae>
10007fb8:	798b      	ldrb	r3, [r1, #6]
10007fba:	2b02      	cmp	r3, #2
10007fbc:	d151      	bne.n	10008062 <cdcd_open+0xb6>
10007fbe:	2300      	movs	r3, #0
10007fc0:	2b00      	cmp	r3, #0
10007fc2:	d008      	beq.n	10007fd6 <cdcd_open+0x2a>
10007fc4:	2700      	movs	r7, #0
10007fc6:	2f00      	cmp	r7, #0
10007fc8:	d04d      	beq.n	10008066 <cdcd_open+0xba>
10007fca:	788b      	ldrb	r3, [r1, #2]
10007fcc:	703b      	strb	r3, [r7, #0]
10007fce:	780c      	ldrb	r4, [r1, #0]
10007fd0:	190c      	adds	r4, r1, r4
10007fd2:	2509      	movs	r5, #9
10007fd4:	e011      	b.n	10007ffa <cdcd_open+0x4e>
10007fd6:	24b2      	movs	r4, #178	; 0xb2
10007fd8:	00a4      	lsls	r4, r4, #2
10007fda:	435c      	muls	r4, r3
10007fdc:	4825      	ldr	r0, [pc, #148]	; (10008074 <cdcd_open+0xc8>)
10007fde:	1900      	adds	r0, r0, r4
10007fe0:	7880      	ldrb	r0, [r0, #2]
10007fe2:	2800      	cmp	r0, #0
10007fe4:	d002      	beq.n	10007fec <cdcd_open+0x40>
10007fe6:	3301      	adds	r3, #1
10007fe8:	b2db      	uxtb	r3, r3
10007fea:	e7e9      	b.n	10007fc0 <cdcd_open+0x14>
10007fec:	4f21      	ldr	r7, [pc, #132]	; (10008074 <cdcd_open+0xc8>)
10007fee:	19e7      	adds	r7, r4, r7
10007ff0:	e7e9      	b.n	10007fc6 <cdcd_open+0x1a>
10007ff2:	7821      	ldrb	r1, [r4, #0]
10007ff4:	194d      	adds	r5, r1, r5
10007ff6:	b2ad      	uxth	r5, r5
10007ff8:	1864      	adds	r4, r4, r1
10007ffa:	7863      	ldrb	r3, [r4, #1]
10007ffc:	2b24      	cmp	r3, #36	; 0x24
10007ffe:	d101      	bne.n	10008004 <cdcd_open+0x58>
10008000:	4295      	cmp	r5, r2
10008002:	d9f6      	bls.n	10007ff2 <cdcd_open+0x46>
10008004:	2b05      	cmp	r3, #5
10008006:	d009      	beq.n	1000801c <cdcd_open+0x70>
10008008:	7863      	ldrb	r3, [r4, #1]
1000800a:	2b04      	cmp	r3, #4
1000800c:	d102      	bne.n	10008014 <cdcd_open+0x68>
1000800e:	7963      	ldrb	r3, [r4, #5]
10008010:	2b0a      	cmp	r3, #10
10008012:	d010      	beq.n	10008036 <cdcd_open+0x8a>
10008014:	0038      	movs	r0, r7
10008016:	f7ff fe5b 	bl	10007cd0 <_prep_out_transaction>
1000801a:	e01f      	b.n	1000805c <cdcd_open+0xb0>
1000801c:	0021      	movs	r1, r4
1000801e:	0030      	movs	r0, r6
10008020:	f7ff f9b0 	bl	10007384 <usbd_edpt_open>
10008024:	2800      	cmp	r0, #0
10008026:	d020      	beq.n	1000806a <cdcd_open+0xbe>
10008028:	78a3      	ldrb	r3, [r4, #2]
1000802a:	707b      	strb	r3, [r7, #1]
1000802c:	7822      	ldrb	r2, [r4, #0]
1000802e:	1955      	adds	r5, r2, r5
10008030:	b2ad      	uxth	r5, r5
10008032:	18a4      	adds	r4, r4, r2
10008034:	e7e8      	b.n	10008008 <cdcd_open+0x5c>
10008036:	7821      	ldrb	r1, [r4, #0]
10008038:	194d      	adds	r5, r1, r5
1000803a:	b2ad      	uxth	r5, r5
1000803c:	1861      	adds	r1, r4, r1
1000803e:	1cbb      	adds	r3, r7, #2
10008040:	9301      	str	r3, [sp, #4]
10008042:	1cfb      	adds	r3, r7, #3
10008044:	9300      	str	r3, [sp, #0]
10008046:	2302      	movs	r3, #2
10008048:	2202      	movs	r2, #2
1000804a:	0030      	movs	r0, r6
1000804c:	f7ff f9b4 	bl	100073b8 <usbd_open_edpt_pair>
10008050:	2800      	cmp	r0, #0
10008052:	d00c      	beq.n	1000806e <cdcd_open+0xc2>
10008054:	350e      	adds	r5, #14
10008056:	b2ad      	uxth	r5, r5
10008058:	e7dc      	b.n	10008014 <cdcd_open+0x68>
1000805a:	2500      	movs	r5, #0
1000805c:	0028      	movs	r0, r5
1000805e:	b003      	add	sp, #12
10008060:	bdf0      	pop	{r4, r5, r6, r7, pc}
10008062:	2500      	movs	r5, #0
10008064:	e7fa      	b.n	1000805c <cdcd_open+0xb0>
10008066:	2500      	movs	r5, #0
10008068:	e7f8      	b.n	1000805c <cdcd_open+0xb0>
1000806a:	2500      	movs	r5, #0
1000806c:	e7f6      	b.n	1000805c <cdcd_open+0xb0>
1000806e:	2500      	movs	r5, #0
10008070:	e7f4      	b.n	1000805c <cdcd_open+0xb0>
10008072:	46c0      	nop			; (mov r8, r8)
10008074:	2000102c 	.word	0x2000102c

10008078 <cdcd_control_xfer_cb>:
10008078:	b5f8      	push	{r3, r4, r5, r6, r7, lr}
1000807a:	0014      	movs	r4, r2
1000807c:	7812      	ldrb	r2, [r2, #0]
1000807e:	2360      	movs	r3, #96	; 0x60
10008080:	4013      	ands	r3, r2
10008082:	2b20      	cmp	r3, #32
10008084:	d000      	beq.n	10008088 <cdcd_control_xfer_cb+0x10>
10008086:	e07f      	b.n	10008188 <cdcd_control_xfer_cb+0x110>
10008088:	4a44      	ldr	r2, [pc, #272]	; (1000819c <cdcd_control_xfer_cb+0x124>)
1000808a:	2500      	movs	r5, #0
1000808c:	2d00      	cmp	r5, #0
1000808e:	d000      	beq.n	10008092 <cdcd_control_xfer_cb+0x1a>
10008090:	e07c      	b.n	1000818c <cdcd_control_xfer_cb+0x114>
10008092:	7816      	ldrb	r6, [r2, #0]
10008094:	7927      	ldrb	r7, [r4, #4]
10008096:	7963      	ldrb	r3, [r4, #5]
10008098:	021b      	lsls	r3, r3, #8
1000809a:	433b      	orrs	r3, r7
1000809c:	429e      	cmp	r6, r3
1000809e:	d006      	beq.n	100080ae <cdcd_control_xfer_cb+0x36>
100080a0:	3501      	adds	r5, #1
100080a2:	b2ed      	uxtb	r5, r5
100080a4:	23b2      	movs	r3, #178	; 0xb2
100080a6:	009b      	lsls	r3, r3, #2
100080a8:	469c      	mov	ip, r3
100080aa:	4462      	add	r2, ip
100080ac:	e7ee      	b.n	1000808c <cdcd_control_xfer_cb+0x14>
100080ae:	7863      	ldrb	r3, [r4, #1]
100080b0:	2b22      	cmp	r3, #34	; 0x22
100080b2:	d031      	beq.n	10008118 <cdcd_control_xfer_cb+0xa0>
100080b4:	d809      	bhi.n	100080ca <cdcd_control_xfer_cb+0x52>
100080b6:	2b20      	cmp	r3, #32
100080b8:	d011      	beq.n	100080de <cdcd_control_xfer_cb+0x66>
100080ba:	2b21      	cmp	r3, #33	; 0x21
100080bc:	d103      	bne.n	100080c6 <cdcd_control_xfer_cb+0x4e>
100080be:	2901      	cmp	r1, #1
100080c0:	d023      	beq.n	1000810a <cdcd_control_xfer_cb+0x92>
100080c2:	2001      	movs	r0, #1
100080c4:	e061      	b.n	1000818a <cdcd_control_xfer_cb+0x112>
100080c6:	2000      	movs	r0, #0
100080c8:	e05f      	b.n	1000818a <cdcd_control_xfer_cb+0x112>
100080ca:	2b23      	cmp	r3, #35	; 0x23
100080cc:	d105      	bne.n	100080da <cdcd_control_xfer_cb+0x62>
100080ce:	2901      	cmp	r1, #1
100080d0:	d049      	beq.n	10008166 <cdcd_control_xfer_cb+0xee>
100080d2:	2903      	cmp	r1, #3
100080d4:	d04c      	beq.n	10008170 <cdcd_control_xfer_cb+0xf8>
100080d6:	2001      	movs	r0, #1
100080d8:	e057      	b.n	1000818a <cdcd_control_xfer_cb+0x112>
100080da:	2000      	movs	r0, #0
100080dc:	e055      	b.n	1000818a <cdcd_control_xfer_cb+0x112>
100080de:	2901      	cmp	r1, #1
100080e0:	d003      	beq.n	100080ea <cdcd_control_xfer_cb+0x72>
100080e2:	2903      	cmp	r1, #3
100080e4:	d008      	beq.n	100080f8 <cdcd_control_xfer_cb+0x80>
100080e6:	2001      	movs	r0, #1
100080e8:	e04f      	b.n	1000818a <cdcd_control_xfer_cb+0x112>
100080ea:	3206      	adds	r2, #6
100080ec:	2307      	movs	r3, #7
100080ee:	0021      	movs	r1, r4
100080f0:	f7ff fd30 	bl	10007b54 <tud_control_xfer>
100080f4:	2001      	movs	r0, #1
100080f6:	e048      	b.n	1000818a <cdcd_control_xfer_cb+0x112>
100080f8:	4b29      	ldr	r3, [pc, #164]	; (100081a0 <cdcd_control_xfer_cb+0x128>)
100080fa:	2b00      	cmp	r3, #0
100080fc:	d048      	beq.n	10008190 <cdcd_control_xfer_cb+0x118>
100080fe:	1d91      	adds	r1, r2, #6
10008100:	0028      	movs	r0, r5
10008102:	f7fe fa77 	bl	100065f4 <tud_cdc_line_coding_cb>
10008106:	2001      	movs	r0, #1
10008108:	e03f      	b.n	1000818a <cdcd_control_xfer_cb+0x112>
1000810a:	3206      	adds	r2, #6
1000810c:	2307      	movs	r3, #7
1000810e:	0021      	movs	r1, r4
10008110:	f7ff fd20 	bl	10007b54 <tud_control_xfer>
10008114:	2001      	movs	r0, #1
10008116:	e038      	b.n	1000818a <cdcd_control_xfer_cb+0x112>
10008118:	2901      	cmp	r1, #1
1000811a:	d003      	beq.n	10008124 <cdcd_control_xfer_cb+0xac>
1000811c:	2903      	cmp	r1, #3
1000811e:	d006      	beq.n	1000812e <cdcd_control_xfer_cb+0xb6>
10008120:	2001      	movs	r0, #1
10008122:	e032      	b.n	1000818a <cdcd_control_xfer_cb+0x112>
10008124:	0021      	movs	r1, r4
10008126:	f7ff fcf9 	bl	10007b1c <tud_control_status>
1000812a:	2001      	movs	r0, #1
1000812c:	e02d      	b.n	1000818a <cdcd_control_xfer_cb+0x112>
1000812e:	78a1      	ldrb	r1, [r4, #2]
10008130:	78e3      	ldrb	r3, [r4, #3]
10008132:	021b      	lsls	r3, r3, #8
10008134:	430b      	orrs	r3, r1
10008136:	2001      	movs	r0, #1
10008138:	0019      	movs	r1, r3
1000813a:	4001      	ands	r1, r0
1000813c:	000e      	movs	r6, r1
1000813e:	085c      	lsrs	r4, r3, #1
10008140:	4004      	ands	r4, r0
10008142:	7113      	strb	r3, [r2, #4]
10008144:	424b      	negs	r3, r1
10008146:	4159      	adcs	r1, r3
10008148:	b2c9      	uxtb	r1, r1
1000814a:	3224      	adds	r2, #36	; 0x24
1000814c:	0010      	movs	r0, r2
1000814e:	f000 fcc7 	bl	10008ae0 <tu_fifo_set_overwritable>
10008152:	4b14      	ldr	r3, [pc, #80]	; (100081a4 <cdcd_control_xfer_cb+0x12c>)
10008154:	2b00      	cmp	r3, #0
10008156:	d01d      	beq.n	10008194 <cdcd_control_xfer_cb+0x11c>
10008158:	0022      	movs	r2, r4
1000815a:	0031      	movs	r1, r6
1000815c:	0028      	movs	r0, r5
1000815e:	e000      	b.n	10008162 <cdcd_control_xfer_cb+0xea>
10008160:	bf00      	nop
10008162:	2001      	movs	r0, #1
10008164:	e011      	b.n	1000818a <cdcd_control_xfer_cb+0x112>
10008166:	0021      	movs	r1, r4
10008168:	f7ff fcd8 	bl	10007b1c <tud_control_status>
1000816c:	2001      	movs	r0, #1
1000816e:	e00c      	b.n	1000818a <cdcd_control_xfer_cb+0x112>
10008170:	4b0d      	ldr	r3, [pc, #52]	; (100081a8 <cdcd_control_xfer_cb+0x130>)
10008172:	2b00      	cmp	r3, #0
10008174:	d010      	beq.n	10008198 <cdcd_control_xfer_cb+0x120>
10008176:	78a3      	ldrb	r3, [r4, #2]
10008178:	78e1      	ldrb	r1, [r4, #3]
1000817a:	0209      	lsls	r1, r1, #8
1000817c:	4319      	orrs	r1, r3
1000817e:	0028      	movs	r0, r5
10008180:	e000      	b.n	10008184 <cdcd_control_xfer_cb+0x10c>
10008182:	bf00      	nop
10008184:	2001      	movs	r0, #1
10008186:	e000      	b.n	1000818a <cdcd_control_xfer_cb+0x112>
10008188:	2000      	movs	r0, #0
1000818a:	bdf8      	pop	{r3, r4, r5, r6, r7, pc}
1000818c:	2000      	movs	r0, #0
1000818e:	e7fc      	b.n	1000818a <cdcd_control_xfer_cb+0x112>
10008190:	2001      	movs	r0, #1
10008192:	e7fa      	b.n	1000818a <cdcd_control_xfer_cb+0x112>
10008194:	2001      	movs	r0, #1
10008196:	e7f8      	b.n	1000818a <cdcd_control_xfer_cb+0x112>
10008198:	2001      	movs	r0, #1
1000819a:	e7f6      	b.n	1000818a <cdcd_control_xfer_cb+0x112>
1000819c:	2000102c 	.word	0x2000102c
100081a0:	100065f5 	.word	0x100065f5
	...

100081ac <cdcd_xfer_cb>:
100081ac:	b5f0      	push	{r4, r5, r6, r7, lr}
100081ae:	46d6      	mov	lr, sl
100081b0:	b500      	push	{lr}
100081b2:	b082      	sub	sp, #8
100081b4:	9001      	str	r0, [sp, #4]
100081b6:	000f      	movs	r7, r1
100081b8:	9300      	str	r3, [sp, #0]
100081ba:	2400      	movs	r4, #0
100081bc:	2c00      	cmp	r4, #0
100081be:	d00e      	beq.n	100081de <cdcd_xfer_cb+0x32>
100081c0:	2c00      	cmp	r4, #0
100081c2:	d000      	beq.n	100081c6 <cdcd_xfer_cb+0x1a>
100081c4:	e07c      	b.n	100082c0 <cdcd_xfer_cb+0x114>
100081c6:	78eb      	ldrb	r3, [r5, #3]
100081c8:	42bb      	cmp	r3, r7
100081ca:	d016      	beq.n	100081fa <cdcd_xfer_cb+0x4e>
100081cc:	78ab      	ldrb	r3, [r5, #2]
100081ce:	42bb      	cmp	r3, r7
100081d0:	d04d      	beq.n	1000826e <cdcd_xfer_cb+0xc2>
100081d2:	2401      	movs	r4, #1
100081d4:	0020      	movs	r0, r4
100081d6:	b002      	add	sp, #8
100081d8:	bc80      	pop	{r7}
100081da:	46ba      	mov	sl, r7
100081dc:	bdf0      	pop	{r4, r5, r6, r7, pc}
100081de:	25b2      	movs	r5, #178	; 0xb2
100081e0:	00ad      	lsls	r5, r5, #2
100081e2:	4365      	muls	r5, r4
100081e4:	4b39      	ldr	r3, [pc, #228]	; (100082cc <cdcd_xfer_cb+0x120>)
100081e6:	18ed      	adds	r5, r5, r3
100081e8:	78eb      	ldrb	r3, [r5, #3]
100081ea:	42bb      	cmp	r3, r7
100081ec:	d0e8      	beq.n	100081c0 <cdcd_xfer_cb+0x14>
100081ee:	78ab      	ldrb	r3, [r5, #2]
100081f0:	42bb      	cmp	r3, r7
100081f2:	d0e5      	beq.n	100081c0 <cdcd_xfer_cb+0x14>
100081f4:	3401      	adds	r4, #1
100081f6:	b2e4      	uxtb	r4, r4
100081f8:	e7e0      	b.n	100081bc <cdcd_xfer_cb+0x10>
100081fa:	2310      	movs	r3, #16
100081fc:	469a      	mov	sl, r3
100081fe:	44aa      	add	sl, r5
10008200:	2392      	movs	r3, #146	; 0x92
10008202:	009b      	lsls	r3, r3, #2
10008204:	18e9      	adds	r1, r5, r3
10008206:	466b      	mov	r3, sp
10008208:	881a      	ldrh	r2, [r3, #0]
1000820a:	4650      	mov	r0, sl
1000820c:	f000 fc44 	bl	10008a98 <tu_fifo_write_n>
10008210:	4b2f      	ldr	r3, [pc, #188]	; (100082d0 <cdcd_xfer_cb+0x124>)
10008212:	2b00      	cmp	r3, #0
10008214:	d01b      	beq.n	1000824e <cdcd_xfer_cb+0xa2>
10008216:	796b      	ldrb	r3, [r5, #5]
10008218:	2bff      	cmp	r3, #255	; 0xff
1000821a:	d018      	beq.n	1000824e <cdcd_xfer_cb+0xa2>
1000821c:	2600      	movs	r6, #0
1000821e:	e000      	b.n	10008222 <cdcd_xfer_cb+0x76>
10008220:	3601      	adds	r6, #1
10008222:	9b00      	ldr	r3, [sp, #0]
10008224:	429e      	cmp	r6, r3
10008226:	d212      	bcs.n	1000824e <cdcd_xfer_cb+0xa2>
10008228:	796a      	ldrb	r2, [r5, #5]
1000822a:	19ab      	adds	r3, r5, r6
1000822c:	2192      	movs	r1, #146	; 0x92
1000822e:	0089      	lsls	r1, r1, #2
10008230:	468c      	mov	ip, r1
10008232:	4463      	add	r3, ip
10008234:	781b      	ldrb	r3, [r3, #0]
10008236:	429a      	cmp	r2, r3
10008238:	d1f2      	bne.n	10008220 <cdcd_xfer_cb+0x74>
1000823a:	4650      	mov	r0, sl
1000823c:	f000 fba2 	bl	10008984 <tu_fifo_empty>
10008240:	2800      	cmp	r0, #0
10008242:	d1ed      	bne.n	10008220 <cdcd_xfer_cb+0x74>
10008244:	7969      	ldrb	r1, [r5, #5]
10008246:	0020      	movs	r0, r4
10008248:	e000      	b.n	1000824c <cdcd_xfer_cb+0xa0>
1000824a:	bf00      	nop
1000824c:	e7e8      	b.n	10008220 <cdcd_xfer_cb+0x74>
1000824e:	4b21      	ldr	r3, [pc, #132]	; (100082d4 <cdcd_xfer_cb+0x128>)
10008250:	2b00      	cmp	r3, #0
10008252:	d004      	beq.n	1000825e <cdcd_xfer_cb+0xb2>
10008254:	4650      	mov	r0, sl
10008256:	f000 fb95 	bl	10008984 <tu_fifo_empty>
1000825a:	2800      	cmp	r0, #0
1000825c:	d003      	beq.n	10008266 <cdcd_xfer_cb+0xba>
1000825e:	0028      	movs	r0, r5
10008260:	f7ff fd36 	bl	10007cd0 <_prep_out_transaction>
10008264:	e7b2      	b.n	100081cc <cdcd_xfer_cb+0x20>
10008266:	0020      	movs	r0, r4
10008268:	f7fe fa86 	bl	10006778 <tud_cdc_rx_cb>
1000826c:	e7f7      	b.n	1000825e <cdcd_xfer_cb+0xb2>
1000826e:	4b1a      	ldr	r3, [pc, #104]	; (100082d8 <cdcd_xfer_cb+0x12c>)
10008270:	2b00      	cmp	r3, #0
10008272:	d002      	beq.n	1000827a <cdcd_xfer_cb+0xce>
10008274:	0020      	movs	r0, r4
10008276:	e000      	b.n	1000827a <cdcd_xfer_cb+0xce>
10008278:	bf00      	nop
1000827a:	0020      	movs	r0, r4
1000827c:	f7ff fd90 	bl	10007da0 <tud_cdc_n_write_flush>
10008280:	2800      	cmp	r0, #0
10008282:	d001      	beq.n	10008288 <cdcd_xfer_cb+0xdc>
10008284:	2401      	movs	r4, #1
10008286:	e7a5      	b.n	100081d4 <cdcd_xfer_cb+0x28>
10008288:	0028      	movs	r0, r5
1000828a:	3024      	adds	r0, #36	; 0x24
1000828c:	f000 fb65 	bl	1000895a <tu_fifo_count>
10008290:	2800      	cmp	r0, #0
10008292:	d117      	bne.n	100082c4 <cdcd_xfer_cb+0x118>
10008294:	9b00      	ldr	r3, [sp, #0]
10008296:	2b00      	cmp	r3, #0
10008298:	d016      	beq.n	100082c8 <cdcd_xfer_cb+0x11c>
1000829a:	069b      	lsls	r3, r3, #26
1000829c:	d001      	beq.n	100082a2 <cdcd_xfer_cb+0xf6>
1000829e:	2401      	movs	r4, #1
100082a0:	e798      	b.n	100081d4 <cdcd_xfer_cb+0x28>
100082a2:	78a9      	ldrb	r1, [r5, #2]
100082a4:	9801      	ldr	r0, [sp, #4]
100082a6:	f7ff f8b9 	bl	1000741c <usbd_edpt_claim>
100082aa:	1e04      	subs	r4, r0, #0
100082ac:	d101      	bne.n	100082b2 <cdcd_xfer_cb+0x106>
100082ae:	2401      	movs	r4, #1
100082b0:	e790      	b.n	100081d4 <cdcd_xfer_cb+0x28>
100082b2:	78a9      	ldrb	r1, [r5, #2]
100082b4:	2300      	movs	r3, #0
100082b6:	2200      	movs	r2, #0
100082b8:	9801      	ldr	r0, [sp, #4]
100082ba:	f7ff f8d7 	bl	1000746c <usbd_edpt_xfer>
100082be:	e789      	b.n	100081d4 <cdcd_xfer_cb+0x28>
100082c0:	2400      	movs	r4, #0
100082c2:	e787      	b.n	100081d4 <cdcd_xfer_cb+0x28>
100082c4:	2401      	movs	r4, #1
100082c6:	e785      	b.n	100081d4 <cdcd_xfer_cb+0x28>
100082c8:	2401      	movs	r4, #1
100082ca:	e783      	b.n	100081d4 <cdcd_xfer_cb+0x28>
100082cc:	2000102c 	.word	0x2000102c
100082d0:	00000000 	.word	0x00000000
100082d4:	10006779 	.word	0x10006779
100082d8:	00000000 	.word	0x00000000

100082dc <tusb_init>:
100082dc:	b510      	push	{r4, lr}
100082de:	2000      	movs	r0, #0
100082e0:	f7fe ffd4 	bl	1000728c <tud_init>
100082e4:	bd10      	pop	{r4, pc}

100082e6 <tusb_inited>:
100082e6:	b510      	push	{r4, lr}
100082e8:	f7fe ffc6 	bl	10007278 <tud_inited>
100082ec:	2800      	cmp	r0, #0
100082ee:	d000      	beq.n	100082f2 <tusb_inited+0xc>
100082f0:	2001      	movs	r0, #1
100082f2:	bd10      	pop	{r4, pc}

100082f4 <tu_edpt_claim>:
100082f4:	b570      	push	{r4, r5, r6, lr}
100082f6:	0004      	movs	r4, r0
100082f8:	000d      	movs	r5, r1
100082fa:	7803      	ldrb	r3, [r0, #0]
100082fc:	07db      	lsls	r3, r3, #31
100082fe:	0fde      	lsrs	r6, r3, #31
10008300:	2b00      	cmp	r3, #0
10008302:	d11c      	bne.n	1000833e <tu_edpt_claim+0x4a>
10008304:	7803      	ldrb	r3, [r0, #0]
10008306:	075b      	lsls	r3, r3, #29
10008308:	d41a      	bmi.n	10008340 <tu_edpt_claim+0x4c>
1000830a:	2101      	movs	r1, #1
1000830c:	4249      	negs	r1, r1
1000830e:	0028      	movs	r0, r5
10008310:	f000 fe9e 	bl	10009050 <__mutex_enter_timeout_ms_veneer>
10008314:	7823      	ldrb	r3, [r4, #0]
10008316:	07db      	lsls	r3, r3, #31
10008318:	d404      	bmi.n	10008324 <tu_edpt_claim+0x30>
1000831a:	7823      	ldrb	r3, [r4, #0]
1000831c:	075b      	lsls	r3, r3, #29
1000831e:	d50c      	bpl.n	1000833a <tu_edpt_claim+0x46>
10008320:	2600      	movs	r6, #0
10008322:	e000      	b.n	10008326 <tu_edpt_claim+0x32>
10008324:	2600      	movs	r6, #0
10008326:	2e00      	cmp	r6, #0
10008328:	d003      	beq.n	10008332 <tu_edpt_claim+0x3e>
1000832a:	7823      	ldrb	r3, [r4, #0]
1000832c:	2204      	movs	r2, #4
1000832e:	4313      	orrs	r3, r2
10008330:	7023      	strb	r3, [r4, #0]
10008332:	0028      	movs	r0, r5
10008334:	f000 fe54 	bl	10008fe0 <__mutex_exit_veneer>
10008338:	e002      	b.n	10008340 <tu_edpt_claim+0x4c>
1000833a:	2601      	movs	r6, #1
1000833c:	e7f3      	b.n	10008326 <tu_edpt_claim+0x32>
1000833e:	2600      	movs	r6, #0
10008340:	0030      	movs	r0, r6
10008342:	bd70      	pop	{r4, r5, r6, pc}

10008344 <tu_edpt_release>:
10008344:	b570      	push	{r4, r5, r6, lr}
10008346:	0004      	movs	r4, r0
10008348:	000e      	movs	r6, r1
1000834a:	2101      	movs	r1, #1
1000834c:	4249      	negs	r1, r1
1000834e:	0030      	movs	r0, r6
10008350:	f000 fe7e 	bl	10009050 <__mutex_enter_timeout_ms_veneer>
10008354:	7823      	ldrb	r3, [r4, #0]
10008356:	075b      	lsls	r3, r3, #29
10008358:	d40b      	bmi.n	10008372 <tu_edpt_release+0x2e>
1000835a:	2500      	movs	r5, #0
1000835c:	2d00      	cmp	r5, #0
1000835e:	d003      	beq.n	10008368 <tu_edpt_release+0x24>
10008360:	7823      	ldrb	r3, [r4, #0]
10008362:	2204      	movs	r2, #4
10008364:	4393      	bics	r3, r2
10008366:	7023      	strb	r3, [r4, #0]
10008368:	0030      	movs	r0, r6
1000836a:	f000 fe39 	bl	10008fe0 <__mutex_exit_veneer>
1000836e:	0028      	movs	r0, r5
10008370:	bd70      	pop	{r4, r5, r6, pc}
10008372:	7823      	ldrb	r3, [r4, #0]
10008374:	07db      	lsls	r3, r3, #31
10008376:	d501      	bpl.n	1000837c <tu_edpt_release+0x38>
10008378:	2500      	movs	r5, #0
1000837a:	e7ef      	b.n	1000835c <tu_edpt_release+0x18>
1000837c:	2501      	movs	r5, #1
1000837e:	e7ed      	b.n	1000835c <tu_edpt_release+0x18>

10008380 <tu_edpt_validate>:
10008380:	b510      	push	{r4, lr}
10008382:	7904      	ldrb	r4, [r0, #4]
10008384:	7943      	ldrb	r3, [r0, #5]
10008386:	021b      	lsls	r3, r3, #8
10008388:	4323      	orrs	r3, r4
1000838a:	055b      	lsls	r3, r3, #21
1000838c:	0d5b      	lsrs	r3, r3, #21
1000838e:	78c2      	ldrb	r2, [r0, #3]
10008390:	0792      	lsls	r2, r2, #30
10008392:	0f92      	lsrs	r2, r2, #30
10008394:	2a02      	cmp	r2, #2
10008396:	d00f      	beq.n	100083b8 <tu_edpt_validate+0x38>
10008398:	2a03      	cmp	r2, #3
1000839a:	d019      	beq.n	100083d0 <tu_edpt_validate+0x50>
1000839c:	2a01      	cmp	r2, #1
1000839e:	d001      	beq.n	100083a4 <tu_edpt_validate+0x24>
100083a0:	2000      	movs	r0, #0
100083a2:	bd10      	pop	{r4, pc}
100083a4:	2902      	cmp	r1, #2
100083a6:	d004      	beq.n	100083b2 <tu_edpt_validate+0x32>
100083a8:	4a12      	ldr	r2, [pc, #72]	; (100083f4 <tu_edpt_validate+0x74>)
100083aa:	429a      	cmp	r2, r3
100083ac:	d31a      	bcc.n	100083e4 <tu_edpt_validate+0x64>
100083ae:	2001      	movs	r0, #1
100083b0:	e7f7      	b.n	100083a2 <tu_edpt_validate+0x22>
100083b2:	2280      	movs	r2, #128	; 0x80
100083b4:	00d2      	lsls	r2, r2, #3
100083b6:	e7f8      	b.n	100083aa <tu_edpt_validate+0x2a>
100083b8:	2902      	cmp	r1, #2
100083ba:	d003      	beq.n	100083c4 <tu_edpt_validate+0x44>
100083bc:	2b40      	cmp	r3, #64	; 0x40
100083be:	d815      	bhi.n	100083ec <tu_edpt_validate+0x6c>
100083c0:	2001      	movs	r0, #1
100083c2:	e7ee      	b.n	100083a2 <tu_edpt_validate+0x22>
100083c4:	2280      	movs	r2, #128	; 0x80
100083c6:	0092      	lsls	r2, r2, #2
100083c8:	4293      	cmp	r3, r2
100083ca:	d10d      	bne.n	100083e8 <tu_edpt_validate+0x68>
100083cc:	2001      	movs	r0, #1
100083ce:	e7e8      	b.n	100083a2 <tu_edpt_validate+0x22>
100083d0:	2902      	cmp	r1, #2
100083d2:	d004      	beq.n	100083de <tu_edpt_validate+0x5e>
100083d4:	2240      	movs	r2, #64	; 0x40
100083d6:	429a      	cmp	r2, r3
100083d8:	d30a      	bcc.n	100083f0 <tu_edpt_validate+0x70>
100083da:	2001      	movs	r0, #1
100083dc:	e7e1      	b.n	100083a2 <tu_edpt_validate+0x22>
100083de:	2280      	movs	r2, #128	; 0x80
100083e0:	00d2      	lsls	r2, r2, #3
100083e2:	e7f8      	b.n	100083d6 <tu_edpt_validate+0x56>
100083e4:	2000      	movs	r0, #0
100083e6:	e7dc      	b.n	100083a2 <tu_edpt_validate+0x22>
100083e8:	2000      	movs	r0, #0
100083ea:	e7da      	b.n	100083a2 <tu_edpt_validate+0x22>
100083ec:	2000      	movs	r0, #0
100083ee:	e7d8      	b.n	100083a2 <tu_edpt_validate+0x22>
100083f0:	2000      	movs	r0, #0
100083f2:	e7d6      	b.n	100083a2 <tu_edpt_validate+0x22>
100083f4:	000003ff 	.word	0x000003ff

100083f8 <tu_edpt_bind_driver>:
100083f8:	b530      	push	{r4, r5, lr}
100083fa:	188a      	adds	r2, r1, r2
100083fc:	e001      	b.n	10008402 <tu_edpt_bind_driver+0xa>
100083fe:	780c      	ldrb	r4, [r1, #0]
10008400:	1909      	adds	r1, r1, r4
10008402:	4291      	cmp	r1, r2
10008404:	d20a      	bcs.n	1000841c <tu_edpt_bind_driver+0x24>
10008406:	784c      	ldrb	r4, [r1, #1]
10008408:	2c05      	cmp	r4, #5
1000840a:	d1f8      	bne.n	100083fe <tu_edpt_bind_driver+0x6>
1000840c:	788d      	ldrb	r5, [r1, #2]
1000840e:	347a      	adds	r4, #122	; 0x7a
10008410:	402c      	ands	r4, r5
10008412:	0064      	lsls	r4, r4, #1
10008414:	1904      	adds	r4, r0, r4
10008416:	09ed      	lsrs	r5, r5, #7
10008418:	5563      	strb	r3, [r4, r5]
1000841a:	e7f0      	b.n	100083fe <tu_edpt_bind_driver+0x6>
1000841c:	bd30      	pop	{r4, r5, pc}

1000841e <advance_index>:
1000841e:	0003      	movs	r3, r0
10008420:	188a      	adds	r2, r1, r2
10008422:	b290      	uxth	r0, r2
10008424:	4281      	cmp	r1, r0
10008426:	d802      	bhi.n	1000842e <advance_index+0x10>
10008428:	005a      	lsls	r2, r3, #1
1000842a:	4290      	cmp	r0, r2
1000842c:	db03      	blt.n	10008436 <advance_index+0x18>
1000842e:	005b      	lsls	r3, r3, #1
10008430:	b29b      	uxth	r3, r3
10008432:	1ac0      	subs	r0, r0, r3
10008434:	b280      	uxth	r0, r0
10008436:	4770      	bx	lr

10008438 <_tu_fifo_peek>:
10008438:	b570      	push	{r4, r5, r6, lr}
1000843a:	0005      	movs	r5, r0
1000843c:	0008      	movs	r0, r1
1000843e:	88ac      	ldrh	r4, [r5, #4]
10008440:	429a      	cmp	r2, r3
10008442:	d30b      	bcc.n	1000845c <_tu_fifo_peek+0x24>
10008444:	1ad1      	subs	r1, r2, r3
10008446:	b289      	uxth	r1, r1
10008448:	2900      	cmp	r1, #0
1000844a:	d01e      	beq.n	1000848a <_tu_fifo_peek+0x52>
1000844c:	428c      	cmp	r4, r1
1000844e:	d210      	bcs.n	10008472 <_tu_fifo_peek+0x3a>
10008450:	4294      	cmp	r4, r2
10008452:	d809      	bhi.n	10008468 <_tu_fifo_peek+0x30>
10008454:	1b13      	subs	r3, r2, r4
10008456:	b29b      	uxth	r3, r3
10008458:	816b      	strh	r3, [r5, #10]
1000845a:	e00a      	b.n	10008472 <_tu_fifo_peek+0x3a>
1000845c:	1ad1      	subs	r1, r2, r3
1000845e:	b289      	uxth	r1, r1
10008460:	0066      	lsls	r6, r4, #1
10008462:	1989      	adds	r1, r1, r6
10008464:	b289      	uxth	r1, r1
10008466:	e7ef      	b.n	10008448 <_tu_fifo_peek+0x10>
10008468:	18a2      	adds	r2, r4, r2
1000846a:	b293      	uxth	r3, r2
1000846c:	e7f4      	b.n	10008458 <_tu_fifo_peek+0x20>
1000846e:	1b1b      	subs	r3, r3, r4
10008470:	b29b      	uxth	r3, r3
10008472:	429c      	cmp	r4, r3
10008474:	d9fb      	bls.n	1000846e <_tu_fifo_peek+0x36>
10008476:	6829      	ldr	r1, [r5, #0]
10008478:	88ea      	ldrh	r2, [r5, #6]
1000847a:	0452      	lsls	r2, r2, #17
1000847c:	0c52      	lsrs	r2, r2, #17
1000847e:	4353      	muls	r3, r2
10008480:	18c9      	adds	r1, r1, r3
10008482:	f7fd fedd 	bl	10006240 <__wrap___aeabi_memcpy>
10008486:	2001      	movs	r0, #1
10008488:	bd70      	pop	{r4, r5, r6, pc}
1000848a:	2000      	movs	r0, #0
1000848c:	e7fc      	b.n	10008488 <_tu_fifo_peek+0x50>

1000848e <_ff_pull_const_addr>:
1000848e:	b5f0      	push	{r4, r5, r6, r7, lr}
10008490:	b083      	sub	sp, #12
10008492:	0006      	movs	r6, r0
10008494:	0893      	lsrs	r3, r2, #2
10008496:	e00c      	b.n	100084b2 <_ff_pull_const_addr+0x24>
10008498:	780b      	ldrb	r3, [r1, #0]
1000849a:	784d      	ldrb	r5, [r1, #1]
1000849c:	022d      	lsls	r5, r5, #8
1000849e:	431d      	orrs	r5, r3
100084a0:	788c      	ldrb	r4, [r1, #2]
100084a2:	0424      	lsls	r4, r4, #16
100084a4:	4325      	orrs	r5, r4
100084a6:	78cb      	ldrb	r3, [r1, #3]
100084a8:	061b      	lsls	r3, r3, #24
100084aa:	432b      	orrs	r3, r5
100084ac:	6033      	str	r3, [r6, #0]
100084ae:	3104      	adds	r1, #4
100084b0:	003b      	movs	r3, r7
100084b2:	1e5f      	subs	r7, r3, #1
100084b4:	b2bf      	uxth	r7, r7
100084b6:	2b00      	cmp	r3, #0
100084b8:	d1ee      	bne.n	10008498 <_ff_pull_const_addr+0xa>
100084ba:	3303      	adds	r3, #3
100084bc:	0010      	movs	r0, r2
100084be:	4018      	ands	r0, r3
100084c0:	421a      	tst	r2, r3
100084c2:	d101      	bne.n	100084c8 <_ff_pull_const_addr+0x3a>
100084c4:	b003      	add	sp, #12
100084c6:	bdf0      	pop	{r4, r5, r6, r7, pc}
100084c8:	2300      	movs	r3, #0
100084ca:	9301      	str	r3, [sp, #4]
100084cc:	0002      	movs	r2, r0
100084ce:	a801      	add	r0, sp, #4
100084d0:	f7fd feb6 	bl	10006240 <__wrap___aeabi_memcpy>
100084d4:	9b01      	ldr	r3, [sp, #4]
100084d6:	6033      	str	r3, [r6, #0]
100084d8:	e7f4      	b.n	100084c4 <_ff_pull_const_addr+0x36>

100084da <_ff_pull_n>:
100084da:	b5f0      	push	{r4, r5, r6, r7, lr}
100084dc:	46de      	mov	lr, fp
100084de:	4657      	mov	r7, sl
100084e0:	464e      	mov	r6, r9
100084e2:	4645      	mov	r5, r8
100084e4:	b5e0      	push	{r5, r6, r7, lr}
100084e6:	b083      	sub	sp, #12
100084e8:	0005      	movs	r5, r0
100084ea:	468a      	mov	sl, r1
100084ec:	a90c      	add	r1, sp, #48	; 0x30
100084ee:	7809      	ldrb	r1, [r1, #0]
100084f0:	8884      	ldrh	r4, [r0, #4]
100084f2:	1ae0      	subs	r0, r4, r3
100084f4:	b280      	uxth	r0, r0
100084f6:	1b1c      	subs	r4, r3, r4
100084f8:	1914      	adds	r4, r2, r4
100084fa:	b2a4      	uxth	r4, r4
100084fc:	88ef      	ldrh	r7, [r5, #6]
100084fe:	047f      	lsls	r7, r7, #17
10008500:	0c7e      	lsrs	r6, r7, #17
10008502:	0007      	movs	r7, r0
10008504:	4377      	muls	r7, r6
10008506:	b2bf      	uxth	r7, r7
10008508:	4374      	muls	r4, r6
1000850a:	b2a4      	uxth	r4, r4
1000850c:	46a3      	mov	fp, r4
1000850e:	4373      	muls	r3, r6
10008510:	682c      	ldr	r4, [r5, #0]
10008512:	46a0      	mov	r8, r4
10008514:	4498      	add	r8, r3
10008516:	2900      	cmp	r1, #0
10008518:	d008      	beq.n	1000852c <_ff_pull_n+0x52>
1000851a:	2901      	cmp	r1, #1
1000851c:	d01a      	beq.n	10008554 <_ff_pull_n+0x7a>
1000851e:	b003      	add	sp, #12
10008520:	bcf0      	pop	{r4, r5, r6, r7}
10008522:	46bb      	mov	fp, r7
10008524:	46b2      	mov	sl, r6
10008526:	46a9      	mov	r9, r5
10008528:	46a0      	mov	r8, r4
1000852a:	bdf0      	pop	{r4, r5, r6, r7, pc}
1000852c:	4290      	cmp	r0, r2
1000852e:	d305      	bcc.n	1000853c <_ff_pull_n+0x62>
10008530:	4372      	muls	r2, r6
10008532:	4641      	mov	r1, r8
10008534:	4650      	mov	r0, sl
10008536:	f7fd fe83 	bl	10006240 <__wrap___aeabi_memcpy>
1000853a:	e7f0      	b.n	1000851e <_ff_pull_n+0x44>
1000853c:	003a      	movs	r2, r7
1000853e:	4641      	mov	r1, r8
10008540:	4650      	mov	r0, sl
10008542:	f7fd fe7d 	bl	10006240 <__wrap___aeabi_memcpy>
10008546:	6829      	ldr	r1, [r5, #0]
10008548:	0038      	movs	r0, r7
1000854a:	4450      	add	r0, sl
1000854c:	465a      	mov	r2, fp
1000854e:	f7fd fe77 	bl	10006240 <__wrap___aeabi_memcpy>
10008552:	e7e4      	b.n	1000851e <_ff_pull_n+0x44>
10008554:	4290      	cmp	r0, r2
10008556:	d306      	bcc.n	10008566 <_ff_pull_n+0x8c>
10008558:	4372      	muls	r2, r6
1000855a:	b292      	uxth	r2, r2
1000855c:	4641      	mov	r1, r8
1000855e:	4650      	mov	r0, sl
10008560:	f7ff ff95 	bl	1000848e <_ff_pull_const_addr>
10008564:	e7db      	b.n	1000851e <_ff_pull_n+0x44>
10008566:	2303      	movs	r3, #3
10008568:	003a      	movs	r2, r7
1000856a:	439a      	bics	r2, r3
1000856c:	4691      	mov	r9, r2
1000856e:	4641      	mov	r1, r8
10008570:	4650      	mov	r0, sl
10008572:	f7ff ff8c 	bl	1000848e <_ff_pull_const_addr>
10008576:	4643      	mov	r3, r8
10008578:	444b      	add	r3, r9
1000857a:	2103      	movs	r1, #3
1000857c:	003a      	movs	r2, r7
1000857e:	400a      	ands	r2, r1
10008580:	420f      	tst	r7, r1
10008582:	d030      	beq.n	100085e6 <_ff_pull_n+0x10c>
10008584:	2104      	movs	r1, #4
10008586:	1a89      	subs	r1, r1, r2
10008588:	b289      	uxth	r1, r1
1000858a:	1c08      	adds	r0, r1, #0
1000858c:	4559      	cmp	r1, fp
1000858e:	d900      	bls.n	10008592 <_ff_pull_n+0xb8>
10008590:	4658      	mov	r0, fp
10008592:	b2c7      	uxtb	r7, r0
10008594:	21ff      	movs	r1, #255	; 0xff
10008596:	4001      	ands	r1, r0
10008598:	4658      	mov	r0, fp
1000859a:	1a44      	subs	r4, r0, r1
1000859c:	b2a1      	uxth	r1, r4
1000859e:	468b      	mov	fp, r1
100085a0:	2100      	movs	r1, #0
100085a2:	9101      	str	r1, [sp, #4]
100085a4:	a801      	add	r0, sp, #4
100085a6:	e004      	b.n	100085b2 <_ff_pull_n+0xd8>
100085a8:	781a      	ldrb	r2, [r3, #0]
100085aa:	7002      	strb	r2, [r0, #0]
100085ac:	3001      	adds	r0, #1
100085ae:	000a      	movs	r2, r1
100085b0:	3301      	adds	r3, #1
100085b2:	1e51      	subs	r1, r2, #1
100085b4:	b2c9      	uxtb	r1, r1
100085b6:	2a00      	cmp	r2, #0
100085b8:	d1f6      	bne.n	100085a8 <_ff_pull_n+0xce>
100085ba:	6829      	ldr	r1, [r5, #0]
100085bc:	e004      	b.n	100085c8 <_ff_pull_n+0xee>
100085be:	780a      	ldrb	r2, [r1, #0]
100085c0:	7002      	strb	r2, [r0, #0]
100085c2:	3001      	adds	r0, #1
100085c4:	001f      	movs	r7, r3
100085c6:	3101      	adds	r1, #1
100085c8:	1e7b      	subs	r3, r7, #1
100085ca:	b2db      	uxtb	r3, r3
100085cc:	2f00      	cmp	r7, #0
100085ce:	d1f6      	bne.n	100085be <_ff_pull_n+0xe4>
100085d0:	4653      	mov	r3, sl
100085d2:	9a01      	ldr	r2, [sp, #4]
100085d4:	601a      	str	r2, [r3, #0]
100085d6:	465b      	mov	r3, fp
100085d8:	2b00      	cmp	r3, #0
100085da:	d0a0      	beq.n	1000851e <_ff_pull_n+0x44>
100085dc:	465a      	mov	r2, fp
100085de:	4650      	mov	r0, sl
100085e0:	f7ff ff55 	bl	1000848e <_ff_pull_const_addr>
100085e4:	e79b      	b.n	1000851e <_ff_pull_n+0x44>
100085e6:	6829      	ldr	r1, [r5, #0]
100085e8:	e7f5      	b.n	100085d6 <_ff_pull_n+0xfc>

100085ea <_tu_fifo_peek_n>:
100085ea:	b5f0      	push	{r4, r5, r6, r7, lr}
100085ec:	46c6      	mov	lr, r8
100085ee:	b500      	push	{lr}
100085f0:	b082      	sub	sp, #8
100085f2:	001e      	movs	r6, r3
100085f4:	ab08      	add	r3, sp, #32
100085f6:	881b      	ldrh	r3, [r3, #0]
100085f8:	ac09      	add	r4, sp, #36	; 0x24
100085fa:	7827      	ldrb	r7, [r4, #0]
100085fc:	8884      	ldrh	r4, [r0, #4]
100085fe:	429e      	cmp	r6, r3
10008600:	d30f      	bcc.n	10008622 <_tu_fifo_peek_n+0x38>
10008602:	1af5      	subs	r5, r6, r3
10008604:	b2ad      	uxth	r5, r5
10008606:	2d00      	cmp	r5, #0
10008608:	d01f      	beq.n	1000864a <_tu_fifo_peek_n+0x60>
1000860a:	42ac      	cmp	r4, r5
1000860c:	d205      	bcs.n	1000861a <_tu_fifo_peek_n+0x30>
1000860e:	42b4      	cmp	r4, r6
10008610:	d810      	bhi.n	10008634 <_tu_fifo_peek_n+0x4a>
10008612:	1b33      	subs	r3, r6, r4
10008614:	b29b      	uxth	r3, r3
10008616:	8143      	strh	r3, [r0, #10]
10008618:	0025      	movs	r5, r4
1000861a:	4295      	cmp	r5, r2
1000861c:	d30f      	bcc.n	1000863e <_tu_fifo_peek_n+0x54>
1000861e:	0015      	movs	r5, r2
10008620:	e00d      	b.n	1000863e <_tu_fifo_peek_n+0x54>
10008622:	1af5      	subs	r5, r6, r3
10008624:	b2ad      	uxth	r5, r5
10008626:	46a8      	mov	r8, r5
10008628:	0065      	lsls	r5, r4, #1
1000862a:	46ac      	mov	ip, r5
1000862c:	4645      	mov	r5, r8
1000862e:	4465      	add	r5, ip
10008630:	b2ad      	uxth	r5, r5
10008632:	e7e8      	b.n	10008606 <_tu_fifo_peek_n+0x1c>
10008634:	19a6      	adds	r6, r4, r6
10008636:	b2b3      	uxth	r3, r6
10008638:	e7ed      	b.n	10008616 <_tu_fifo_peek_n+0x2c>
1000863a:	1b1b      	subs	r3, r3, r4
1000863c:	b29b      	uxth	r3, r3
1000863e:	429c      	cmp	r4, r3
10008640:	d9fb      	bls.n	1000863a <_tu_fifo_peek_n+0x50>
10008642:	9700      	str	r7, [sp, #0]
10008644:	002a      	movs	r2, r5
10008646:	f7ff ff48 	bl	100084da <_ff_pull_n>
1000864a:	0028      	movs	r0, r5
1000864c:	b002      	add	sp, #8
1000864e:	bc80      	pop	{r7}
10008650:	46b8      	mov	r8, r7
10008652:	bdf0      	pop	{r4, r5, r6, r7, pc}

10008654 <_tu_fifo_read_n>:
10008654:	b5f0      	push	{r4, r5, r6, r7, lr}
10008656:	b083      	sub	sp, #12
10008658:	0004      	movs	r4, r0
1000865a:	000d      	movs	r5, r1
1000865c:	0016      	movs	r6, r2
1000865e:	001f      	movs	r7, r3
10008660:	6900      	ldr	r0, [r0, #16]
10008662:	2800      	cmp	r0, #0
10008664:	d003      	beq.n	1000866e <_tu_fifo_read_n+0x1a>
10008666:	2101      	movs	r1, #1
10008668:	4249      	negs	r1, r1
1000866a:	f000 fcf1 	bl	10009050 <__mutex_enter_timeout_ms_veneer>
1000866e:	8923      	ldrh	r3, [r4, #8]
10008670:	b29b      	uxth	r3, r3
10008672:	8962      	ldrh	r2, [r4, #10]
10008674:	9701      	str	r7, [sp, #4]
10008676:	9200      	str	r2, [sp, #0]
10008678:	0032      	movs	r2, r6
1000867a:	0029      	movs	r1, r5
1000867c:	0020      	movs	r0, r4
1000867e:	f7ff ffb4 	bl	100085ea <_tu_fifo_peek_n>
10008682:	0005      	movs	r5, r0
10008684:	8961      	ldrh	r1, [r4, #10]
10008686:	b289      	uxth	r1, r1
10008688:	88a0      	ldrh	r0, [r4, #4]
1000868a:	002a      	movs	r2, r5
1000868c:	f7ff fec7 	bl	1000841e <advance_index>
10008690:	8160      	strh	r0, [r4, #10]
10008692:	6920      	ldr	r0, [r4, #16]
10008694:	2800      	cmp	r0, #0
10008696:	d001      	beq.n	1000869c <_tu_fifo_read_n+0x48>
10008698:	f000 fca2 	bl	10008fe0 <__mutex_exit_veneer>
1000869c:	0028      	movs	r0, r5
1000869e:	b003      	add	sp, #12
100086a0:	bdf0      	pop	{r4, r5, r6, r7, pc}

100086a2 <_ff_push_const_addr>:
100086a2:	b570      	push	{r4, r5, r6, lr}
100086a4:	b082      	sub	sp, #8
100086a6:	0016      	movs	r6, r2
100086a8:	0895      	lsrs	r5, r2, #2
100086aa:	e009      	b.n	100086c0 <_ff_push_const_addr+0x1e>
100086ac:	680b      	ldr	r3, [r1, #0]
100086ae:	7003      	strb	r3, [r0, #0]
100086b0:	0a1d      	lsrs	r5, r3, #8
100086b2:	7045      	strb	r5, [r0, #1]
100086b4:	0c1d      	lsrs	r5, r3, #16
100086b6:	7085      	strb	r5, [r0, #2]
100086b8:	0e1b      	lsrs	r3, r3, #24
100086ba:	70c3      	strb	r3, [r0, #3]
100086bc:	3004      	adds	r0, #4
100086be:	0025      	movs	r5, r4
100086c0:	1e6c      	subs	r4, r5, #1
100086c2:	b2a4      	uxth	r4, r4
100086c4:	2d00      	cmp	r5, #0
100086c6:	d1f1      	bne.n	100086ac <_ff_push_const_addr+0xa>
100086c8:	2303      	movs	r3, #3
100086ca:	0032      	movs	r2, r6
100086cc:	401a      	ands	r2, r3
100086ce:	421e      	tst	r6, r3
100086d0:	d101      	bne.n	100086d6 <_ff_push_const_addr+0x34>
100086d2:	b002      	add	sp, #8
100086d4:	bd70      	pop	{r4, r5, r6, pc}
100086d6:	680b      	ldr	r3, [r1, #0]
100086d8:	9301      	str	r3, [sp, #4]
100086da:	a901      	add	r1, sp, #4
100086dc:	f7fd fdb0 	bl	10006240 <__wrap___aeabi_memcpy>
100086e0:	e7f7      	b.n	100086d2 <_ff_push_const_addr+0x30>

100086e2 <_ff_push_n>:
100086e2:	b5f0      	push	{r4, r5, r6, r7, lr}
100086e4:	46de      	mov	lr, fp
100086e6:	4657      	mov	r7, sl
100086e8:	464e      	mov	r6, r9
100086ea:	4645      	mov	r5, r8
100086ec:	b5e0      	push	{r5, r6, r7, lr}
100086ee:	b083      	sub	sp, #12
100086f0:	0005      	movs	r5, r0
100086f2:	468a      	mov	sl, r1
100086f4:	a90c      	add	r1, sp, #48	; 0x30
100086f6:	7808      	ldrb	r0, [r1, #0]
100086f8:	88ac      	ldrh	r4, [r5, #4]
100086fa:	1ae1      	subs	r1, r4, r3
100086fc:	b289      	uxth	r1, r1
100086fe:	1b1c      	subs	r4, r3, r4
10008700:	1914      	adds	r4, r2, r4
10008702:	b2a4      	uxth	r4, r4
10008704:	88ef      	ldrh	r7, [r5, #6]
10008706:	047f      	lsls	r7, r7, #17
10008708:	0c7e      	lsrs	r6, r7, #17
1000870a:	000f      	movs	r7, r1
1000870c:	4377      	muls	r7, r6
1000870e:	b2bf      	uxth	r7, r7
10008710:	4374      	muls	r4, r6
10008712:	b2a4      	uxth	r4, r4
10008714:	46a3      	mov	fp, r4
10008716:	4373      	muls	r3, r6
10008718:	682c      	ldr	r4, [r5, #0]
1000871a:	46a0      	mov	r8, r4
1000871c:	4498      	add	r8, r3
1000871e:	2800      	cmp	r0, #0
10008720:	d008      	beq.n	10008734 <_ff_push_n+0x52>
10008722:	2801      	cmp	r0, #1
10008724:	d01a      	beq.n	1000875c <_ff_push_n+0x7a>
10008726:	b003      	add	sp, #12
10008728:	bcf0      	pop	{r4, r5, r6, r7}
1000872a:	46bb      	mov	fp, r7
1000872c:	46b2      	mov	sl, r6
1000872e:	46a9      	mov	r9, r5
10008730:	46a0      	mov	r8, r4
10008732:	bdf0      	pop	{r4, r5, r6, r7, pc}
10008734:	4291      	cmp	r1, r2
10008736:	d305      	bcc.n	10008744 <_ff_push_n+0x62>
10008738:	4372      	muls	r2, r6
1000873a:	4651      	mov	r1, sl
1000873c:	4640      	mov	r0, r8
1000873e:	f7fd fd7f 	bl	10006240 <__wrap___aeabi_memcpy>
10008742:	e7f0      	b.n	10008726 <_ff_push_n+0x44>
10008744:	003a      	movs	r2, r7
10008746:	4651      	mov	r1, sl
10008748:	4640      	mov	r0, r8
1000874a:	f7fd fd79 	bl	10006240 <__wrap___aeabi_memcpy>
1000874e:	6828      	ldr	r0, [r5, #0]
10008750:	0039      	movs	r1, r7
10008752:	4451      	add	r1, sl
10008754:	465a      	mov	r2, fp
10008756:	f7fd fd73 	bl	10006240 <__wrap___aeabi_memcpy>
1000875a:	e7e4      	b.n	10008726 <_ff_push_n+0x44>
1000875c:	4291      	cmp	r1, r2
1000875e:	d306      	bcc.n	1000876e <_ff_push_n+0x8c>
10008760:	4372      	muls	r2, r6
10008762:	b292      	uxth	r2, r2
10008764:	4651      	mov	r1, sl
10008766:	4640      	mov	r0, r8
10008768:	f7ff ff9b 	bl	100086a2 <_ff_push_const_addr>
1000876c:	e7db      	b.n	10008726 <_ff_push_n+0x44>
1000876e:	2303      	movs	r3, #3
10008770:	003a      	movs	r2, r7
10008772:	439a      	bics	r2, r3
10008774:	4691      	mov	r9, r2
10008776:	4651      	mov	r1, sl
10008778:	4640      	mov	r0, r8
1000877a:	f7ff ff92 	bl	100086a2 <_ff_push_const_addr>
1000877e:	4643      	mov	r3, r8
10008780:	444b      	add	r3, r9
10008782:	2103      	movs	r1, #3
10008784:	003a      	movs	r2, r7
10008786:	400a      	ands	r2, r1
10008788:	420f      	tst	r7, r1
1000878a:	d02e      	beq.n	100087ea <_ff_push_n+0x108>
1000878c:	2104      	movs	r1, #4
1000878e:	1a89      	subs	r1, r1, r2
10008790:	b289      	uxth	r1, r1
10008792:	1c08      	adds	r0, r1, #0
10008794:	4559      	cmp	r1, fp
10008796:	d900      	bls.n	1000879a <_ff_push_n+0xb8>
10008798:	4658      	mov	r0, fp
1000879a:	b2c7      	uxtb	r7, r0
1000879c:	21ff      	movs	r1, #255	; 0xff
1000879e:	4001      	ands	r1, r0
100087a0:	4658      	mov	r0, fp
100087a2:	1a44      	subs	r4, r0, r1
100087a4:	b2a1      	uxth	r1, r4
100087a6:	468b      	mov	fp, r1
100087a8:	4651      	mov	r1, sl
100087aa:	6809      	ldr	r1, [r1, #0]
100087ac:	9101      	str	r1, [sp, #4]
100087ae:	a901      	add	r1, sp, #4
100087b0:	e004      	b.n	100087bc <_ff_push_n+0xda>
100087b2:	780a      	ldrb	r2, [r1, #0]
100087b4:	701a      	strb	r2, [r3, #0]
100087b6:	3101      	adds	r1, #1
100087b8:	0002      	movs	r2, r0
100087ba:	3301      	adds	r3, #1
100087bc:	1e50      	subs	r0, r2, #1
100087be:	b2c0      	uxtb	r0, r0
100087c0:	2a00      	cmp	r2, #0
100087c2:	d1f6      	bne.n	100087b2 <_ff_push_n+0xd0>
100087c4:	6828      	ldr	r0, [r5, #0]
100087c6:	e004      	b.n	100087d2 <_ff_push_n+0xf0>
100087c8:	780a      	ldrb	r2, [r1, #0]
100087ca:	7002      	strb	r2, [r0, #0]
100087cc:	3101      	adds	r1, #1
100087ce:	001f      	movs	r7, r3
100087d0:	3001      	adds	r0, #1
100087d2:	1e7b      	subs	r3, r7, #1
100087d4:	b2db      	uxtb	r3, r3
100087d6:	2f00      	cmp	r7, #0
100087d8:	d1f6      	bne.n	100087c8 <_ff_push_n+0xe6>
100087da:	465b      	mov	r3, fp
100087dc:	2b00      	cmp	r3, #0
100087de:	d0a2      	beq.n	10008726 <_ff_push_n+0x44>
100087e0:	465a      	mov	r2, fp
100087e2:	4651      	mov	r1, sl
100087e4:	f7ff ff5d 	bl	100086a2 <_ff_push_const_addr>
100087e8:	e79d      	b.n	10008726 <_ff_push_n+0x44>
100087ea:	6828      	ldr	r0, [r5, #0]
100087ec:	e7f5      	b.n	100087da <_ff_push_n+0xf8>

100087ee <_tu_fifo_write_n>:
100087ee:	b5f0      	push	{r4, r5, r6, r7, lr}
100087f0:	b085      	sub	sp, #20
100087f2:	0006      	movs	r6, r0
100087f4:	9103      	str	r1, [sp, #12]
100087f6:	1e15      	subs	r5, r2, #0
100087f8:	9302      	str	r3, [sp, #8]
100087fa:	d100      	bne.n	100087fe <_tu_fifo_write_n+0x10>
100087fc:	e06d      	b.n	100088da <_tu_fifo_write_n+0xec>
100087fe:	68c0      	ldr	r0, [r0, #12]
10008800:	2800      	cmp	r0, #0
10008802:	d003      	beq.n	1000880c <_tu_fifo_write_n+0x1e>
10008804:	2101      	movs	r1, #1
10008806:	4249      	negs	r1, r1
10008808:	f000 fc22 	bl	10009050 <__mutex_enter_timeout_ms_veneer>
1000880c:	8934      	ldrh	r4, [r6, #8]
1000880e:	b2a4      	uxth	r4, r4
10008810:	8971      	ldrh	r1, [r6, #10]
10008812:	b289      	uxth	r1, r1
10008814:	79f3      	ldrb	r3, [r6, #7]
10008816:	09db      	lsrs	r3, r3, #7
10008818:	d11a      	bne.n	10008850 <_tu_fifo_write_n+0x62>
1000881a:	88b3      	ldrh	r3, [r6, #4]
1000881c:	428c      	cmp	r4, r1
1000881e:	d30f      	bcc.n	10008840 <_tu_fifo_write_n+0x52>
10008820:	1a61      	subs	r1, r4, r1
10008822:	b289      	uxth	r1, r1
10008824:	428b      	cmp	r3, r1
10008826:	d911      	bls.n	1000884c <_tu_fifo_write_n+0x5e>
10008828:	1a5b      	subs	r3, r3, r1
1000882a:	b29b      	uxth	r3, r3
1000882c:	1c2f      	adds	r7, r5, #0
1000882e:	429d      	cmp	r5, r3
10008830:	d900      	bls.n	10008834 <_tu_fifo_write_n+0x46>
10008832:	1c1f      	adds	r7, r3, #0
10008834:	b2bf      	uxth	r7, r7
10008836:	2f00      	cmp	r7, #0
10008838:	d047      	beq.n	100088ca <_tu_fifo_write_n+0xdc>
1000883a:	88b2      	ldrh	r2, [r6, #4]
1000883c:	0023      	movs	r3, r4
1000883e:	e035      	b.n	100088ac <_tu_fifo_write_n+0xbe>
10008840:	1a61      	subs	r1, r4, r1
10008842:	b289      	uxth	r1, r1
10008844:	005a      	lsls	r2, r3, #1
10008846:	1889      	adds	r1, r1, r2
10008848:	b289      	uxth	r1, r1
1000884a:	e7eb      	b.n	10008824 <_tu_fifo_write_n+0x36>
1000884c:	2300      	movs	r3, #0
1000884e:	e7ed      	b.n	1000882c <_tu_fifo_write_n+0x3e>
10008850:	88b7      	ldrh	r7, [r6, #4]
10008852:	42af      	cmp	r7, r5
10008854:	d80e      	bhi.n	10008874 <_tu_fifo_write_n+0x86>
10008856:	9b02      	ldr	r3, [sp, #8]
10008858:	2b00      	cmp	r3, #0
1000885a:	d121      	bne.n	100088a0 <_tu_fifo_write_n+0xb2>
1000885c:	1bed      	subs	r5, r5, r7
1000885e:	88f3      	ldrh	r3, [r6, #6]
10008860:	045b      	lsls	r3, r3, #17
10008862:	0c5a      	lsrs	r2, r3, #17
10008864:	436a      	muls	r2, r5
10008866:	9b03      	ldr	r3, [sp, #12]
10008868:	469c      	mov	ip, r3
1000886a:	4494      	add	ip, r2
1000886c:	4663      	mov	r3, ip
1000886e:	9303      	str	r3, [sp, #12]
10008870:	000c      	movs	r4, r1
10008872:	e7e0      	b.n	10008836 <_tu_fifo_write_n+0x48>
10008874:	428c      	cmp	r4, r1
10008876:	d30d      	bcc.n	10008894 <_tu_fifo_write_n+0xa6>
10008878:	1a63      	subs	r3, r4, r1
1000887a:	b29b      	uxth	r3, r3
1000887c:	195b      	adds	r3, r3, r5
1000887e:	007a      	lsls	r2, r7, #1
10008880:	4293      	cmp	r3, r2
10008882:	db0f      	blt.n	100088a4 <_tu_fifo_write_n+0xb6>
10008884:	1b7a      	subs	r2, r7, r5
10008886:	b292      	uxth	r2, r2
10008888:	0038      	movs	r0, r7
1000888a:	f7ff fdc8 	bl	1000841e <advance_index>
1000888e:	0004      	movs	r4, r0
10008890:	002f      	movs	r7, r5
10008892:	e7d0      	b.n	10008836 <_tu_fifo_write_n+0x48>
10008894:	1a63      	subs	r3, r4, r1
10008896:	b29b      	uxth	r3, r3
10008898:	007a      	lsls	r2, r7, #1
1000889a:	189b      	adds	r3, r3, r2
1000889c:	b29b      	uxth	r3, r3
1000889e:	e7ed      	b.n	1000887c <_tu_fifo_write_n+0x8e>
100088a0:	000c      	movs	r4, r1
100088a2:	e7c8      	b.n	10008836 <_tu_fifo_write_n+0x48>
100088a4:	002f      	movs	r7, r5
100088a6:	e7c6      	b.n	10008836 <_tu_fifo_write_n+0x48>
100088a8:	1a9b      	subs	r3, r3, r2
100088aa:	b29b      	uxth	r3, r3
100088ac:	429a      	cmp	r2, r3
100088ae:	d9fb      	bls.n	100088a8 <_tu_fifo_write_n+0xba>
100088b0:	9a02      	ldr	r2, [sp, #8]
100088b2:	9200      	str	r2, [sp, #0]
100088b4:	003a      	movs	r2, r7
100088b6:	9903      	ldr	r1, [sp, #12]
100088b8:	0030      	movs	r0, r6
100088ba:	f7ff ff12 	bl	100086e2 <_ff_push_n>
100088be:	88b0      	ldrh	r0, [r6, #4]
100088c0:	003a      	movs	r2, r7
100088c2:	0021      	movs	r1, r4
100088c4:	f7ff fdab 	bl	1000841e <advance_index>
100088c8:	8130      	strh	r0, [r6, #8]
100088ca:	68f0      	ldr	r0, [r6, #12]
100088cc:	2800      	cmp	r0, #0
100088ce:	d001      	beq.n	100088d4 <_tu_fifo_write_n+0xe6>
100088d0:	f000 fb86 	bl	10008fe0 <__mutex_exit_veneer>
100088d4:	0038      	movs	r0, r7
100088d6:	b005      	add	sp, #20
100088d8:	bdf0      	pop	{r4, r5, r6, r7, pc}
100088da:	0017      	movs	r7, r2
100088dc:	e7fa      	b.n	100088d4 <_tu_fifo_write_n+0xe6>

100088de <tu_fifo_config>:
100088de:	b5f0      	push	{r4, r5, r6, r7, lr}
100088e0:	b083      	sub	sp, #12
100088e2:	0004      	movs	r4, r0
100088e4:	9101      	str	r1, [sp, #4]
100088e6:	0016      	movs	r6, r2
100088e8:	001d      	movs	r5, r3
100088ea:	ab08      	add	r3, sp, #32
100088ec:	781f      	ldrb	r7, [r3, #0]
100088ee:	2380      	movs	r3, #128	; 0x80
100088f0:	021b      	lsls	r3, r3, #8
100088f2:	429a      	cmp	r2, r3
100088f4:	d82d      	bhi.n	10008952 <tu_fifo_config+0x74>
100088f6:	68c0      	ldr	r0, [r0, #12]
100088f8:	2800      	cmp	r0, #0
100088fa:	d003      	beq.n	10008904 <tu_fifo_config+0x26>
100088fc:	2101      	movs	r1, #1
100088fe:	4249      	negs	r1, r1
10008900:	f000 fba6 	bl	10009050 <__mutex_enter_timeout_ms_veneer>
10008904:	6920      	ldr	r0, [r4, #16]
10008906:	2800      	cmp	r0, #0
10008908:	d003      	beq.n	10008912 <tu_fifo_config+0x34>
1000890a:	2101      	movs	r1, #1
1000890c:	4249      	negs	r1, r1
1000890e:	f000 fb9f 	bl	10009050 <__mutex_enter_timeout_ms_veneer>
10008912:	9b01      	ldr	r3, [sp, #4]
10008914:	6023      	str	r3, [r4, #0]
10008916:	80a6      	strh	r6, [r4, #4]
10008918:	046d      	lsls	r5, r5, #17
1000891a:	0c6b      	lsrs	r3, r5, #17
1000891c:	88e2      	ldrh	r2, [r4, #6]
1000891e:	0bd2      	lsrs	r2, r2, #15
10008920:	03d5      	lsls	r5, r2, #15
10008922:	431d      	orrs	r5, r3
10008924:	80e5      	strh	r5, [r4, #6]
10008926:	01fb      	lsls	r3, r7, #7
10008928:	79e2      	ldrb	r2, [r4, #7]
1000892a:	277f      	movs	r7, #127	; 0x7f
1000892c:	4017      	ands	r7, r2
1000892e:	431f      	orrs	r7, r3
10008930:	71e7      	strb	r7, [r4, #7]
10008932:	2300      	movs	r3, #0
10008934:	8163      	strh	r3, [r4, #10]
10008936:	8123      	strh	r3, [r4, #8]
10008938:	68e0      	ldr	r0, [r4, #12]
1000893a:	2800      	cmp	r0, #0
1000893c:	d001      	beq.n	10008942 <tu_fifo_config+0x64>
1000893e:	f000 fb4f 	bl	10008fe0 <__mutex_exit_veneer>
10008942:	6920      	ldr	r0, [r4, #16]
10008944:	2800      	cmp	r0, #0
10008946:	d006      	beq.n	10008956 <tu_fifo_config+0x78>
10008948:	f000 fb4a 	bl	10008fe0 <__mutex_exit_veneer>
1000894c:	2001      	movs	r0, #1
1000894e:	b003      	add	sp, #12
10008950:	bdf0      	pop	{r4, r5, r6, r7, pc}
10008952:	2000      	movs	r0, #0
10008954:	e7fb      	b.n	1000894e <tu_fifo_config+0x70>
10008956:	2001      	movs	r0, #1
10008958:	e7f9      	b.n	1000894e <tu_fifo_config+0x70>

1000895a <tu_fifo_count>:
1000895a:	8881      	ldrh	r1, [r0, #4]
1000895c:	8903      	ldrh	r3, [r0, #8]
1000895e:	b29b      	uxth	r3, r3
10008960:	8942      	ldrh	r2, [r0, #10]
10008962:	b292      	uxth	r2, r2
10008964:	4293      	cmp	r3, r2
10008966:	d307      	bcc.n	10008978 <tu_fifo_count+0x1e>
10008968:	1a9b      	subs	r3, r3, r2
1000896a:	b29b      	uxth	r3, r3
1000896c:	1c08      	adds	r0, r1, #0
1000896e:	4299      	cmp	r1, r3
10008970:	d900      	bls.n	10008974 <tu_fifo_count+0x1a>
10008972:	1c18      	adds	r0, r3, #0
10008974:	b280      	uxth	r0, r0
10008976:	4770      	bx	lr
10008978:	1a9b      	subs	r3, r3, r2
1000897a:	b29b      	uxth	r3, r3
1000897c:	004a      	lsls	r2, r1, #1
1000897e:	189b      	adds	r3, r3, r2
10008980:	b29b      	uxth	r3, r3
10008982:	e7f3      	b.n	1000896c <tu_fifo_count+0x12>

10008984 <tu_fifo_empty>:
10008984:	0003      	movs	r3, r0
10008986:	8900      	ldrh	r0, [r0, #8]
10008988:	895b      	ldrh	r3, [r3, #10]
1000898a:	1ac0      	subs	r0, r0, r3
1000898c:	4243      	negs	r3, r0
1000898e:	4158      	adcs	r0, r3
10008990:	b2c0      	uxtb	r0, r0
10008992:	4770      	bx	lr

10008994 <tu_fifo_full>:
10008994:	8881      	ldrh	r1, [r0, #4]
10008996:	8903      	ldrh	r3, [r0, #8]
10008998:	b29b      	uxth	r3, r3
1000899a:	8942      	ldrh	r2, [r0, #10]
1000899c:	b292      	uxth	r2, r2
1000899e:	4293      	cmp	r3, r2
100089a0:	d306      	bcc.n	100089b0 <tu_fifo_full+0x1c>
100089a2:	1a9b      	subs	r3, r3, r2
100089a4:	b29b      	uxth	r3, r3
100089a6:	2000      	movs	r0, #0
100089a8:	428b      	cmp	r3, r1
100089aa:	4140      	adcs	r0, r0
100089ac:	b2c0      	uxtb	r0, r0
100089ae:	4770      	bx	lr
100089b0:	1a9b      	subs	r3, r3, r2
100089b2:	b29b      	uxth	r3, r3
100089b4:	004a      	lsls	r2, r1, #1
100089b6:	189b      	adds	r3, r3, r2
100089b8:	b29b      	uxth	r3, r3
100089ba:	e7f4      	b.n	100089a6 <tu_fifo_full+0x12>

100089bc <tu_fifo_remaining>:
100089bc:	8882      	ldrh	r2, [r0, #4]
100089be:	8903      	ldrh	r3, [r0, #8]
100089c0:	b29b      	uxth	r3, r3
100089c2:	8940      	ldrh	r0, [r0, #10]
100089c4:	b280      	uxth	r0, r0
100089c6:	4283      	cmp	r3, r0
100089c8:	d306      	bcc.n	100089d8 <tu_fifo_remaining+0x1c>
100089ca:	1a1b      	subs	r3, r3, r0
100089cc:	b29b      	uxth	r3, r3
100089ce:	429a      	cmp	r2, r3
100089d0:	d908      	bls.n	100089e4 <tu_fifo_remaining+0x28>
100089d2:	1ad3      	subs	r3, r2, r3
100089d4:	b298      	uxth	r0, r3
100089d6:	4770      	bx	lr
100089d8:	1a1b      	subs	r3, r3, r0
100089da:	b29b      	uxth	r3, r3
100089dc:	0050      	lsls	r0, r2, #1
100089de:	181b      	adds	r3, r3, r0
100089e0:	b29b      	uxth	r3, r3
100089e2:	e7f4      	b.n	100089ce <tu_fifo_remaining+0x12>
100089e4:	2000      	movs	r0, #0
100089e6:	e7f6      	b.n	100089d6 <tu_fifo_remaining+0x1a>

100089e8 <tu_fifo_read>:
100089e8:	b570      	push	{r4, r5, r6, lr}
100089ea:	0004      	movs	r4, r0
100089ec:	000d      	movs	r5, r1
100089ee:	6900      	ldr	r0, [r0, #16]
100089f0:	2800      	cmp	r0, #0
100089f2:	d003      	beq.n	100089fc <tu_fifo_read+0x14>
100089f4:	2101      	movs	r1, #1
100089f6:	4249      	negs	r1, r1
100089f8:	f000 fb2a 	bl	10009050 <__mutex_enter_timeout_ms_veneer>
100089fc:	8922      	ldrh	r2, [r4, #8]
100089fe:	b292      	uxth	r2, r2
10008a00:	8963      	ldrh	r3, [r4, #10]
10008a02:	b29b      	uxth	r3, r3
10008a04:	0029      	movs	r1, r5
10008a06:	0020      	movs	r0, r4
10008a08:	f7ff fd16 	bl	10008438 <_tu_fifo_peek>
10008a0c:	0005      	movs	r5, r0
10008a0e:	8961      	ldrh	r1, [r4, #10]
10008a10:	b289      	uxth	r1, r1
10008a12:	b282      	uxth	r2, r0
10008a14:	88a0      	ldrh	r0, [r4, #4]
10008a16:	f7ff fd02 	bl	1000841e <advance_index>
10008a1a:	8160      	strh	r0, [r4, #10]
10008a1c:	6920      	ldr	r0, [r4, #16]
10008a1e:	2800      	cmp	r0, #0
10008a20:	d001      	beq.n	10008a26 <tu_fifo_read+0x3e>
10008a22:	f000 fadd 	bl	10008fe0 <__mutex_exit_veneer>
10008a26:	0028      	movs	r0, r5
10008a28:	bd70      	pop	{r4, r5, r6, pc}

10008a2a <tu_fifo_read_n>:
10008a2a:	b510      	push	{r4, lr}
10008a2c:	2300      	movs	r3, #0
10008a2e:	f7ff fe11 	bl	10008654 <_tu_fifo_read_n>
10008a32:	bd10      	pop	{r4, pc}

10008a34 <tu_fifo_write>:
10008a34:	b5f8      	push	{r3, r4, r5, r6, r7, lr}
10008a36:	0004      	movs	r4, r0
10008a38:	000e      	movs	r6, r1
10008a3a:	68c0      	ldr	r0, [r0, #12]
10008a3c:	2800      	cmp	r0, #0
10008a3e:	d003      	beq.n	10008a48 <tu_fifo_write+0x14>
10008a40:	2101      	movs	r1, #1
10008a42:	4249      	negs	r1, r1
10008a44:	f000 fb04 	bl	10009050 <__mutex_enter_timeout_ms_veneer>
10008a48:	8925      	ldrh	r5, [r4, #8]
10008a4a:	b2ad      	uxth	r5, r5
10008a4c:	0020      	movs	r0, r4
10008a4e:	f7ff ffa1 	bl	10008994 <tu_fifo_full>
10008a52:	2800      	cmp	r0, #0
10008a54:	d002      	beq.n	10008a5c <tu_fifo_write+0x28>
10008a56:	79e7      	ldrb	r7, [r4, #7]
10008a58:	09ff      	lsrs	r7, r7, #7
10008a5a:	d016      	beq.n	10008a8a <tu_fifo_write+0x56>
10008a5c:	88a2      	ldrh	r2, [r4, #4]
10008a5e:	002b      	movs	r3, r5
10008a60:	e001      	b.n	10008a66 <tu_fifo_write+0x32>
10008a62:	1a9b      	subs	r3, r3, r2
10008a64:	b29b      	uxth	r3, r3
10008a66:	429a      	cmp	r2, r3
10008a68:	d9fb      	bls.n	10008a62 <tu_fifo_write+0x2e>
10008a6a:	88e2      	ldrh	r2, [r4, #6]
10008a6c:	0452      	lsls	r2, r2, #17
10008a6e:	0c52      	lsrs	r2, r2, #17
10008a70:	4353      	muls	r3, r2
10008a72:	6821      	ldr	r1, [r4, #0]
10008a74:	18c8      	adds	r0, r1, r3
10008a76:	0031      	movs	r1, r6
10008a78:	f7fd fbe2 	bl	10006240 <__wrap___aeabi_memcpy>
10008a7c:	88a0      	ldrh	r0, [r4, #4]
10008a7e:	2201      	movs	r2, #1
10008a80:	0029      	movs	r1, r5
10008a82:	f7ff fccc 	bl	1000841e <advance_index>
10008a86:	8120      	strh	r0, [r4, #8]
10008a88:	2701      	movs	r7, #1
10008a8a:	68e0      	ldr	r0, [r4, #12]
10008a8c:	2800      	cmp	r0, #0
10008a8e:	d001      	beq.n	10008a94 <tu_fifo_write+0x60>
10008a90:	f000 faa6 	bl	10008fe0 <__mutex_exit_veneer>
10008a94:	0038      	movs	r0, r7
10008a96:	bdf8      	pop	{r3, r4, r5, r6, r7, pc}

10008a98 <tu_fifo_write_n>:
10008a98:	b510      	push	{r4, lr}
10008a9a:	2300      	movs	r3, #0
10008a9c:	f7ff fea7 	bl	100087ee <_tu_fifo_write_n>
10008aa0:	bd10      	pop	{r4, pc}

10008aa2 <tu_fifo_clear>:
10008aa2:	b510      	push	{r4, lr}
10008aa4:	0004      	movs	r4, r0
10008aa6:	68c0      	ldr	r0, [r0, #12]
10008aa8:	2800      	cmp	r0, #0
10008aaa:	d003      	beq.n	10008ab4 <tu_fifo_clear+0x12>
10008aac:	2101      	movs	r1, #1
10008aae:	4249      	negs	r1, r1
10008ab0:	f000 face 	bl	10009050 <__mutex_enter_timeout_ms_veneer>
10008ab4:	6920      	ldr	r0, [r4, #16]
10008ab6:	2800      	cmp	r0, #0
10008ab8:	d003      	beq.n	10008ac2 <tu_fifo_clear+0x20>
10008aba:	2101      	movs	r1, #1
10008abc:	4249      	negs	r1, r1
10008abe:	f000 fac7 	bl	10009050 <__mutex_enter_timeout_ms_veneer>
10008ac2:	2300      	movs	r3, #0
10008ac4:	8163      	strh	r3, [r4, #10]
10008ac6:	8123      	strh	r3, [r4, #8]
10008ac8:	68e0      	ldr	r0, [r4, #12]
10008aca:	2800      	cmp	r0, #0
10008acc:	d001      	beq.n	10008ad2 <tu_fifo_clear+0x30>
10008ace:	f000 fa87 	bl	10008fe0 <__mutex_exit_veneer>
10008ad2:	6920      	ldr	r0, [r4, #16]
10008ad4:	2800      	cmp	r0, #0
10008ad6:	d001      	beq.n	10008adc <tu_fifo_clear+0x3a>
10008ad8:	f000 fa82 	bl	10008fe0 <__mutex_exit_veneer>
10008adc:	2001      	movs	r0, #1
10008ade:	bd10      	pop	{r4, pc}

10008ae0 <tu_fifo_set_overwritable>:
10008ae0:	b570      	push	{r4, r5, r6, lr}
10008ae2:	0004      	movs	r4, r0
10008ae4:	000d      	movs	r5, r1
10008ae6:	68c0      	ldr	r0, [r0, #12]
10008ae8:	2800      	cmp	r0, #0
10008aea:	d003      	beq.n	10008af4 <tu_fifo_set_overwritable+0x14>
10008aec:	2101      	movs	r1, #1
10008aee:	4249      	negs	r1, r1
10008af0:	f000 faae 	bl	10009050 <__mutex_enter_timeout_ms_veneer>
10008af4:	6920      	ldr	r0, [r4, #16]
10008af6:	2800      	cmp	r0, #0
10008af8:	d003      	beq.n	10008b02 <tu_fifo_set_overwritable+0x22>
10008afa:	2101      	movs	r1, #1
10008afc:	4249      	negs	r1, r1
10008afe:	f000 faa7 	bl	10009050 <__mutex_enter_timeout_ms_veneer>
10008b02:	01ed      	lsls	r5, r5, #7
10008b04:	79e3      	ldrb	r3, [r4, #7]
10008b06:	217f      	movs	r1, #127	; 0x7f
10008b08:	4019      	ands	r1, r3
10008b0a:	4329      	orrs	r1, r5
10008b0c:	71e1      	strb	r1, [r4, #7]
10008b0e:	68e0      	ldr	r0, [r4, #12]
10008b10:	2800      	cmp	r0, #0
10008b12:	d001      	beq.n	10008b18 <tu_fifo_set_overwritable+0x38>
10008b14:	f000 fa64 	bl	10008fe0 <__mutex_exit_veneer>
10008b18:	6920      	ldr	r0, [r4, #16]
10008b1a:	2800      	cmp	r0, #0
10008b1c:	d001      	beq.n	10008b22 <tu_fifo_set_overwritable+0x42>
10008b1e:	f000 fa5f 	bl	10008fe0 <__mutex_exit_veneer>
10008b22:	2001      	movs	r0, #1
10008b24:	bd70      	pop	{r4, r5, r6, pc}

10008b26 <i2c_write_blocking_internal>:
10008b26:	b5f0      	push	{r4, r5, r6, r7, lr}
10008b28:	46de      	mov	lr, fp
10008b2a:	4657      	mov	r7, sl
10008b2c:	464e      	mov	r6, r9
10008b2e:	4645      	mov	r5, r8
10008b30:	b5e0      	push	{r5, r6, r7, lr}
10008b32:	b085      	sub	sp, #20
10008b34:	0006      	movs	r6, r0
10008b36:	0010      	movs	r0, r2
10008b38:	001c      	movs	r4, r3
10008b3a:	9302      	str	r3, [sp, #8]
10008b3c:	ab0e      	add	r3, sp, #56	; 0x38
10008b3e:	781a      	ldrb	r2, [r3, #0]
10008b40:	9203      	str	r2, [sp, #12]
10008b42:	9d0f      	ldr	r5, [sp, #60]	; 0x3c
10008b44:	9f10      	ldr	r7, [sp, #64]	; 0x40
10008b46:	6833      	ldr	r3, [r6, #0]
10008b48:	2200      	movs	r2, #0
10008b4a:	66da      	str	r2, [r3, #108]	; 0x6c
10008b4c:	6833      	ldr	r3, [r6, #0]
10008b4e:	6059      	str	r1, [r3, #4]
10008b50:	6833      	ldr	r3, [r6, #0]
10008b52:	3201      	adds	r2, #1
10008b54:	66da      	str	r2, [r3, #108]	; 0x6c
10008b56:	46a2      	mov	sl, r4
10008b58:	2300      	movs	r3, #0
10008b5a:	4698      	mov	r8, r3
10008b5c:	469b      	mov	fp, r3
10008b5e:	2400      	movs	r4, #0
10008b60:	e02b      	b.n	10008bba <i2c_write_blocking_internal+0x94>
10008b62:	7932      	ldrb	r2, [r6, #4]
10008b64:	2a00      	cmp	r2, #0
10008b66:	d031      	beq.n	10008bcc <i2c_write_blocking_internal+0xa6>
10008b68:	2201      	movs	r2, #1
10008b6a:	e02f      	b.n	10008bcc <i2c_write_blocking_internal+0xa6>
10008b6c:	9903      	ldr	r1, [sp, #12]
10008b6e:	2900      	cmp	r1, #0
10008b70:	d001      	beq.n	10008b76 <i2c_write_blocking_internal+0x50>
10008b72:	2100      	movs	r1, #0
10008b74:	e02e      	b.n	10008bd4 <i2c_write_blocking_internal+0xae>
10008b76:	2101      	movs	r1, #1
10008b78:	e02c      	b.n	10008bd4 <i2c_write_blocking_internal+0xae>
10008b7a:	0038      	movs	r0, r7
10008b7c:	47a8      	blx	r5
10008b7e:	0003      	movs	r3, r0
10008b80:	4304      	orrs	r4, r0
10008b82:	b2e4      	uxtb	r4, r4
10008b84:	2b00      	cmp	r3, #0
10008b86:	d106      	bne.n	10008b96 <i2c_write_blocking_internal+0x70>
10008b88:	6832      	ldr	r2, [r6, #0]
10008b8a:	6b52      	ldr	r2, [r2, #52]	; 0x34
10008b8c:	06d2      	lsls	r2, r2, #27
10008b8e:	d402      	bmi.n	10008b96 <i2c_write_blocking_internal+0x70>
10008b90:	2d00      	cmp	r5, #0
10008b92:	d1f2      	bne.n	10008b7a <i2c_write_blocking_internal+0x54>
10008b94:	e7f6      	b.n	10008b84 <i2c_write_blocking_internal+0x5e>
10008b96:	2b00      	cmp	r3, #0
10008b98:	d109      	bne.n	10008bae <i2c_write_blocking_internal+0x88>
10008b9a:	6832      	ldr	r2, [r6, #0]
10008b9c:	2180      	movs	r1, #128	; 0x80
10008b9e:	5851      	ldr	r1, [r2, r1]
10008ba0:	468b      	mov	fp, r1
10008ba2:	2900      	cmp	r1, #0
10008ba4:	d11f      	bne.n	10008be6 <i2c_write_blocking_internal+0xc0>
10008ba6:	2c00      	cmp	r4, #0
10008ba8:	d12f      	bne.n	10008c0a <i2c_write_blocking_internal+0xe4>
10008baa:	45c1      	cmp	r9, r8
10008bac:	d01e      	beq.n	10008bec <i2c_write_blocking_internal+0xc6>
10008bae:	2c00      	cmp	r4, #0
10008bb0:	d133      	bne.n	10008c1a <i2c_write_blocking_internal+0xf4>
10008bb2:	2201      	movs	r2, #1
10008bb4:	4694      	mov	ip, r2
10008bb6:	44e0      	add	r8, ip
10008bb8:	9801      	ldr	r0, [sp, #4]
10008bba:	45d0      	cmp	r8, sl
10008bbc:	da2d      	bge.n	10008c1a <i2c_write_blocking_internal+0xf4>
10008bbe:	9a02      	ldr	r2, [sp, #8]
10008bc0:	3a01      	subs	r2, #1
10008bc2:	4691      	mov	r9, r2
10008bc4:	4642      	mov	r2, r8
10008bc6:	2a00      	cmp	r2, #0
10008bc8:	d0cb      	beq.n	10008b62 <i2c_write_blocking_internal+0x3c>
10008bca:	2200      	movs	r2, #0
10008bcc:	0292      	lsls	r2, r2, #10
10008bce:	45c1      	cmp	r9, r8
10008bd0:	d0cc      	beq.n	10008b6c <i2c_write_blocking_internal+0x46>
10008bd2:	2100      	movs	r1, #0
10008bd4:	0249      	lsls	r1, r1, #9
10008bd6:	430a      	orrs	r2, r1
10008bd8:	1c41      	adds	r1, r0, #1
10008bda:	9101      	str	r1, [sp, #4]
10008bdc:	7800      	ldrb	r0, [r0, #0]
10008bde:	6831      	ldr	r1, [r6, #0]
10008be0:	4302      	orrs	r2, r0
10008be2:	610a      	str	r2, [r1, #16]
10008be4:	e7d4      	b.n	10008b90 <i2c_write_blocking_internal+0x6a>
10008be6:	6d52      	ldr	r2, [r2, #84]	; 0x54
10008be8:	2401      	movs	r4, #1
10008bea:	e00e      	b.n	10008c0a <i2c_write_blocking_internal+0xe4>
10008bec:	9a03      	ldr	r2, [sp, #12]
10008bee:	2a00      	cmp	r2, #0
10008bf0:	d1dd      	bne.n	10008bae <i2c_write_blocking_internal+0x88>
10008bf2:	e00a      	b.n	10008c0a <i2c_write_blocking_internal+0xe4>
10008bf4:	0038      	movs	r0, r7
10008bf6:	47a8      	blx	r5
10008bf8:	0003      	movs	r3, r0
10008bfa:	4304      	orrs	r4, r0
10008bfc:	b2e4      	uxtb	r4, r4
10008bfe:	2b00      	cmp	r3, #0
10008c00:	d106      	bne.n	10008c10 <i2c_write_blocking_internal+0xea>
10008c02:	6832      	ldr	r2, [r6, #0]
10008c04:	6b52      	ldr	r2, [r2, #52]	; 0x34
10008c06:	0592      	lsls	r2, r2, #22
10008c08:	d402      	bmi.n	10008c10 <i2c_write_blocking_internal+0xea>
10008c0a:	2d00      	cmp	r5, #0
10008c0c:	d1f2      	bne.n	10008bf4 <i2c_write_blocking_internal+0xce>
10008c0e:	e7f6      	b.n	10008bfe <i2c_write_blocking_internal+0xd8>
10008c10:	2b00      	cmp	r3, #0
10008c12:	d1cc      	bne.n	10008bae <i2c_write_blocking_internal+0x88>
10008c14:	6832      	ldr	r2, [r6, #0]
10008c16:	6e12      	ldr	r2, [r2, #96]	; 0x60
10008c18:	e7c9      	b.n	10008bae <i2c_write_blocking_internal+0x88>
10008c1a:	2c00      	cmp	r4, #0
10008c1c:	d009      	beq.n	10008c32 <i2c_write_blocking_internal+0x10c>
10008c1e:	2b00      	cmp	r3, #0
10008c20:	d115      	bne.n	10008c4e <i2c_write_blocking_internal+0x128>
10008c22:	465b      	mov	r3, fp
10008c24:	2b00      	cmp	r3, #0
10008c26:	d016      	beq.n	10008c56 <i2c_write_blocking_internal+0x130>
10008c28:	07db      	lsls	r3, r3, #31
10008c2a:	d418      	bmi.n	10008c5e <i2c_write_blocking_internal+0x138>
10008c2c:	465b      	mov	r3, fp
10008c2e:	071b      	lsls	r3, r3, #28
10008c30:	d509      	bpl.n	10008c46 <i2c_write_blocking_internal+0x120>
10008c32:	9b03      	ldr	r3, [sp, #12]
10008c34:	7133      	strb	r3, [r6, #4]
10008c36:	4640      	mov	r0, r8
10008c38:	b005      	add	sp, #20
10008c3a:	bcf0      	pop	{r4, r5, r6, r7}
10008c3c:	46bb      	mov	fp, r7
10008c3e:	46b2      	mov	sl, r6
10008c40:	46a9      	mov	r9, r5
10008c42:	46a0      	mov	r8, r4
10008c44:	bdf0      	pop	{r4, r5, r6, r7, pc}
10008c46:	2302      	movs	r3, #2
10008c48:	425b      	negs	r3, r3
10008c4a:	4698      	mov	r8, r3
10008c4c:	e7f1      	b.n	10008c32 <i2c_write_blocking_internal+0x10c>
10008c4e:	2301      	movs	r3, #1
10008c50:	425b      	negs	r3, r3
10008c52:	4698      	mov	r8, r3
10008c54:	e7ed      	b.n	10008c32 <i2c_write_blocking_internal+0x10c>
10008c56:	2302      	movs	r3, #2
10008c58:	425b      	negs	r3, r3
10008c5a:	4698      	mov	r8, r3
10008c5c:	e7e9      	b.n	10008c32 <i2c_write_blocking_internal+0x10c>
10008c5e:	2302      	movs	r3, #2
10008c60:	425b      	negs	r3, r3
10008c62:	4698      	mov	r8, r3
10008c64:	e7e5      	b.n	10008c32 <i2c_write_blocking_internal+0x10c>
	...

10008c68 <i2c_set_baudrate>:
10008c68:	b5f0      	push	{r4, r5, r6, r7, lr}
10008c6a:	46d6      	mov	lr, sl
10008c6c:	464f      	mov	r7, r9
10008c6e:	4646      	mov	r6, r8
10008c70:	b5c0      	push	{r6, r7, lr}
10008c72:	0005      	movs	r5, r0
10008c74:	000c      	movs	r4, r1
10008c76:	2005      	movs	r0, #5
10008c78:	f7fb fbf2 	bl	10004460 <clock_get_hz>
10008c7c:	0006      	movs	r6, r0
10008c7e:	0860      	lsrs	r0, r4, #1
10008c80:	1980      	adds	r0, r0, r6
10008c82:	0021      	movs	r1, r4
10008c84:	f7fc fed4 	bl	10005a30 <__wrap___aeabi_uidiv>
10008c88:	0007      	movs	r7, r0
10008c8a:	0043      	lsls	r3, r0, #1
10008c8c:	4699      	mov	r9, r3
10008c8e:	4481      	add	r9, r0
10008c90:	2105      	movs	r1, #5
10008c92:	4648      	mov	r0, r9
10008c94:	f7fc fecc 	bl	10005a30 <__wrap___aeabi_uidiv>
10008c98:	4680      	mov	r8, r0
10008c9a:	1a3b      	subs	r3, r7, r0
10008c9c:	469a      	mov	sl, r3
10008c9e:	4b28      	ldr	r3, [pc, #160]	; (10008d40 <i2c_set_baudrate+0xd8>)
10008ca0:	429c      	cmp	r4, r3
10008ca2:	d824      	bhi.n	10008cee <i2c_set_baudrate+0x86>
10008ca4:	0070      	lsls	r0, r6, #1
10008ca6:	1980      	adds	r0, r0, r6
10008ca8:	4926      	ldr	r1, [pc, #152]	; (10008d44 <i2c_set_baudrate+0xdc>)
10008caa:	f7fc fec1 	bl	10005a30 <__wrap___aeabi_uidiv>
10008cae:	1c44      	adds	r4, r0, #1
10008cb0:	4643      	mov	r3, r8
10008cb2:	3b02      	subs	r3, #2
10008cb4:	42a3      	cmp	r3, r4
10008cb6:	d321      	bcc.n	10008cfc <i2c_set_baudrate+0x94>
10008cb8:	682b      	ldr	r3, [r5, #0]
10008cba:	2200      	movs	r2, #0
10008cbc:	66da      	str	r2, [r3, #108]	; 0x6c
10008cbe:	6829      	ldr	r1, [r5, #0]
10008cc0:	680a      	ldr	r2, [r1, #0]
10008cc2:	2304      	movs	r3, #4
10008cc4:	4053      	eors	r3, r2
10008cc6:	2206      	movs	r2, #6
10008cc8:	401a      	ands	r2, r3
10008cca:	2380      	movs	r3, #128	; 0x80
10008ccc:	015b      	lsls	r3, r3, #5
10008cce:	430b      	orrs	r3, r1
10008cd0:	601a      	str	r2, [r3, #0]
10008cd2:	682b      	ldr	r3, [r5, #0]
10008cd4:	4652      	mov	r2, sl
10008cd6:	61da      	str	r2, [r3, #28]
10008cd8:	682b      	ldr	r3, [r5, #0]
10008cda:	4642      	mov	r2, r8
10008cdc:	621a      	str	r2, [r3, #32]
10008cde:	464b      	mov	r3, r9
10008ce0:	2b4f      	cmp	r3, #79	; 0x4f
10008ce2:	d911      	bls.n	10008d08 <i2c_set_baudrate+0xa0>
10008ce4:	2150      	movs	r1, #80	; 0x50
10008ce6:	4648      	mov	r0, r9
10008ce8:	f7fc fea2 	bl	10005a30 <__wrap___aeabi_uidiv>
10008cec:	e00d      	b.n	10008d0a <i2c_set_baudrate+0xa2>
10008cee:	0070      	lsls	r0, r6, #1
10008cf0:	1980      	adds	r0, r0, r6
10008cf2:	4915      	ldr	r1, [pc, #84]	; (10008d48 <i2c_set_baudrate+0xe0>)
10008cf4:	f7fc fe9c 	bl	10005a30 <__wrap___aeabi_uidiv>
10008cf8:	1c44      	adds	r4, r0, #1
10008cfa:	e7d9      	b.n	10008cb0 <i2c_set_baudrate+0x48>
10008cfc:	4b13      	ldr	r3, [pc, #76]	; (10008d4c <i2c_set_baudrate+0xe4>)
10008cfe:	4a14      	ldr	r2, [pc, #80]	; (10008d50 <i2c_set_baudrate+0xe8>)
10008d00:	215d      	movs	r1, #93	; 0x5d
10008d02:	4814      	ldr	r0, [pc, #80]	; (10008d54 <i2c_set_baudrate+0xec>)
10008d04:	f7fb fcce 	bl	100046a4 <__assert_func>
10008d08:	2001      	movs	r0, #1
10008d0a:	23a0      	movs	r3, #160	; 0xa0
10008d0c:	682a      	ldr	r2, [r5, #0]
10008d0e:	50d0      	str	r0, [r2, r3]
10008d10:	682a      	ldr	r2, [r5, #0]
10008d12:	0011      	movs	r1, r2
10008d14:	317c      	adds	r1, #124	; 0x7c
10008d16:	6fd0      	ldr	r0, [r2, #124]	; 0x7c
10008d18:	4044      	eors	r4, r0
10008d1a:	0424      	lsls	r4, r4, #16
10008d1c:	0c24      	lsrs	r4, r4, #16
10008d1e:	2380      	movs	r3, #128	; 0x80
10008d20:	015b      	lsls	r3, r3, #5
10008d22:	430b      	orrs	r3, r1
10008d24:	601c      	str	r4, [r3, #0]
10008d26:	682b      	ldr	r3, [r5, #0]
10008d28:	2201      	movs	r2, #1
10008d2a:	66da      	str	r2, [r3, #108]	; 0x6c
10008d2c:	0039      	movs	r1, r7
10008d2e:	0030      	movs	r0, r6
10008d30:	f7fc fe7e 	bl	10005a30 <__wrap___aeabi_uidiv>
10008d34:	bce0      	pop	{r5, r6, r7}
10008d36:	46ba      	mov	sl, r7
10008d38:	46b1      	mov	r9, r6
10008d3a:	46a8      	mov	r8, r5
10008d3c:	bdf0      	pop	{r4, r5, r6, r7, pc}
10008d3e:	46c0      	nop			; (mov r8, r8)
10008d40:	000f423f 	.word	0x000f423f
10008d44:	00989680 	.word	0x00989680
10008d48:	017d7840 	.word	0x017d7840
10008d4c:	1000b448 	.word	0x1000b448
10008d50:	1000b4c4 	.word	0x1000b4c4
10008d54:	1000b468 	.word	0x1000b468

10008d58 <i2c_init>:
10008d58:	b510      	push	{r4, lr}
10008d5a:	4b11      	ldr	r3, [pc, #68]	; (10008da0 <i2c_init+0x48>)
10008d5c:	4298      	cmp	r0, r3
10008d5e:	d01c      	beq.n	10008d9a <i2c_init+0x42>
10008d60:	2210      	movs	r2, #16
10008d62:	4b10      	ldr	r3, [pc, #64]	; (10008da4 <i2c_init+0x4c>)
10008d64:	601a      	str	r2, [r3, #0]
10008d66:	4b10      	ldr	r3, [pc, #64]	; (10008da8 <i2c_init+0x50>)
10008d68:	601a      	str	r2, [r3, #0]
10008d6a:	4b10      	ldr	r3, [pc, #64]	; (10008dac <i2c_init+0x54>)
10008d6c:	689b      	ldr	r3, [r3, #8]
10008d6e:	0014      	movs	r4, r2
10008d70:	439c      	bics	r4, r3
10008d72:	1e23      	subs	r3, r4, #0
10008d74:	d1f9      	bne.n	10008d6a <i2c_init+0x12>
10008d76:	7104      	strb	r4, [r0, #4]
10008d78:	6802      	ldr	r2, [r0, #0]
10008d7a:	66d4      	str	r4, [r2, #108]	; 0x6c
10008d7c:	6802      	ldr	r2, [r0, #0]
10008d7e:	2466      	movs	r4, #102	; 0x66
10008d80:	34ff      	adds	r4, #255	; 0xff
10008d82:	6014      	str	r4, [r2, #0]
10008d84:	6802      	ldr	r2, [r0, #0]
10008d86:	63d3      	str	r3, [r2, #60]	; 0x3c
10008d88:	6802      	ldr	r2, [r0, #0]
10008d8a:	6393      	str	r3, [r2, #56]	; 0x38
10008d8c:	3388      	adds	r3, #136	; 0x88
10008d8e:	2203      	movs	r2, #3
10008d90:	6804      	ldr	r4, [r0, #0]
10008d92:	50e2      	str	r2, [r4, r3]
10008d94:	f7ff ff68 	bl	10008c68 <i2c_set_baudrate>
10008d98:	bd10      	pop	{r4, pc}
10008d9a:	2208      	movs	r2, #8
10008d9c:	e7e1      	b.n	10008d62 <i2c_init+0xa>
10008d9e:	46c0      	nop			; (mov r8, r8)
10008da0:	20000ed0 	.word	0x20000ed0
10008da4:	4000e000 	.word	0x4000e000
10008da8:	4000f000 	.word	0x4000f000
10008dac:	4000c000 	.word	0x4000c000

10008db0 <i2c_write_blocking>:
10008db0:	b530      	push	{r4, r5, lr}
10008db2:	b085      	sub	sp, #20
10008db4:	ac08      	add	r4, sp, #32
10008db6:	7825      	ldrb	r5, [r4, #0]
10008db8:	2400      	movs	r4, #0
10008dba:	9402      	str	r4, [sp, #8]
10008dbc:	9401      	str	r4, [sp, #4]
10008dbe:	9500      	str	r5, [sp, #0]
10008dc0:	f7ff feb1 	bl	10008b26 <i2c_write_blocking_internal>
10008dc4:	b005      	add	sp, #20
10008dc6:	bd30      	pop	{r4, r5, pc}

10008dc8 <spi_set_baudrate>:
10008dc8:	b5f0      	push	{r4, r5, r6, r7, lr}
10008dca:	46de      	mov	lr, fp
10008dcc:	4657      	mov	r7, sl
10008dce:	464e      	mov	r6, r9
10008dd0:	4645      	mov	r5, r8
10008dd2:	b5e0      	push	{r5, r6, r7, lr}
10008dd4:	b083      	sub	sp, #12
10008dd6:	4682      	mov	sl, r0
10008dd8:	4688      	mov	r8, r1
10008dda:	2006      	movs	r0, #6
10008ddc:	f7fb fb40 	bl	10004460 <clock_get_hz>
10008de0:	4653      	mov	r3, sl
10008de2:	685b      	ldr	r3, [r3, #4]
10008de4:	2202      	movs	r2, #2
10008de6:	4013      	ands	r3, r2
10008de8:	9301      	str	r3, [sp, #4]
10008dea:	2304      	movs	r3, #4
10008dec:	4453      	add	r3, sl
10008dee:	469b      	mov	fp, r3
10008df0:	23c0      	movs	r3, #192	; 0xc0
10008df2:	019b      	lsls	r3, r3, #6
10008df4:	4659      	mov	r1, fp
10008df6:	430b      	orrs	r3, r1
10008df8:	601a      	str	r2, [r3, #0]
10008dfa:	2402      	movs	r4, #2
10008dfc:	4681      	mov	r9, r0
10008dfe:	4647      	mov	r7, r8
10008e00:	e000      	b.n	10008e04 <spi_set_baudrate+0x3c>
10008e02:	002c      	movs	r4, r5
10008e04:	2cfe      	cmp	r4, #254	; 0xfe
10008e06:	d81f      	bhi.n	10008e48 <spi_set_baudrate+0x80>
10008e08:	464b      	mov	r3, r9
10008e0a:	9300      	str	r3, [sp, #0]
10008e0c:	2600      	movs	r6, #0
10008e0e:	1ca5      	adds	r5, r4, #2
10008e10:	0228      	lsls	r0, r5, #8
10008e12:	003a      	movs	r2, r7
10008e14:	2300      	movs	r3, #0
10008e16:	2100      	movs	r1, #0
10008e18:	f7fd f9a0 	bl	1000615c <__wrap___aeabi_lmul>
10008e1c:	2900      	cmp	r1, #0
10008e1e:	d103      	bne.n	10008e28 <spi_set_baudrate+0x60>
10008e20:	42b1      	cmp	r1, r6
10008e22:	d1ee      	bne.n	10008e02 <spi_set_baudrate+0x3a>
10008e24:	4548      	cmp	r0, r9
10008e26:	d9ec      	bls.n	10008e02 <spi_set_baudrate+0x3a>
10008e28:	464e      	mov	r6, r9
10008e2a:	46b8      	mov	r8, r7
10008e2c:	2580      	movs	r5, #128	; 0x80
10008e2e:	006d      	lsls	r5, r5, #1
10008e30:	2d01      	cmp	r5, #1
10008e32:	d90e      	bls.n	10008e52 <spi_set_baudrate+0x8a>
10008e34:	1e6f      	subs	r7, r5, #1
10008e36:	0021      	movs	r1, r4
10008e38:	4379      	muls	r1, r7
10008e3a:	0030      	movs	r0, r6
10008e3c:	f7fc fdf8 	bl	10005a30 <__wrap___aeabi_uidiv>
10008e40:	4540      	cmp	r0, r8
10008e42:	d806      	bhi.n	10008e52 <spi_set_baudrate+0x8a>
10008e44:	003d      	movs	r5, r7
10008e46:	e7f3      	b.n	10008e30 <spi_set_baudrate+0x68>
10008e48:	464e      	mov	r6, r9
10008e4a:	46b8      	mov	r8, r7
10008e4c:	2580      	movs	r5, #128	; 0x80
10008e4e:	006d      	lsls	r5, r5, #1
10008e50:	e7ee      	b.n	10008e30 <spi_set_baudrate+0x68>
10008e52:	4653      	mov	r3, sl
10008e54:	611c      	str	r4, [r3, #16]
10008e56:	1e6b      	subs	r3, r5, #1
10008e58:	021b      	lsls	r3, r3, #8
10008e5a:	4652      	mov	r2, sl
10008e5c:	6812      	ldr	r2, [r2, #0]
10008e5e:	4053      	eors	r3, r2
10008e60:	22ff      	movs	r2, #255	; 0xff
10008e62:	0212      	lsls	r2, r2, #8
10008e64:	4013      	ands	r3, r2
10008e66:	2080      	movs	r0, #128	; 0x80
10008e68:	0140      	lsls	r0, r0, #5
10008e6a:	4652      	mov	r2, sl
10008e6c:	4310      	orrs	r0, r2
10008e6e:	6003      	str	r3, [r0, #0]
10008e70:	2380      	movs	r3, #128	; 0x80
10008e72:	019b      	lsls	r3, r3, #6
10008e74:	465a      	mov	r2, fp
10008e76:	4313      	orrs	r3, r2
10008e78:	9a01      	ldr	r2, [sp, #4]
10008e7a:	601a      	str	r2, [r3, #0]
10008e7c:	0029      	movs	r1, r5
10008e7e:	4361      	muls	r1, r4
10008e80:	0030      	movs	r0, r6
10008e82:	f7fc fdd5 	bl	10005a30 <__wrap___aeabi_uidiv>
10008e86:	b003      	add	sp, #12
10008e88:	bcf0      	pop	{r4, r5, r6, r7}
10008e8a:	46bb      	mov	fp, r7
10008e8c:	46b2      	mov	sl, r6
10008e8e:	46a9      	mov	r9, r5
10008e90:	46a0      	mov	r8, r4
10008e92:	bdf0      	pop	{r4, r5, r6, r7, pc}

10008e94 <spi_init>:
10008e94:	b570      	push	{r4, r5, r6, lr}
10008e96:	0004      	movs	r4, r0
10008e98:	4b17      	ldr	r3, [pc, #92]	; (10008ef8 <spi_init+0x64>)
10008e9a:	4298      	cmp	r0, r3
10008e9c:	d028      	beq.n	10008ef0 <spi_init+0x5c>
10008e9e:	2280      	movs	r2, #128	; 0x80
10008ea0:	0292      	lsls	r2, r2, #10
10008ea2:	4b16      	ldr	r3, [pc, #88]	; (10008efc <spi_init+0x68>)
10008ea4:	601a      	str	r2, [r3, #0]
10008ea6:	4b16      	ldr	r3, [pc, #88]	; (10008f00 <spi_init+0x6c>)
10008ea8:	601a      	str	r2, [r3, #0]
10008eaa:	4b16      	ldr	r3, [pc, #88]	; (10008f04 <spi_init+0x70>)
10008eac:	689b      	ldr	r3, [r3, #8]
10008eae:	0010      	movs	r0, r2
10008eb0:	4398      	bics	r0, r3
10008eb2:	d1fa      	bne.n	10008eaa <spi_init+0x16>
10008eb4:	0020      	movs	r0, r4
10008eb6:	f7ff ff87 	bl	10008dc8 <spi_set_baudrate>
10008eba:	6865      	ldr	r5, [r4, #4]
10008ebc:	2102      	movs	r1, #2
10008ebe:	400d      	ands	r5, r1
10008ec0:	1d23      	adds	r3, r4, #4
10008ec2:	22c0      	movs	r2, #192	; 0xc0
10008ec4:	0192      	lsls	r2, r2, #6
10008ec6:	431a      	orrs	r2, r3
10008ec8:	6011      	str	r1, [r2, #0]
10008eca:	6826      	ldr	r6, [r4, #0]
10008ecc:	2207      	movs	r2, #7
10008ece:	4072      	eors	r2, r6
10008ed0:	26cf      	movs	r6, #207	; 0xcf
10008ed2:	4016      	ands	r6, r2
10008ed4:	2280      	movs	r2, #128	; 0x80
10008ed6:	0152      	lsls	r2, r2, #5
10008ed8:	4322      	orrs	r2, r4
10008eda:	6016      	str	r6, [r2, #0]
10008edc:	2280      	movs	r2, #128	; 0x80
10008ede:	0192      	lsls	r2, r2, #6
10008ee0:	4313      	orrs	r3, r2
10008ee2:	601d      	str	r5, [r3, #0]
10008ee4:	3424      	adds	r4, #36	; 0x24
10008ee6:	4314      	orrs	r4, r2
10008ee8:	2203      	movs	r2, #3
10008eea:	6022      	str	r2, [r4, #0]
10008eec:	6019      	str	r1, [r3, #0]
10008eee:	bd70      	pop	{r4, r5, r6, pc}
10008ef0:	2280      	movs	r2, #128	; 0x80
10008ef2:	0252      	lsls	r2, r2, #9
10008ef4:	e7d5      	b.n	10008ea2 <spi_init+0xe>
10008ef6:	46c0      	nop			; (mov r8, r8)
10008ef8:	4003c000 	.word	0x4003c000
10008efc:	4000e000 	.word	0x4000e000
10008f00:	4000f000 	.word	0x4000f000
10008f04:	4000c000 	.word	0x4000c000

10008f08 <memcmp>:
10008f08:	b530      	push	{r4, r5, lr}
10008f0a:	2a03      	cmp	r2, #3
10008f0c:	d90c      	bls.n	10008f28 <memcmp+0x20>
10008f0e:	0003      	movs	r3, r0
10008f10:	430b      	orrs	r3, r1
10008f12:	079b      	lsls	r3, r3, #30
10008f14:	d119      	bne.n	10008f4a <memcmp+0x42>
10008f16:	6803      	ldr	r3, [r0, #0]
10008f18:	680c      	ldr	r4, [r1, #0]
10008f1a:	42a3      	cmp	r3, r4
10008f1c:	d115      	bne.n	10008f4a <memcmp+0x42>
10008f1e:	3a04      	subs	r2, #4
10008f20:	3004      	adds	r0, #4
10008f22:	3104      	adds	r1, #4
10008f24:	2a03      	cmp	r2, #3
10008f26:	d8f6      	bhi.n	10008f16 <memcmp+0xe>
10008f28:	1e55      	subs	r5, r2, #1
10008f2a:	2a00      	cmp	r2, #0
10008f2c:	d00b      	beq.n	10008f46 <memcmp+0x3e>
10008f2e:	2300      	movs	r3, #0
10008f30:	e003      	b.n	10008f3a <memcmp+0x32>
10008f32:	1c5a      	adds	r2, r3, #1
10008f34:	429d      	cmp	r5, r3
10008f36:	d006      	beq.n	10008f46 <memcmp+0x3e>
10008f38:	0013      	movs	r3, r2
10008f3a:	5cc2      	ldrb	r2, [r0, r3]
10008f3c:	5ccc      	ldrb	r4, [r1, r3]
10008f3e:	42a2      	cmp	r2, r4
10008f40:	d0f7      	beq.n	10008f32 <memcmp+0x2a>
10008f42:	1b10      	subs	r0, r2, r4
10008f44:	e000      	b.n	10008f48 <memcmp+0x40>
10008f46:	2000      	movs	r0, #0
10008f48:	bd30      	pop	{r4, r5, pc}
10008f4a:	1e55      	subs	r5, r2, #1
10008f4c:	e7ef      	b.n	10008f2e <memcmp+0x26>
10008f4e:	46c0      	nop			; (mov r8, r8)

10008f50 <strlen>:
10008f50:	b510      	push	{r4, lr}
10008f52:	0783      	lsls	r3, r0, #30
10008f54:	d00a      	beq.n	10008f6c <strlen+0x1c>
10008f56:	0003      	movs	r3, r0
10008f58:	2103      	movs	r1, #3
10008f5a:	e002      	b.n	10008f62 <strlen+0x12>
10008f5c:	3301      	adds	r3, #1
10008f5e:	420b      	tst	r3, r1
10008f60:	d005      	beq.n	10008f6e <strlen+0x1e>
10008f62:	781a      	ldrb	r2, [r3, #0]
10008f64:	2a00      	cmp	r2, #0
10008f66:	d1f9      	bne.n	10008f5c <strlen+0xc>
10008f68:	1a18      	subs	r0, r3, r0
10008f6a:	bd10      	pop	{r4, pc}
10008f6c:	0003      	movs	r3, r0
10008f6e:	6819      	ldr	r1, [r3, #0]
10008f70:	4a0c      	ldr	r2, [pc, #48]	; (10008fa4 <strlen+0x54>)
10008f72:	4c0d      	ldr	r4, [pc, #52]	; (10008fa8 <strlen+0x58>)
10008f74:	188a      	adds	r2, r1, r2
10008f76:	438a      	bics	r2, r1
10008f78:	4222      	tst	r2, r4
10008f7a:	d10f      	bne.n	10008f9c <strlen+0x4c>
10008f7c:	6859      	ldr	r1, [r3, #4]
10008f7e:	4a09      	ldr	r2, [pc, #36]	; (10008fa4 <strlen+0x54>)
10008f80:	3304      	adds	r3, #4
10008f82:	188a      	adds	r2, r1, r2
10008f84:	438a      	bics	r2, r1
10008f86:	4222      	tst	r2, r4
10008f88:	d108      	bne.n	10008f9c <strlen+0x4c>
10008f8a:	6859      	ldr	r1, [r3, #4]
10008f8c:	4a05      	ldr	r2, [pc, #20]	; (10008fa4 <strlen+0x54>)
10008f8e:	3304      	adds	r3, #4
10008f90:	188a      	adds	r2, r1, r2
10008f92:	438a      	bics	r2, r1
10008f94:	4222      	tst	r2, r4
10008f96:	d0f1      	beq.n	10008f7c <strlen+0x2c>
10008f98:	e000      	b.n	10008f9c <strlen+0x4c>
10008f9a:	3301      	adds	r3, #1
10008f9c:	781a      	ldrb	r2, [r3, #0]
10008f9e:	2a00      	cmp	r2, #0
10008fa0:	d1fb      	bne.n	10008f9a <strlen+0x4a>
10008fa2:	e7e1      	b.n	10008f68 <strlen+0x18>
10008fa4:	fefefeff 	.word	0xfefefeff
10008fa8:	80808080 	.word	0x80808080

10008fac <_fini>:
10008fac:	b5f8      	push	{r3, r4, r5, r6, r7, lr}
10008fae:	46c0      	nop			; (mov r8, r8)

10008fb0 <__e15_is_critical_frame_period_veneer>:
10008fb0:	b401      	push	{r0}
10008fb2:	4802      	ldr	r0, [pc, #8]	; (10008fbc <__e15_is_critical_frame_period_veneer+0xc>)
10008fb4:	4684      	mov	ip, r0
10008fb6:	bc01      	pop	{r0}
10008fb8:	4760      	bx	ip
10008fba:	bf00      	nop
10008fbc:	20000809 	.word	0x20000809

10008fc0 <__flash_do_cmd_veneer>:
10008fc0:	b401      	push	{r0}
10008fc2:	4802      	ldr	r0, [pc, #8]	; (10008fcc <__flash_do_cmd_veneer+0xc>)
10008fc4:	4684      	mov	ip, r0
10008fc6:	bc01      	pop	{r0}
10008fc8:	4760      	bx	ip
10008fca:	bf00      	nop
10008fcc:	20000455 	.word	0x20000455

10008fd0 <__spi_read_blocking_veneer>:
10008fd0:	b401      	push	{r0}
10008fd2:	4802      	ldr	r0, [pc, #8]	; (10008fdc <__spi_read_blocking_veneer+0xc>)
10008fd4:	4684      	mov	ip, r0
10008fd6:	bc01      	pop	{r0}
10008fd8:	4760      	bx	ip
10008fda:	bf00      	nop
10008fdc:	20000cc7 	.word	0x20000cc7

10008fe0 <__mutex_exit_veneer>:
10008fe0:	b401      	push	{r0}
10008fe2:	4802      	ldr	r0, [pc, #8]	; (10008fec <__mutex_exit_veneer+0xc>)
10008fe4:	4684      	mov	ip, r0
10008fe6:	bc01      	pop	{r0}
10008fe8:	4760      	bx	ip
10008fea:	bf00      	nop
10008fec:	20000231 	.word	0x20000231

10008ff0 <____aeabi_ldiv0_veneer>:
10008ff0:	b401      	push	{r0}
10008ff2:	4802      	ldr	r0, [pc, #8]	; (10008ffc <____aeabi_ldiv0_veneer+0xc>)
10008ff4:	4684      	mov	ip, r0
10008ff6:	bc01      	pop	{r0}
10008ff8:	4760      	bx	ip
10008ffa:	bf00      	nop
10008ffc:	20000d05 	.word	0x20000d05

10009000 <__flash_range_program_veneer>:
10009000:	b401      	push	{r0}
10009002:	4802      	ldr	r0, [pc, #8]	; (1000900c <__flash_range_program_veneer+0xc>)
10009004:	4684      	mov	ip, r0
10009006:	bc01      	pop	{r0}
10009008:	4760      	bx	ip
1000900a:	bf00      	nop
1000900c:	2000039d 	.word	0x2000039d

10009010 <____aeabi_idiv0_veneer>:
10009010:	b401      	push	{r0}
10009012:	4802      	ldr	r0, [pc, #8]	; (1000901c <____aeabi_idiv0_veneer+0xc>)
10009014:	4684      	mov	ip, r0
10009016:	bc01      	pop	{r0}
10009018:	4760      	bx	ip
1000901a:	bf00      	nop
1000901c:	20000d05 	.word	0x20000d05

10009020 <__mutex_try_enter_veneer>:
10009020:	b401      	push	{r0}
10009022:	4802      	ldr	r0, [pc, #8]	; (1000902c <__mutex_try_enter_veneer+0xc>)
10009024:	4684      	mov	ip, r0
10009026:	bc01      	pop	{r0}
10009028:	4760      	bx	ip
1000902a:	bf00      	nop
1000902c:	200000c1 	.word	0x200000c1

10009030 <__e15_is_bulkin_ep_veneer>:
10009030:	b401      	push	{r0}
10009032:	4802      	ldr	r0, [pc, #8]	; (1000903c <__e15_is_bulkin_ep_veneer+0xc>)
10009034:	4684      	mov	ip, r0
10009036:	bc01      	pop	{r0}
10009038:	4760      	bx	ip
1000903a:	bf00      	nop
1000903c:	200007dd 	.word	0x200007dd

10009040 <__flash_range_erase_veneer>:
10009040:	b401      	push	{r0}
10009042:	4802      	ldr	r0, [pc, #8]	; (1000904c <__flash_range_erase_veneer+0xc>)
10009044:	4684      	mov	ip, r0
10009046:	bc01      	pop	{r0}
10009048:	4760      	bx	ip
1000904a:	bf00      	nop
1000904c:	200002e5 	.word	0x200002e5

10009050 <__mutex_enter_timeout_ms_veneer>:
10009050:	b401      	push	{r0}
10009052:	4802      	ldr	r0, [pc, #8]	; (1000905c <__mutex_enter_timeout_ms_veneer+0xc>)
10009054:	4684      	mov	ip, r0
10009056:	bc01      	pop	{r0}
10009058:	4760      	bx	ip
1000905a:	bf00      	nop
1000905c:	200001c9 	.word	0x200001c9

10009060 <__spi_write_blocking_veneer>:
10009060:	b401      	push	{r0}
10009062:	4802      	ldr	r0, [pc, #8]	; (1000906c <__spi_write_blocking_veneer+0xc>)
10009064:	4684      	mov	ip, r0
10009066:	bc01      	pop	{r0}
10009068:	4760      	bx	ip
1000906a:	bf00      	nop
1000906c:	20000c8d 	.word	0x20000c8d

10009070 <__dcd_event_handler_veneer>:
10009070:	b401      	push	{r0}
10009072:	4802      	ldr	r0, [pc, #8]	; (1000907c <__dcd_event_handler_veneer+0xc>)
10009074:	4684      	mov	ip, r0
10009076:	bc01      	pop	{r0}
10009078:	4760      	bx	ip
1000907a:	bf00      	nop
1000907c:	20000a8d 	.word	0x20000a8d

10009080 <__mutex_try_enter_block_until_veneer>:
10009080:	b401      	push	{r0}
10009082:	4802      	ldr	r0, [pc, #8]	; (1000908c <__mutex_try_enter_block_until_veneer+0xc>)
10009084:	4684      	mov	ip, r0
10009086:	bc01      	pop	{r0}
10009088:	4760      	bx	ip
1000908a:	bf00      	nop
1000908c:	20000195 	.word	0x20000195

10009090 <__hw_endpoint_start_next_buffer_veneer>:
10009090:	b401      	push	{r0}
10009092:	4802      	ldr	r0, [pc, #8]	; (1000909c <__hw_endpoint_start_next_buffer_veneer+0xc>)
10009094:	4684      	mov	ip, r0
10009096:	bc01      	pop	{r0}
10009098:	4760      	bx	ip
1000909a:	bf00      	nop
1000909c:	200009b5 	.word	0x200009b5

100090a0 <__hw_endpoint_reset_transfer_veneer>:
100090a0:	b401      	push	{r0}
100090a2:	4802      	ldr	r0, [pc, #8]	; (100090ac <__hw_endpoint_reset_transfer_veneer+0xc>)
100090a4:	4684      	mov	ip, r0
100090a6:	bc01      	pop	{r0}
100090a8:	4760      	bx	ip
100090aa:	bf00      	nop
100090ac:	20000951 	.word	0x20000951

100090b0 <___hw_endpoint_buffer_control_update32_veneer>:
100090b0:	b401      	push	{r0}
100090b2:	4802      	ldr	r0, [pc, #8]	; (100090bc <___hw_endpoint_buffer_control_update32_veneer+0xc>)
100090b4:	4684      	mov	ip, r0
100090b6:	bc01      	pop	{r0}
100090b8:	4760      	bx	ip
100090ba:	bf00      	nop
100090bc:	2000095d 	.word	0x2000095d

100090c0 <__reset_non_control_endpoints_veneer>:
100090c0:	b401      	push	{r0}
100090c2:	4802      	ldr	r0, [pc, #8]	; (100090cc <__reset_non_control_endpoints_veneer+0xc>)
100090c4:	4684      	mov	ip, r0
100090c6:	bc01      	pop	{r0}
100090c8:	4760      	bx	ip
100090ca:	bf00      	nop
100090cc:	2000052d 	.word	0x2000052d

Disassembly of section .data:

200000c0 <mutex_try_enter>:
200000c0:	0003      	movs	r3, r0
200000c2:	6800      	ldr	r0, [r0, #0]
200000c4:	f3ef 8c10 	mrs	ip, PRIMASK
200000c8:	b672      	cpsid	i
200000ca:	6802      	ldr	r2, [r0, #0]
200000cc:	2a00      	cmp	r2, #0
200000ce:	d0fc      	beq.n	200000ca <mutex_try_enter+0xa>
200000d0:	f3bf 8f5f 	dmb	sy
200000d4:	2204      	movs	r2, #4
200000d6:	569a      	ldrsb	r2, [r3, r2]
200000d8:	2a00      	cmp	r2, #0
200000da:	db0b      	blt.n	200000f4 <mutex_try_enter+0x34>
200000dc:	2900      	cmp	r1, #0
200000de:	d010      	beq.n	20000102 <mutex_try_enter+0x42>
200000e0:	600a      	str	r2, [r1, #0]
200000e2:	2000      	movs	r0, #0
200000e4:	681b      	ldr	r3, [r3, #0]
200000e6:	f3bf 8f5f 	dmb	sy
200000ea:	2200      	movs	r2, #0
200000ec:	601a      	str	r2, [r3, #0]
200000ee:	f38c 8810 	msr	PRIMASK, ip
200000f2:	4770      	bx	lr
200000f4:	22d0      	movs	r2, #208	; 0xd0
200000f6:	0612      	lsls	r2, r2, #24
200000f8:	7812      	ldrb	r2, [r2, #0]
200000fa:	b252      	sxtb	r2, r2
200000fc:	711a      	strb	r2, [r3, #4]
200000fe:	2001      	movs	r0, #1
20000100:	e7f0      	b.n	200000e4 <mutex_try_enter+0x24>
20000102:	2000      	movs	r0, #0
20000104:	e7ee      	b.n	200000e4 <mutex_try_enter+0x24>
	...

20000108 <mutex_enter_block_until>:
20000108:	b5f8      	push	{r3, r4, r5, r6, r7, lr}
2000010a:	46ce      	mov	lr, r9
2000010c:	4647      	mov	r7, r8
2000010e:	b580      	push	{r7, lr}
20000110:	0004      	movs	r4, r0
20000112:	0017      	movs	r7, r2
20000114:	4698      	mov	r8, r3
20000116:	6803      	ldr	r3, [r0, #0]
20000118:	2b00      	cmp	r3, #0
2000011a:	d020      	beq.n	2000015e <mutex_enter_block_until+0x56>
2000011c:	23d0      	movs	r3, #208	; 0xd0
2000011e:	061b      	lsls	r3, r3, #24
20000120:	781b      	ldrb	r3, [r3, #0]
20000122:	b25b      	sxtb	r3, r3
20000124:	4699      	mov	r9, r3
20000126:	6826      	ldr	r6, [r4, #0]
20000128:	f3ef 8c10 	mrs	ip, PRIMASK
2000012c:	b672      	cpsid	i
2000012e:	6835      	ldr	r5, [r6, #0]
20000130:	2d00      	cmp	r5, #0
20000132:	d0fc      	beq.n	2000012e <mutex_enter_block_until+0x26>
20000134:	f3bf 8f5f 	dmb	sy
20000138:	2504      	movs	r5, #4
2000013a:	5765      	ldrsb	r5, [r4, r5]
2000013c:	2d00      	cmp	r5, #0
2000013e:	db14      	blt.n	2000016a <mutex_enter_block_until+0x62>
20000140:	6823      	ldr	r3, [r4, #0]
20000142:	f3bf 8f5f 	dmb	sy
20000146:	2200      	movs	r2, #0
20000148:	601a      	str	r2, [r3, #0]
2000014a:	f38c 8810 	msr	PRIMASK, ip
2000014e:	0038      	movs	r0, r7
20000150:	4641      	mov	r1, r8
20000152:	f000 fde9 	bl	20000d28 <__best_effort_wfe_or_timeout_veneer>
20000156:	2800      	cmp	r0, #0
20000158:	d0e5      	beq.n	20000126 <mutex_enter_block_until+0x1e>
2000015a:	2000      	movs	r0, #0
2000015c:	e00f      	b.n	2000017e <mutex_enter_block_until+0x76>
2000015e:	4b0a      	ldr	r3, [pc, #40]	; (20000188 <mutex_enter_block_until+0x80>)
20000160:	4a0a      	ldr	r2, [pc, #40]	; (2000018c <mutex_enter_block_until+0x84>)
20000162:	2185      	movs	r1, #133	; 0x85
20000164:	480a      	ldr	r0, [pc, #40]	; (20000190 <mutex_enter_block_until+0x88>)
20000166:	f000 fdcf 	bl	20000d08 <____assert_func_veneer>
2000016a:	464b      	mov	r3, r9
2000016c:	7123      	strb	r3, [r4, #4]
2000016e:	6823      	ldr	r3, [r4, #0]
20000170:	f3bf 8f5f 	dmb	sy
20000174:	2200      	movs	r2, #0
20000176:	601a      	str	r2, [r3, #0]
20000178:	f38c 8810 	msr	PRIMASK, ip
2000017c:	2001      	movs	r0, #1
2000017e:	bcc0      	pop	{r6, r7}
20000180:	46b9      	mov	r9, r7
20000182:	46b0      	mov	r8, r6
20000184:	bdf8      	pop	{r3, r4, r5, r6, r7, pc}
20000186:	46c0      	nop			; (mov r8, r8)
20000188:	1000a098 	.word	0x1000a098
2000018c:	1000a0f0 	.word	0x1000a0f0
20000190:	1000a044 	.word	0x1000a044

20000194 <mutex_try_enter_block_until>:
20000194:	b570      	push	{r4, r5, r6, lr}
20000196:	b082      	sub	sp, #8
20000198:	0006      	movs	r6, r0
2000019a:	0015      	movs	r5, r2
2000019c:	001c      	movs	r4, r3
2000019e:	a901      	add	r1, sp, #4
200001a0:	f7ff ff8e 	bl	200000c0 <mutex_try_enter>
200001a4:	2800      	cmp	r0, #0
200001a6:	d107      	bne.n	200001b8 <mutex_try_enter_block_until+0x24>
200001a8:	9b01      	ldr	r3, [sp, #4]
200001aa:	b25b      	sxtb	r3, r3
200001ac:	22d0      	movs	r2, #208	; 0xd0
200001ae:	0612      	lsls	r2, r2, #24
200001b0:	7812      	ldrb	r2, [r2, #0]
200001b2:	b252      	sxtb	r2, r2
200001b4:	4293      	cmp	r3, r2
200001b6:	d101      	bne.n	200001bc <mutex_try_enter_block_until+0x28>
200001b8:	b002      	add	sp, #8
200001ba:	bd70      	pop	{r4, r5, r6, pc}
200001bc:	002a      	movs	r2, r5
200001be:	0023      	movs	r3, r4
200001c0:	0030      	movs	r0, r6
200001c2:	f7ff ffa1 	bl	20000108 <mutex_enter_block_until>
200001c6:	e7f7      	b.n	200001b8 <mutex_try_enter_block_until+0x24>

200001c8 <mutex_enter_timeout_ms>:
200001c8:	b5f8      	push	{r3, r4, r5, r6, r7, lr}
200001ca:	0006      	movs	r6, r0
200001cc:	000f      	movs	r7, r1
200001ce:	f000 fda3 	bl	20000d18 <__time_us_64_veneer>
200001d2:	0004      	movs	r4, r0
200001d4:	1e0d      	subs	r5, r1, #0
200001d6:	db12      	blt.n	200001fe <mutex_enter_timeout_ms+0x36>
200001d8:	22fa      	movs	r2, #250	; 0xfa
200001da:	0092      	lsls	r2, r2, #2
200001dc:	2300      	movs	r3, #0
200001de:	0038      	movs	r0, r7
200001e0:	2100      	movs	r1, #0
200001e2:	f000 fda9 	bl	20000d38 <____wrap___aeabi_lmul_veneer>
200001e6:	0022      	movs	r2, r4
200001e8:	002b      	movs	r3, r5
200001ea:	1812      	adds	r2, r2, r0
200001ec:	414b      	adcs	r3, r1
200001ee:	2b00      	cmp	r3, #0
200001f0:	db0b      	blt.n	2000020a <mutex_enter_timeout_ms+0x42>
200001f2:	2b00      	cmp	r3, #0
200001f4:	db0d      	blt.n	20000212 <mutex_enter_timeout_ms+0x4a>
200001f6:	0030      	movs	r0, r6
200001f8:	f7ff ff86 	bl	20000108 <mutex_enter_block_until>
200001fc:	bdf8      	pop	{r3, r4, r5, r6, r7, pc}
200001fe:	4b08      	ldr	r3, [pc, #32]	; (20000220 <mutex_enter_timeout_ms+0x58>)
20000200:	4a08      	ldr	r2, [pc, #32]	; (20000224 <mutex_enter_timeout_ms+0x5c>)
20000202:	213f      	movs	r1, #63	; 0x3f
20000204:	4808      	ldr	r0, [pc, #32]	; (20000228 <mutex_enter_timeout_ms+0x60>)
20000206:	f000 fd7f 	bl	20000d08 <____assert_func_veneer>
2000020a:	2201      	movs	r2, #1
2000020c:	4252      	negs	r2, r2
2000020e:	4b07      	ldr	r3, [pc, #28]	; (2000022c <mutex_enter_timeout_ms+0x64>)
20000210:	e7ef      	b.n	200001f2 <mutex_enter_timeout_ms+0x2a>
20000212:	4b03      	ldr	r3, [pc, #12]	; (20000220 <mutex_enter_timeout_ms+0x58>)
20000214:	4a03      	ldr	r2, [pc, #12]	; (20000224 <mutex_enter_timeout_ms+0x5c>)
20000216:	213f      	movs	r1, #63	; 0x3f
20000218:	4803      	ldr	r0, [pc, #12]	; (20000228 <mutex_enter_timeout_ms+0x60>)
2000021a:	f000 fd75 	bl	20000d08 <____assert_func_veneer>
2000021e:	46c0      	nop			; (mov r8, r8)
20000220:	100090e4 	.word	0x100090e4
20000224:	1000a108 	.word	0x1000a108
20000228:	10009100 	.word	0x10009100
2000022c:	7fffffff 	.word	0x7fffffff

20000230 <mutex_exit>:
20000230:	b510      	push	{r4, lr}
20000232:	6802      	ldr	r2, [r0, #0]
20000234:	f3ef 8110 	mrs	r1, PRIMASK
20000238:	b672      	cpsid	i
2000023a:	6813      	ldr	r3, [r2, #0]
2000023c:	2b00      	cmp	r3, #0
2000023e:	d0fc      	beq.n	2000023a <mutex_exit+0xa>
20000240:	f3bf 8f5f 	dmb	sy
20000244:	2304      	movs	r3, #4
20000246:	56c3      	ldrsb	r3, [r0, r3]
20000248:	2b00      	cmp	r3, #0
2000024a:	db0a      	blt.n	20000262 <mutex_exit+0x32>
2000024c:	23ff      	movs	r3, #255	; 0xff
2000024e:	7103      	strb	r3, [r0, #4]
20000250:	6803      	ldr	r3, [r0, #0]
20000252:	f3bf 8f5f 	dmb	sy
20000256:	2200      	movs	r2, #0
20000258:	601a      	str	r2, [r3, #0]
2000025a:	f381 8810 	msr	PRIMASK, r1
2000025e:	bf40      	sev
20000260:	bd10      	pop	{r4, pc}
20000262:	4b03      	ldr	r3, [pc, #12]	; (20000270 <mutex_exit+0x40>)
20000264:	4a03      	ldr	r2, [pc, #12]	; (20000274 <mutex_exit+0x44>)
20000266:	21b4      	movs	r1, #180	; 0xb4
20000268:	4803      	ldr	r0, [pc, #12]	; (20000278 <mutex_exit+0x48>)
2000026a:	f000 fd4d 	bl	20000d08 <____assert_func_veneer>
2000026e:	46c0      	nop			; (mov r8, r8)
20000270:	1000a0ac 	.word	0x1000a0ac
20000274:	1000a0e4 	.word	0x1000a0e4
20000278:	1000a044 	.word	0x1000a044

2000027c <flash_init_boot2_copyout>:
2000027c:	4b09      	ldr	r3, [pc, #36]	; (200002a4 <flash_init_boot2_copyout+0x28>)
2000027e:	781b      	ldrb	r3, [r3, #0]
20000280:	2b00      	cmp	r3, #0
20000282:	d008      	beq.n	20000296 <flash_init_boot2_copyout+0x1a>
20000284:	e00c      	b.n	200002a0 <flash_init_boot2_copyout+0x24>
20000286:	009a      	lsls	r2, r3, #2
20000288:	2180      	movs	r1, #128	; 0x80
2000028a:	0549      	lsls	r1, r1, #21
2000028c:	1851      	adds	r1, r2, r1
2000028e:	6808      	ldr	r0, [r1, #0]
20000290:	4905      	ldr	r1, [pc, #20]	; (200002a8 <flash_init_boot2_copyout+0x2c>)
20000292:	5050      	str	r0, [r2, r1]
20000294:	3301      	adds	r3, #1
20000296:	2b3f      	cmp	r3, #63	; 0x3f
20000298:	ddf5      	ble.n	20000286 <flash_init_boot2_copyout+0xa>
2000029a:	4b02      	ldr	r3, [pc, #8]	; (200002a4 <flash_init_boot2_copyout+0x28>)
2000029c:	2201      	movs	r2, #1
2000029e:	701a      	strb	r2, [r3, #0]
200002a0:	4770      	bx	lr
200002a2:	46c0      	nop			; (mov r8, r8)
200002a4:	20001d2f 	.word	0x20001d2f
200002a8:	200014b0 	.word	0x200014b0

200002ac <flash_enable_xip_via_boot2>:
200002ac:	b510      	push	{r4, lr}
200002ae:	4b02      	ldr	r3, [pc, #8]	; (200002b8 <flash_enable_xip_via_boot2+0xc>)
200002b0:	3301      	adds	r3, #1
200002b2:	4798      	blx	r3
200002b4:	bd10      	pop	{r4, pc}
200002b6:	46c0      	nop			; (mov r8, r8)
200002b8:	200014b0 	.word	0x200014b0

200002bc <flash_cs_force>:
200002bc:	2800      	cmp	r0, #0
200002be:	d00a      	beq.n	200002d6 <flash_cs_force+0x1a>
200002c0:	2303      	movs	r3, #3
200002c2:	021b      	lsls	r3, r3, #8
200002c4:	4a05      	ldr	r2, [pc, #20]	; (200002dc <flash_cs_force+0x20>)
200002c6:	6812      	ldr	r2, [r2, #0]
200002c8:	4053      	eors	r3, r2
200002ca:	22c0      	movs	r2, #192	; 0xc0
200002cc:	0092      	lsls	r2, r2, #2
200002ce:	4013      	ands	r3, r2
200002d0:	4a03      	ldr	r2, [pc, #12]	; (200002e0 <flash_cs_force+0x24>)
200002d2:	6013      	str	r3, [r2, #0]
200002d4:	4770      	bx	lr
200002d6:	2302      	movs	r3, #2
200002d8:	e7f3      	b.n	200002c2 <flash_cs_force+0x6>
200002da:	46c0      	nop			; (mov r8, r8)
200002dc:	4001800c 	.word	0x4001800c
200002e0:	4001900c 	.word	0x4001900c

200002e4 <flash_range_erase>:
200002e4:	b5f0      	push	{r4, r5, r6, r7, lr}
200002e6:	46d6      	mov	lr, sl
200002e8:	464f      	mov	r7, r9
200002ea:	4646      	mov	r6, r8
200002ec:	b5c0      	push	{r6, r7, lr}
200002ee:	0004      	movs	r4, r0
200002f0:	000d      	movs	r5, r1
200002f2:	180a      	adds	r2, r1, r0
200002f4:	2380      	movs	r3, #128	; 0x80
200002f6:	039b      	lsls	r3, r3, #14
200002f8:	429a      	cmp	r2, r3
200002fa:	d832      	bhi.n	20000362 <flash_range_erase+0x7e>
200002fc:	2718      	movs	r7, #24
200002fe:	883b      	ldrh	r3, [r7, #0]
20000300:	2614      	movs	r6, #20
20000302:	8830      	ldrh	r0, [r6, #0]
20000304:	491d      	ldr	r1, [pc, #116]	; (2000037c <flash_range_erase+0x98>)
20000306:	4798      	blx	r3
20000308:	4681      	mov	r9, r0
2000030a:	883b      	ldrh	r3, [r7, #0]
2000030c:	8830      	ldrh	r0, [r6, #0]
2000030e:	491c      	ldr	r1, [pc, #112]	; (20000380 <flash_range_erase+0x9c>)
20000310:	4798      	blx	r3
20000312:	4680      	mov	r8, r0
20000314:	883b      	ldrh	r3, [r7, #0]
20000316:	8830      	ldrh	r0, [r6, #0]
20000318:	491a      	ldr	r1, [pc, #104]	; (20000384 <flash_range_erase+0xa0>)
2000031a:	4798      	blx	r3
2000031c:	4682      	mov	sl, r0
2000031e:	883b      	ldrh	r3, [r7, #0]
20000320:	8830      	ldrh	r0, [r6, #0]
20000322:	4919      	ldr	r1, [pc, #100]	; (20000388 <flash_range_erase+0xa4>)
20000324:	4798      	blx	r3
20000326:	0006      	movs	r6, r0
20000328:	464b      	mov	r3, r9
2000032a:	2b00      	cmp	r3, #0
2000032c:	d01f      	beq.n	2000036e <flash_range_erase+0x8a>
2000032e:	4643      	mov	r3, r8
20000330:	2b00      	cmp	r3, #0
20000332:	d01c      	beq.n	2000036e <flash_range_erase+0x8a>
20000334:	4653      	mov	r3, sl
20000336:	2b00      	cmp	r3, #0
20000338:	d019      	beq.n	2000036e <flash_range_erase+0x8a>
2000033a:	2800      	cmp	r0, #0
2000033c:	d017      	beq.n	2000036e <flash_range_erase+0x8a>
2000033e:	f7ff ff9d 	bl	2000027c <flash_init_boot2_copyout>
20000342:	47c8      	blx	r9
20000344:	47c0      	blx	r8
20000346:	2280      	movs	r2, #128	; 0x80
20000348:	23d8      	movs	r3, #216	; 0xd8
2000034a:	0252      	lsls	r2, r2, #9
2000034c:	0029      	movs	r1, r5
2000034e:	0020      	movs	r0, r4
20000350:	47d0      	blx	sl
20000352:	47b0      	blx	r6
20000354:	f7ff ffaa 	bl	200002ac <flash_enable_xip_via_boot2>
20000358:	bce0      	pop	{r5, r6, r7}
2000035a:	46ba      	mov	sl, r7
2000035c:	46b1      	mov	r9, r6
2000035e:	46a8      	mov	r8, r5
20000360:	bdf0      	pop	{r4, r5, r6, r7, pc}
20000362:	4b0a      	ldr	r3, [pc, #40]	; (2000038c <flash_range_erase+0xa8>)
20000364:	4a0a      	ldr	r2, [pc, #40]	; (20000390 <flash_range_erase+0xac>)
20000366:	2141      	movs	r1, #65	; 0x41
20000368:	480a      	ldr	r0, [pc, #40]	; (20000394 <flash_range_erase+0xb0>)
2000036a:	f000 fccd 	bl	20000d08 <____assert_func_veneer>
2000036e:	4b0a      	ldr	r3, [pc, #40]	; (20000398 <flash_range_erase+0xb4>)
20000370:	4a07      	ldr	r2, [pc, #28]	; (20000390 <flash_range_erase+0xac>)
20000372:	2149      	movs	r1, #73	; 0x49
20000374:	4807      	ldr	r0, [pc, #28]	; (20000394 <flash_range_erase+0xb0>)
20000376:	f000 fcc7 	bl	20000d08 <____assert_func_veneer>
2000037a:	46c0      	nop			; (mov r8, r8)
2000037c:	00004649 	.word	0x00004649
20000380:	00005845 	.word	0x00005845
20000384:	00004552 	.word	0x00004552
20000388:	00004346 	.word	0x00004346
2000038c:	1000af8c 	.word	0x1000af8c
20000390:	1000b128 	.word	0x1000b128
20000394:	1000afb8 	.word	0x1000afb8
20000398:	1000b018 	.word	0x1000b018

2000039c <flash_range_program>:
2000039c:	b5f8      	push	{r3, r4, r5, r6, r7, lr}
2000039e:	46de      	mov	lr, fp
200003a0:	4657      	mov	r7, sl
200003a2:	464e      	mov	r6, r9
200003a4:	4645      	mov	r5, r8
200003a6:	b5e0      	push	{r5, r6, r7, lr}
200003a8:	0004      	movs	r4, r0
200003aa:	468b      	mov	fp, r1
200003ac:	0015      	movs	r5, r2
200003ae:	1812      	adds	r2, r2, r0
200003b0:	2380      	movs	r3, #128	; 0x80
200003b2:	039b      	lsls	r3, r3, #14
200003b4:	429a      	cmp	r2, r3
200003b6:	d831      	bhi.n	2000041c <flash_range_program+0x80>
200003b8:	2718      	movs	r7, #24
200003ba:	883b      	ldrh	r3, [r7, #0]
200003bc:	2614      	movs	r6, #20
200003be:	8830      	ldrh	r0, [r6, #0]
200003c0:	491c      	ldr	r1, [pc, #112]	; (20000434 <flash_range_program+0x98>)
200003c2:	4798      	blx	r3
200003c4:	4681      	mov	r9, r0
200003c6:	883b      	ldrh	r3, [r7, #0]
200003c8:	8830      	ldrh	r0, [r6, #0]
200003ca:	491b      	ldr	r1, [pc, #108]	; (20000438 <flash_range_program+0x9c>)
200003cc:	4798      	blx	r3
200003ce:	4680      	mov	r8, r0
200003d0:	883b      	ldrh	r3, [r7, #0]
200003d2:	8830      	ldrh	r0, [r6, #0]
200003d4:	4919      	ldr	r1, [pc, #100]	; (2000043c <flash_range_program+0xa0>)
200003d6:	4798      	blx	r3
200003d8:	4682      	mov	sl, r0
200003da:	883b      	ldrh	r3, [r7, #0]
200003dc:	8830      	ldrh	r0, [r6, #0]
200003de:	4918      	ldr	r1, [pc, #96]	; (20000440 <flash_range_program+0xa4>)
200003e0:	4798      	blx	r3
200003e2:	0006      	movs	r6, r0
200003e4:	464b      	mov	r3, r9
200003e6:	2b00      	cmp	r3, #0
200003e8:	d01e      	beq.n	20000428 <flash_range_program+0x8c>
200003ea:	4643      	mov	r3, r8
200003ec:	2b00      	cmp	r3, #0
200003ee:	d01b      	beq.n	20000428 <flash_range_program+0x8c>
200003f0:	4653      	mov	r3, sl
200003f2:	2b00      	cmp	r3, #0
200003f4:	d018      	beq.n	20000428 <flash_range_program+0x8c>
200003f6:	2800      	cmp	r0, #0
200003f8:	d016      	beq.n	20000428 <flash_range_program+0x8c>
200003fa:	f7ff ff3f 	bl	2000027c <flash_init_boot2_copyout>
200003fe:	47c8      	blx	r9
20000400:	47c0      	blx	r8
20000402:	002a      	movs	r2, r5
20000404:	4659      	mov	r1, fp
20000406:	0020      	movs	r0, r4
20000408:	47d0      	blx	sl
2000040a:	47b0      	blx	r6
2000040c:	f7ff ff4e 	bl	200002ac <flash_enable_xip_via_boot2>
20000410:	bcf0      	pop	{r4, r5, r6, r7}
20000412:	46bb      	mov	fp, r7
20000414:	46b2      	mov	sl, r6
20000416:	46a9      	mov	r9, r5
20000418:	46a0      	mov	r8, r4
2000041a:	bdf8      	pop	{r3, r4, r5, r6, r7, pc}
2000041c:	4b09      	ldr	r3, [pc, #36]	; (20000444 <flash_range_program+0xa8>)
2000041e:	4a0a      	ldr	r2, [pc, #40]	; (20000448 <flash_range_program+0xac>)
20000420:	2158      	movs	r1, #88	; 0x58
20000422:	480a      	ldr	r0, [pc, #40]	; (2000044c <flash_range_program+0xb0>)
20000424:	f000 fc70 	bl	20000d08 <____assert_func_veneer>
20000428:	4b09      	ldr	r3, [pc, #36]	; (20000450 <flash_range_program+0xb4>)
2000042a:	4a07      	ldr	r2, [pc, #28]	; (20000448 <flash_range_program+0xac>)
2000042c:	2160      	movs	r1, #96	; 0x60
2000042e:	4807      	ldr	r0, [pc, #28]	; (2000044c <flash_range_program+0xb0>)
20000430:	f000 fc6a 	bl	20000d08 <____assert_func_veneer>
20000434:	00004649 	.word	0x00004649
20000438:	00005845 	.word	0x00005845
2000043c:	00005052 	.word	0x00005052
20000440:	00004346 	.word	0x00004346
20000444:	1000af8c 	.word	0x1000af8c
20000448:	1000b114 	.word	0x1000b114
2000044c:	1000afb8 	.word	0x1000afb8
20000450:	1000b06c 	.word	0x1000b06c

20000454 <flash_do_cmd>:
20000454:	b5f0      	push	{r4, r5, r6, r7, lr}
20000456:	46d6      	mov	lr, sl
20000458:	464f      	mov	r7, r9
2000045a:	4646      	mov	r6, r8
2000045c:	b5c0      	push	{r6, r7, lr}
2000045e:	0007      	movs	r7, r0
20000460:	000e      	movs	r6, r1
20000462:	0015      	movs	r5, r2
20000464:	2318      	movs	r3, #24
20000466:	469a      	mov	sl, r3
20000468:	881b      	ldrh	r3, [r3, #0]
2000046a:	2214      	movs	r2, #20
2000046c:	4690      	mov	r8, r2
2000046e:	8810      	ldrh	r0, [r2, #0]
20000470:	4928      	ldr	r1, [pc, #160]	; (20000514 <flash_do_cmd+0xc0>)
20000472:	4798      	blx	r3
20000474:	4681      	mov	r9, r0
20000476:	4653      	mov	r3, sl
20000478:	881b      	ldrh	r3, [r3, #0]
2000047a:	4642      	mov	r2, r8
2000047c:	8810      	ldrh	r0, [r2, #0]
2000047e:	4926      	ldr	r1, [pc, #152]	; (20000518 <flash_do_cmd+0xc4>)
20000480:	4798      	blx	r3
20000482:	0004      	movs	r4, r0
20000484:	4653      	mov	r3, sl
20000486:	881b      	ldrh	r3, [r3, #0]
20000488:	4642      	mov	r2, r8
2000048a:	8810      	ldrh	r0, [r2, #0]
2000048c:	4923      	ldr	r1, [pc, #140]	; (2000051c <flash_do_cmd+0xc8>)
2000048e:	4798      	blx	r3
20000490:	4680      	mov	r8, r0
20000492:	464b      	mov	r3, r9
20000494:	2b00      	cmp	r3, #0
20000496:	d00c      	beq.n	200004b2 <flash_do_cmd+0x5e>
20000498:	2c00      	cmp	r4, #0
2000049a:	d00a      	beq.n	200004b2 <flash_do_cmd+0x5e>
2000049c:	2800      	cmp	r0, #0
2000049e:	d008      	beq.n	200004b2 <flash_do_cmd+0x5e>
200004a0:	f7ff feec 	bl	2000027c <flash_init_boot2_copyout>
200004a4:	47c8      	blx	r9
200004a6:	47a0      	blx	r4
200004a8:	2000      	movs	r0, #0
200004aa:	f7ff ff07 	bl	200002bc <flash_cs_force>
200004ae:	002a      	movs	r2, r5
200004b0:	e00f      	b.n	200004d2 <flash_do_cmd+0x7e>
200004b2:	4b1b      	ldr	r3, [pc, #108]	; (20000520 <flash_do_cmd+0xcc>)
200004b4:	4a1b      	ldr	r2, [pc, #108]	; (20000524 <flash_do_cmd+0xd0>)
200004b6:	2180      	movs	r1, #128	; 0x80
200004b8:	481b      	ldr	r0, [pc, #108]	; (20000528 <flash_do_cmd+0xd4>)
200004ba:	f000 fc25 	bl	20000d08 <____assert_func_veneer>
200004be:	2b00      	cmp	r3, #0
200004c0:	d007      	beq.n	200004d2 <flash_do_cmd+0x7e>
200004c2:	2a00      	cmp	r2, #0
200004c4:	d005      	beq.n	200004d2 <flash_do_cmd+0x7e>
200004c6:	23c0      	movs	r3, #192	; 0xc0
200004c8:	055b      	lsls	r3, r3, #21
200004ca:	6e1b      	ldr	r3, [r3, #96]	; 0x60
200004cc:	7033      	strb	r3, [r6, #0]
200004ce:	3a01      	subs	r2, #1
200004d0:	3601      	adds	r6, #1
200004d2:	002b      	movs	r3, r5
200004d4:	4313      	orrs	r3, r2
200004d6:	d012      	beq.n	200004fe <flash_do_cmd+0xaa>
200004d8:	23c0      	movs	r3, #192	; 0xc0
200004da:	055b      	lsls	r3, r3, #21
200004dc:	6a9c      	ldr	r4, [r3, #40]	; 0x28
200004de:	2308      	movs	r3, #8
200004e0:	4023      	ands	r3, r4
200004e2:	07a1      	lsls	r1, r4, #30
200004e4:	d5eb      	bpl.n	200004be <flash_do_cmd+0x6a>
200004e6:	2d00      	cmp	r5, #0
200004e8:	d0e9      	beq.n	200004be <flash_do_cmd+0x6a>
200004ea:	1b51      	subs	r1, r2, r5
200004ec:	290d      	cmp	r1, #13
200004ee:	d8e6      	bhi.n	200004be <flash_do_cmd+0x6a>
200004f0:	7838      	ldrb	r0, [r7, #0]
200004f2:	21c0      	movs	r1, #192	; 0xc0
200004f4:	0549      	lsls	r1, r1, #21
200004f6:	6608      	str	r0, [r1, #96]	; 0x60
200004f8:	3d01      	subs	r5, #1
200004fa:	3701      	adds	r7, #1
200004fc:	e7df      	b.n	200004be <flash_do_cmd+0x6a>
200004fe:	2001      	movs	r0, #1
20000500:	f7ff fedc 	bl	200002bc <flash_cs_force>
20000504:	47c0      	blx	r8
20000506:	f7ff fed1 	bl	200002ac <flash_enable_xip_via_boot2>
2000050a:	bce0      	pop	{r5, r6, r7}
2000050c:	46ba      	mov	sl, r7
2000050e:	46b1      	mov	r9, r6
20000510:	46a8      	mov	r8, r5
20000512:	bdf0      	pop	{r4, r5, r6, r7, pc}
20000514:	00004649 	.word	0x00004649
20000518:	00005845 	.word	0x00005845
2000051c:	00004346 	.word	0x00004346
20000520:	1000b0c4 	.word	0x1000b0c4
20000524:	1000b104 	.word	0x1000b104
20000528:	1000afb8 	.word	0x1000afb8

2000052c <reset_non_control_endpoints>:
2000052c:	b510      	push	{r4, lr}
2000052e:	2300      	movs	r3, #0
20000530:	e008      	b.n	20000544 <reset_non_control_endpoints+0x18>
20000532:	3301      	adds	r3, #1
20000534:	00da      	lsls	r2, r3, #3
20000536:	2100      	movs	r1, #0
20000538:	4808      	ldr	r0, [pc, #32]	; (2000055c <reset_non_control_endpoints+0x30>)
2000053a:	5011      	str	r1, [r2, r0]
2000053c:	4684      	mov	ip, r0
2000053e:	4462      	add	r2, ip
20000540:	6051      	str	r1, [r2, #4]
20000542:	b2db      	uxtb	r3, r3
20000544:	2b0e      	cmp	r3, #14
20000546:	d9f4      	bls.n	20000532 <reset_non_control_endpoints+0x6>
20000548:	22f0      	movs	r2, #240	; 0xf0
2000054a:	0092      	lsls	r2, r2, #2
2000054c:	2100      	movs	r1, #0
2000054e:	4804      	ldr	r0, [pc, #16]	; (20000560 <reset_non_control_endpoints+0x34>)
20000550:	f000 fc02 	bl	20000d58 <____wrap_memset_veneer>
20000554:	4b03      	ldr	r3, [pc, #12]	; (20000564 <reset_non_control_endpoints+0x38>)
20000556:	4a04      	ldr	r2, [pc, #16]	; (20000568 <reset_non_control_endpoints+0x3c>)
20000558:	601a      	str	r2, [r3, #0]
2000055a:	bd10      	pop	{r4, pc}
2000055c:	50100000 	.word	0x50100000
20000560:	200016b0 	.word	0x200016b0
20000564:	20001aa8 	.word	0x20001aa8
20000568:	50100180 	.word	0x50100180

2000056c <hw_handle_buff_status>:
2000056c:	b5f0      	push	{r4, r5, r6, r7, lr}
2000056e:	46ce      	mov	lr, r9
20000570:	4647      	mov	r7, r8
20000572:	b580      	push	{r7, lr}
20000574:	b085      	sub	sp, #20
20000576:	4b23      	ldr	r3, [pc, #140]	; (20000604 <hw_handle_buff_status+0x98>)
20000578:	6d9f      	ldr	r7, [r3, #88]	; 0x58
2000057a:	2400      	movs	r4, #0
2000057c:	2601      	movs	r6, #1
2000057e:	e003      	b.n	20000588 <hw_handle_buff_status+0x1c>
20000580:	43b7      	bics	r7, r6
20000582:	0076      	lsls	r6, r6, #1
20000584:	3401      	adds	r4, #1
20000586:	b2e4      	uxtb	r4, r4
20000588:	2f00      	cmp	r7, #0
2000058a:	d036      	beq.n	200005fa <hw_handle_buff_status+0x8e>
2000058c:	2c1f      	cmp	r4, #31
2000058e:	d834      	bhi.n	200005fa <hw_handle_buff_status+0x8e>
20000590:	423e      	tst	r6, r7
20000592:	d0f6      	beq.n	20000582 <hw_handle_buff_status+0x16>
20000594:	4b1c      	ldr	r3, [pc, #112]	; (20000608 <hw_handle_buff_status+0x9c>)
20000596:	659e      	str	r6, [r3, #88]	; 0x58
20000598:	0863      	lsrs	r3, r4, #1
2000059a:	4699      	mov	r9, r3
2000059c:	2301      	movs	r3, #1
2000059e:	4063      	eors	r3, r4
200005a0:	2201      	movs	r2, #1
200005a2:	401a      	ands	r2, r3
200005a4:	4690      	mov	r8, r2
200005a6:	464b      	mov	r3, r9
200005a8:	005d      	lsls	r5, r3, #1
200005aa:	4445      	add	r5, r8
200005ac:	016d      	lsls	r5, r5, #5
200005ae:	4b17      	ldr	r3, [pc, #92]	; (2000060c <hw_handle_buff_status+0xa0>)
200005b0:	18ed      	adds	r5, r5, r3
200005b2:	0028      	movs	r0, r5
200005b4:	f000 fa42 	bl	20000a3c <hw_endpoint_xfer_continue>
200005b8:	2800      	cmp	r0, #0
200005ba:	d0e1      	beq.n	20000580 <hw_handle_buff_status+0x14>
200005bc:	464b      	mov	r3, r9
200005be:	005b      	lsls	r3, r3, #1
200005c0:	4443      	add	r3, r8
200005c2:	015b      	lsls	r3, r3, #5
200005c4:	4a11      	ldr	r2, [pc, #68]	; (2000060c <hw_handle_buff_status+0xa0>)
200005c6:	18d3      	adds	r3, r2, r3
200005c8:	789a      	ldrb	r2, [r3, #2]
200005ca:	4691      	mov	r9, r2
200005cc:	8adb      	ldrh	r3, [r3, #22]
200005ce:	4698      	mov	r8, r3
200005d0:	220c      	movs	r2, #12
200005d2:	2100      	movs	r1, #0
200005d4:	a801      	add	r0, sp, #4
200005d6:	f000 fbbf 	bl	20000d58 <____wrap_memset_veneer>
200005da:	2307      	movs	r3, #7
200005dc:	466a      	mov	r2, sp
200005de:	7153      	strb	r3, [r2, #5]
200005e0:	466b      	mov	r3, sp
200005e2:	464a      	mov	r2, r9
200005e4:	721a      	strb	r2, [r3, #8]
200005e6:	4643      	mov	r3, r8
200005e8:	9303      	str	r3, [sp, #12]
200005ea:	2101      	movs	r1, #1
200005ec:	a801      	add	r0, sp, #4
200005ee:	f000 fa4d 	bl	20000a8c <dcd_event_handler>
200005f2:	0028      	movs	r0, r5
200005f4:	f000 f9ac 	bl	20000950 <hw_endpoint_reset_transfer>
200005f8:	e7c2      	b.n	20000580 <hw_handle_buff_status+0x14>
200005fa:	b005      	add	sp, #20
200005fc:	bcc0      	pop	{r6, r7}
200005fe:	46b9      	mov	r9, r7
20000600:	46b0      	mov	r8, r6
20000602:	bdf0      	pop	{r4, r5, r6, r7, pc}
20000604:	50110000 	.word	0x50110000
20000608:	50113000 	.word	0x50113000
2000060c:	20001670 	.word	0x20001670

20000610 <dcd_rp2040_irq>:
20000610:	b5f0      	push	{r4, r5, r6, r7, lr}
20000612:	b085      	sub	sp, #20
20000614:	4a68      	ldr	r2, [pc, #416]	; (200007b8 <dcd_rp2040_irq+0x1a8>)
20000616:	2398      	movs	r3, #152	; 0x98
20000618:	58d5      	ldr	r5, [r2, r3]
2000061a:	2380      	movs	r3, #128	; 0x80
2000061c:	029b      	lsls	r3, r3, #10
2000061e:	002c      	movs	r4, r5
20000620:	401c      	ands	r4, r3
20000622:	421d      	tst	r5, r3
20000624:	d04a      	beq.n	200006bc <dcd_rp2040_irq+0xac>
20000626:	4b65      	ldr	r3, [pc, #404]	; (200007bc <dcd_rp2040_irq+0x1ac>)
20000628:	6a9a      	ldr	r2, [r3, #40]	; 0x28
2000062a:	4b65      	ldr	r3, [pc, #404]	; (200007c0 <dcd_rp2040_irq+0x1b0>)
2000062c:	601a      	str	r2, [r3, #0]
2000062e:	2400      	movs	r4, #0
20000630:	2600      	movs	r6, #0
20000632:	e009      	b.n	20000648 <dcd_rp2040_irq+0x38>
20000634:	4b63      	ldr	r3, [pc, #396]	; (200007c4 <dcd_rp2040_irq+0x1b4>)
20000636:	1899      	adds	r1, r3, r2
20000638:	313c      	adds	r1, #60	; 0x3c
2000063a:	2300      	movs	r3, #0
2000063c:	700b      	strb	r3, [r1, #0]
2000063e:	f000 f9b9 	bl	200009b4 <hw_endpoint_start_next_buffer>
20000642:	003e      	movs	r6, r7
20000644:	3401      	adds	r4, #1
20000646:	b2e4      	uxtb	r4, r4
20000648:	2c0f      	cmp	r4, #15
2000064a:	d817      	bhi.n	2000067c <dcd_rp2040_irq+0x6c>
2000064c:	01a2      	lsls	r2, r4, #6
2000064e:	0010      	movs	r0, r2
20000650:	3020      	adds	r0, #32
20000652:	4b5c      	ldr	r3, [pc, #368]	; (200007c4 <dcd_rp2040_irq+0x1b4>)
20000654:	18c0      	adds	r0, r0, r3
20000656:	189b      	adds	r3, r3, r2
20000658:	333b      	adds	r3, #59	; 0x3b
2000065a:	781b      	ldrb	r3, [r3, #0]
2000065c:	2b02      	cmp	r3, #2
2000065e:	d1f1      	bne.n	20000644 <dcd_rp2040_irq+0x34>
20000660:	4b58      	ldr	r3, [pc, #352]	; (200007c4 <dcd_rp2040_irq+0x1b4>)
20000662:	189b      	adds	r3, r3, r2
20000664:	333a      	adds	r3, #58	; 0x3a
20000666:	781f      	ldrb	r7, [r3, #0]
20000668:	2f00      	cmp	r7, #0
2000066a:	d0eb      	beq.n	20000644 <dcd_rp2040_irq+0x34>
2000066c:	4b55      	ldr	r3, [pc, #340]	; (200007c4 <dcd_rp2040_irq+0x1b4>)
2000066e:	189b      	adds	r3, r3, r2
20000670:	333c      	adds	r3, #60	; 0x3c
20000672:	781b      	ldrb	r3, [r3, #0]
20000674:	2b00      	cmp	r3, #0
20000676:	d1dd      	bne.n	20000634 <dcd_rp2040_irq+0x24>
20000678:	003e      	movs	r6, r7
2000067a:	e7e3      	b.n	20000644 <dcd_rp2040_irq+0x34>
2000067c:	2e00      	cmp	r6, #0
2000067e:	d108      	bne.n	20000692 <dcd_rp2040_irq+0x82>
20000680:	4b51      	ldr	r3, [pc, #324]	; (200007c8 <dcd_rp2040_irq+0x1b8>)
20000682:	781b      	ldrb	r3, [r3, #0]
20000684:	2b00      	cmp	r3, #0
20000686:	d104      	bne.n	20000692 <dcd_rp2040_irq+0x82>
20000688:	4a50      	ldr	r2, [pc, #320]	; (200007cc <dcd_rp2040_irq+0x1bc>)
2000068a:	3390      	adds	r3, #144	; 0x90
2000068c:	2180      	movs	r1, #128	; 0x80
2000068e:	0289      	lsls	r1, r1, #10
20000690:	50d1      	str	r1, [r2, r3]
20000692:	4b49      	ldr	r3, [pc, #292]	; (200007b8 <dcd_rp2040_irq+0x1a8>)
20000694:	6c9c      	ldr	r4, [r3, #72]	; 0x48
20000696:	0564      	lsls	r4, r4, #21
20000698:	0d64      	lsrs	r4, r4, #21
2000069a:	220c      	movs	r2, #12
2000069c:	2100      	movs	r1, #0
2000069e:	a801      	add	r0, sp, #4
200006a0:	f000 fb5a 	bl	20000d58 <____wrap_memset_veneer>
200006a4:	2300      	movs	r3, #0
200006a6:	466a      	mov	r2, sp
200006a8:	7113      	strb	r3, [r2, #4]
200006aa:	3303      	adds	r3, #3
200006ac:	7153      	strb	r3, [r2, #5]
200006ae:	9402      	str	r4, [sp, #8]
200006b0:	2101      	movs	r1, #1
200006b2:	a801      	add	r0, sp, #4
200006b4:	f000 f9ea 	bl	20000a8c <dcd_event_handler>
200006b8:	2480      	movs	r4, #128	; 0x80
200006ba:	02a4      	lsls	r4, r4, #10
200006bc:	06eb      	lsls	r3, r5, #27
200006be:	d409      	bmi.n	200006d4 <dcd_rp2040_irq+0xc4>
200006c0:	03eb      	lsls	r3, r5, #15
200006c2:	d529      	bpl.n	20000718 <dcd_rp2040_irq+0x108>
200006c4:	2380      	movs	r3, #128	; 0x80
200006c6:	025b      	lsls	r3, r3, #9
200006c8:	431c      	orrs	r4, r3
200006ca:	ab01      	add	r3, sp, #4
200006cc:	4a40      	ldr	r2, [pc, #256]	; (200007d0 <dcd_rp2040_irq+0x1c0>)
200006ce:	801a      	strh	r2, [r3, #0]
200006d0:	2600      	movs	r6, #0
200006d2:	e00b      	b.n	200006ec <dcd_rp2040_irq+0xdc>
200006d4:	2310      	movs	r3, #16
200006d6:	431c      	orrs	r4, r3
200006d8:	f7ff ff48 	bl	2000056c <hw_handle_buff_status>
200006dc:	e7f0      	b.n	200006c0 <dcd_rp2040_irq+0xb0>
200006de:	ab01      	add	r3, sp, #4
200006e0:	5d98      	ldrb	r0, [r3, r6]
200006e2:	f000 fb49 	bl	20000d78 <__hw_endpoint_get_by_addr_veneer>
200006e6:	2301      	movs	r3, #1
200006e8:	70c3      	strb	r3, [r0, #3]
200006ea:	3601      	adds	r6, #1
200006ec:	2e01      	cmp	r6, #1
200006ee:	d9f6      	bls.n	200006de <dcd_rp2040_irq+0xce>
200006f0:	ae01      	add	r6, sp, #4
200006f2:	220c      	movs	r2, #12
200006f4:	2100      	movs	r1, #0
200006f6:	0030      	movs	r0, r6
200006f8:	f000 fb2e 	bl	20000d58 <____wrap_memset_veneer>
200006fc:	2306      	movs	r3, #6
200006fe:	7073      	strb	r3, [r6, #1]
20000700:	4a34      	ldr	r2, [pc, #208]	; (200007d4 <dcd_rp2040_irq+0x1c4>)
20000702:	ab02      	add	r3, sp, #8
20000704:	ca03      	ldmia	r2!, {r0, r1}
20000706:	c303      	stmia	r3!, {r0, r1}
20000708:	2101      	movs	r1, #1
2000070a:	0030      	movs	r0, r6
2000070c:	f000 f9be 	bl	20000a8c <dcd_event_handler>
20000710:	4b2e      	ldr	r3, [pc, #184]	; (200007cc <dcd_rp2040_irq+0x1bc>)
20000712:	2280      	movs	r2, #128	; 0x80
20000714:	0292      	lsls	r2, r2, #10
20000716:	651a      	str	r2, [r3, #80]	; 0x50
20000718:	04eb      	lsls	r3, r5, #19
2000071a:	d407      	bmi.n	2000072c <dcd_rp2040_irq+0x11c>
2000071c:	046b      	lsls	r3, r5, #17
2000071e:	d41e      	bmi.n	2000075e <dcd_rp2040_irq+0x14e>
20000720:	042b      	lsls	r3, r5, #16
20000722:	d42f      	bmi.n	20000784 <dcd_rp2040_irq+0x174>
20000724:	42ac      	cmp	r4, r5
20000726:	d141      	bne.n	200007ac <dcd_rp2040_irq+0x19c>
20000728:	b005      	add	sp, #20
2000072a:	bdf0      	pop	{r4, r5, r6, r7, pc}
2000072c:	2380      	movs	r3, #128	; 0x80
2000072e:	015b      	lsls	r3, r3, #5
20000730:	431c      	orrs	r4, r3
20000732:	4b21      	ldr	r3, [pc, #132]	; (200007b8 <dcd_rp2040_irq+0x1a8>)
20000734:	2200      	movs	r2, #0
20000736:	601a      	str	r2, [r3, #0]
20000738:	f7ff fef8 	bl	2000052c <reset_non_control_endpoints>
2000073c:	ae01      	add	r6, sp, #4
2000073e:	220c      	movs	r2, #12
20000740:	2100      	movs	r1, #0
20000742:	0030      	movs	r0, r6
20000744:	f000 fb08 	bl	20000d58 <____wrap_memset_veneer>
20000748:	2301      	movs	r3, #1
2000074a:	7073      	strb	r3, [r6, #1]
2000074c:	2101      	movs	r1, #1
2000074e:	0030      	movs	r0, r6
20000750:	f000 f99c 	bl	20000a8c <dcd_event_handler>
20000754:	4b1d      	ldr	r3, [pc, #116]	; (200007cc <dcd_rp2040_irq+0x1bc>)
20000756:	2280      	movs	r2, #128	; 0x80
20000758:	0312      	lsls	r2, r2, #12
2000075a:	651a      	str	r2, [r3, #80]	; 0x50
2000075c:	e7de      	b.n	2000071c <dcd_rp2040_irq+0x10c>
2000075e:	2380      	movs	r3, #128	; 0x80
20000760:	01db      	lsls	r3, r3, #7
20000762:	431c      	orrs	r4, r3
20000764:	ae01      	add	r6, sp, #4
20000766:	220c      	movs	r2, #12
20000768:	2100      	movs	r1, #0
2000076a:	0030      	movs	r0, r6
2000076c:	f000 faf4 	bl	20000d58 <____wrap_memset_veneer>
20000770:	2304      	movs	r3, #4
20000772:	7073      	strb	r3, [r6, #1]
20000774:	2101      	movs	r1, #1
20000776:	0030      	movs	r0, r6
20000778:	f000 f988 	bl	20000a8c <dcd_event_handler>
2000077c:	4b13      	ldr	r3, [pc, #76]	; (200007cc <dcd_rp2040_irq+0x1bc>)
2000077e:	2210      	movs	r2, #16
20000780:	651a      	str	r2, [r3, #80]	; 0x50
20000782:	e7cd      	b.n	20000720 <dcd_rp2040_irq+0x110>
20000784:	2380      	movs	r3, #128	; 0x80
20000786:	021b      	lsls	r3, r3, #8
20000788:	431c      	orrs	r4, r3
2000078a:	ae01      	add	r6, sp, #4
2000078c:	220c      	movs	r2, #12
2000078e:	2100      	movs	r1, #0
20000790:	0030      	movs	r0, r6
20000792:	f000 fae1 	bl	20000d58 <____wrap_memset_veneer>
20000796:	2305      	movs	r3, #5
20000798:	7073      	strb	r3, [r6, #1]
2000079a:	2101      	movs	r1, #1
2000079c:	0030      	movs	r0, r6
2000079e:	f000 f975 	bl	20000a8c <dcd_event_handler>
200007a2:	4b0a      	ldr	r3, [pc, #40]	; (200007cc <dcd_rp2040_irq+0x1bc>)
200007a4:	2280      	movs	r2, #128	; 0x80
200007a6:	0112      	lsls	r2, r2, #4
200007a8:	651a      	str	r2, [r3, #80]	; 0x50
200007aa:	e7bb      	b.n	20000724 <dcd_rp2040_irq+0x114>
200007ac:	0021      	movs	r1, r4
200007ae:	4069      	eors	r1, r5
200007b0:	4809      	ldr	r0, [pc, #36]	; (200007d8 <dcd_rp2040_irq+0x1c8>)
200007b2:	f000 fae9 	bl	20000d88 <__panic_veneer>
200007b6:	46c0      	nop			; (mov r8, r8)
200007b8:	50110000 	.word	0x50110000
200007bc:	40054000 	.word	0x40054000
200007c0:	20001668 	.word	0x20001668
200007c4:	20001670 	.word	0x20001670
200007c8:	20001d2e 	.word	0x20001d2e
200007cc:	50113000 	.word	0x50113000
200007d0:	ffff8000 	.word	0xffff8000
200007d4:	50100000 	.word	0x50100000
200007d8:	1000b210 	.word	0x1000b210

200007dc <e15_is_bulkin_ep>:
200007dc:	4b09      	ldr	r3, [pc, #36]	; (20000804 <e15_is_bulkin_ep+0x28>)
200007de:	6c1b      	ldr	r3, [r3, #64]	; 0x40
200007e0:	079b      	lsls	r3, r3, #30
200007e2:	d40c      	bmi.n	200007fe <e15_is_bulkin_ep+0x22>
200007e4:	7883      	ldrb	r3, [r0, #2]
200007e6:	09db      	lsrs	r3, r3, #7
200007e8:	2b01      	cmp	r3, #1
200007ea:	d001      	beq.n	200007f0 <e15_is_bulkin_ep+0x14>
200007ec:	2000      	movs	r0, #0
200007ee:	e007      	b.n	20000800 <e15_is_bulkin_ep+0x24>
200007f0:	7ec3      	ldrb	r3, [r0, #27]
200007f2:	2b02      	cmp	r3, #2
200007f4:	d001      	beq.n	200007fa <e15_is_bulkin_ep+0x1e>
200007f6:	2000      	movs	r0, #0
200007f8:	e002      	b.n	20000800 <e15_is_bulkin_ep+0x24>
200007fa:	2001      	movs	r0, #1
200007fc:	e000      	b.n	20000800 <e15_is_bulkin_ep+0x24>
200007fe:	2000      	movs	r0, #0
20000800:	4770      	bx	lr
20000802:	46c0      	nop			; (mov r8, r8)
20000804:	50110000 	.word	0x50110000

20000808 <e15_is_critical_frame_period>:
20000808:	b510      	push	{r4, lr}
2000080a:	f7ff ffe7 	bl	200007dc <e15_is_bulkin_ep>
2000080e:	2800      	cmp	r0, #0
20000810:	d009      	beq.n	20000826 <e15_is_critical_frame_period+0x1e>
20000812:	4b06      	ldr	r3, [pc, #24]	; (2000082c <e15_is_critical_frame_period+0x24>)
20000814:	6a9b      	ldr	r3, [r3, #40]	; 0x28
20000816:	4a06      	ldr	r2, [pc, #24]	; (20000830 <e15_is_critical_frame_period+0x28>)
20000818:	6812      	ldr	r2, [r2, #0]
2000081a:	1a9b      	subs	r3, r3, r2
2000081c:	4a05      	ldr	r2, [pc, #20]	; (20000834 <e15_is_critical_frame_period+0x2c>)
2000081e:	4694      	mov	ip, r2
20000820:	4463      	add	r3, ip
20000822:	2bc6      	cmp	r3, #198	; 0xc6
20000824:	d800      	bhi.n	20000828 <e15_is_critical_frame_period+0x20>
20000826:	bd10      	pop	{r4, pc}
20000828:	2000      	movs	r0, #0
2000082a:	e7fc      	b.n	20000826 <e15_is_critical_frame_period+0x1e>
2000082c:	40054000 	.word	0x40054000
20000830:	20001668 	.word	0x20001668
20000834:	fffffce0 	.word	0xfffffce0

20000838 <prepare_ep_buffer>:
20000838:	b5f8      	push	{r3, r4, r5, r6, r7, lr}
2000083a:	0004      	movs	r4, r0
2000083c:	000f      	movs	r7, r1
2000083e:	8a83      	ldrh	r3, [r0, #20]
20000840:	8b02      	ldrh	r2, [r0, #24]
20000842:	1c1e      	adds	r6, r3, #0
20000844:	4293      	cmp	r3, r2
20000846:	d900      	bls.n	2000084a <prepare_ep_buffer+0x12>
20000848:	1c16      	adds	r6, r2, #0
2000084a:	b2b6      	uxth	r6, r6
2000084c:	1b9b      	subs	r3, r3, r6
2000084e:	82a3      	strh	r3, [r4, #20]
20000850:	2580      	movs	r5, #128	; 0x80
20000852:	00ed      	lsls	r5, r5, #3
20000854:	4335      	orrs	r5, r6
20000856:	78e3      	ldrb	r3, [r4, #3]
20000858:	2b00      	cmp	r3, #0
2000085a:	d013      	beq.n	20000884 <prepare_ep_buffer+0x4c>
2000085c:	2280      	movs	r2, #128	; 0x80
2000085e:	0192      	lsls	r2, r2, #6
20000860:	4315      	orrs	r5, r2
20000862:	2201      	movs	r2, #1
20000864:	4053      	eors	r3, r2
20000866:	70e3      	strb	r3, [r4, #3]
20000868:	7863      	ldrb	r3, [r4, #1]
2000086a:	2b00      	cmp	r3, #0
2000086c:	d00c      	beq.n	20000888 <prepare_ep_buffer+0x50>
2000086e:	8aa3      	ldrh	r3, [r4, #20]
20000870:	2b00      	cmp	r3, #0
20000872:	d102      	bne.n	2000087a <prepare_ep_buffer+0x42>
20000874:	2380      	movs	r3, #128	; 0x80
20000876:	01db      	lsls	r3, r3, #7
20000878:	431d      	orrs	r5, r3
2000087a:	2f00      	cmp	r7, #0
2000087c:	d000      	beq.n	20000880 <prepare_ep_buffer+0x48>
2000087e:	042d      	lsls	r5, r5, #16
20000880:	0028      	movs	r0, r5
20000882:	bdf8      	pop	{r3, r4, r5, r6, r7, pc}
20000884:	2200      	movs	r2, #0
20000886:	e7eb      	b.n	20000860 <prepare_ep_buffer+0x28>
20000888:	01b8      	lsls	r0, r7, #6
2000088a:	68e3      	ldr	r3, [r4, #12]
2000088c:	469c      	mov	ip, r3
2000088e:	4460      	add	r0, ip
20000890:	0032      	movs	r2, r6
20000892:	6921      	ldr	r1, [r4, #16]
20000894:	f000 fa68 	bl	20000d68 <____wrap_memcpy_veneer>
20000898:	6923      	ldr	r3, [r4, #16]
2000089a:	469c      	mov	ip, r3
2000089c:	4466      	add	r6, ip
2000089e:	6126      	str	r6, [r4, #16]
200008a0:	2380      	movs	r3, #128	; 0x80
200008a2:	021b      	lsls	r3, r3, #8
200008a4:	431d      	orrs	r5, r3
200008a6:	e7e2      	b.n	2000086e <prepare_ep_buffer+0x36>

200008a8 <sync_ep_buffer>:
200008a8:	b570      	push	{r4, r5, r6, lr}
200008aa:	0004      	movs	r4, r0
200008ac:	6883      	ldr	r3, [r0, #8]
200008ae:	681b      	ldr	r3, [r3, #0]
200008b0:	2900      	cmp	r1, #0
200008b2:	d000      	beq.n	200008b6 <sync_ep_buffer+0xe>
200008b4:	0c1b      	lsrs	r3, r3, #16
200008b6:	059d      	lsls	r5, r3, #22
200008b8:	0dad      	lsrs	r5, r5, #22
200008ba:	7862      	ldrb	r2, [r4, #1]
200008bc:	2a00      	cmp	r2, #0
200008be:	d112      	bne.n	200008e6 <sync_ep_buffer+0x3e>
200008c0:	041b      	lsls	r3, r3, #16
200008c2:	d409      	bmi.n	200008d8 <sync_ep_buffer+0x30>
200008c4:	8ae3      	ldrh	r3, [r4, #22]
200008c6:	195b      	adds	r3, r3, r5
200008c8:	82e3      	strh	r3, [r4, #22]
200008ca:	8b23      	ldrh	r3, [r4, #24]
200008cc:	42ab      	cmp	r3, r5
200008ce:	d901      	bls.n	200008d4 <sync_ep_buffer+0x2c>
200008d0:	2300      	movs	r3, #0
200008d2:	82a3      	strh	r3, [r4, #20]
200008d4:	0028      	movs	r0, r5
200008d6:	bd70      	pop	{r4, r5, r6, pc}
200008d8:	2181      	movs	r1, #129	; 0x81
200008da:	4b0f      	ldr	r3, [pc, #60]	; (20000918 <sync_ep_buffer+0x70>)
200008dc:	4a0f      	ldr	r2, [pc, #60]	; (2000091c <sync_ep_buffer+0x74>)
200008de:	0049      	lsls	r1, r1, #1
200008e0:	480f      	ldr	r0, [pc, #60]	; (20000920 <sync_ep_buffer+0x78>)
200008e2:	f000 fa11 	bl	20000d08 <____assert_func_veneer>
200008e6:	041b      	lsls	r3, r3, #16
200008e8:	d50e      	bpl.n	20000908 <sync_ep_buffer+0x60>
200008ea:	0189      	lsls	r1, r1, #6
200008ec:	68e3      	ldr	r3, [r4, #12]
200008ee:	469c      	mov	ip, r3
200008f0:	4461      	add	r1, ip
200008f2:	002a      	movs	r2, r5
200008f4:	6920      	ldr	r0, [r4, #16]
200008f6:	f000 fa37 	bl	20000d68 <____wrap_memcpy_veneer>
200008fa:	8ae3      	ldrh	r3, [r4, #22]
200008fc:	195b      	adds	r3, r3, r5
200008fe:	82e3      	strh	r3, [r4, #22]
20000900:	6923      	ldr	r3, [r4, #16]
20000902:	195b      	adds	r3, r3, r5
20000904:	6123      	str	r3, [r4, #16]
20000906:	e7e0      	b.n	200008ca <sync_ep_buffer+0x22>
20000908:	210a      	movs	r1, #10
2000090a:	4b06      	ldr	r3, [pc, #24]	; (20000924 <sync_ep_buffer+0x7c>)
2000090c:	4a03      	ldr	r2, [pc, #12]	; (2000091c <sync_ep_buffer+0x74>)
2000090e:	31ff      	adds	r1, #255	; 0xff
20000910:	4803      	ldr	r0, [pc, #12]	; (20000920 <sync_ep_buffer+0x78>)
20000912:	f000 f9f9 	bl	20000d08 <____assert_func_veneer>
20000916:	46c0      	nop			; (mov r8, r8)
20000918:	1000b290 	.word	0x1000b290
2000091c:	1000b394 	.word	0x1000b394
20000920:	1000b2b0 	.word	0x1000b2b0
20000924:	1000b320 	.word	0x1000b320

20000928 <_hw_endpoint_xfer_sync>:
20000928:	b510      	push	{r4, lr}
2000092a:	0004      	movs	r4, r0
2000092c:	6883      	ldr	r3, [r0, #8]
2000092e:	681b      	ldr	r3, [r3, #0]
20000930:	2100      	movs	r1, #0
20000932:	f7ff ffb9 	bl	200008a8 <sync_ep_buffer>
20000936:	6863      	ldr	r3, [r4, #4]
20000938:	681b      	ldr	r3, [r3, #0]
2000093a:	005b      	lsls	r3, r3, #1
2000093c:	d502      	bpl.n	20000944 <_hw_endpoint_xfer_sync+0x1c>
2000093e:	8b23      	ldrh	r3, [r4, #24]
20000940:	4283      	cmp	r3, r0
20000942:	d000      	beq.n	20000946 <_hw_endpoint_xfer_sync+0x1e>
20000944:	bd10      	pop	{r4, pc}
20000946:	2101      	movs	r1, #1
20000948:	0020      	movs	r0, r4
2000094a:	f7ff ffad 	bl	200008a8 <sync_ep_buffer>
2000094e:	e7f9      	b.n	20000944 <_hw_endpoint_xfer_sync+0x1c>

20000950 <hw_endpoint_reset_transfer>:
20000950:	2300      	movs	r3, #0
20000952:	7683      	strb	r3, [r0, #26]
20000954:	8283      	strh	r3, [r0, #20]
20000956:	82c3      	strh	r3, [r0, #22]
20000958:	6103      	str	r3, [r0, #16]
2000095a:	4770      	bx	lr

2000095c <_hw_endpoint_buffer_control_update32>:
2000095c:	b510      	push	{r4, lr}
2000095e:	2900      	cmp	r1, #0
20000960:	d002      	beq.n	20000968 <_hw_endpoint_buffer_control_update32+0xc>
20000962:	6883      	ldr	r3, [r0, #8]
20000964:	681b      	ldr	r3, [r3, #0]
20000966:	4019      	ands	r1, r3
20000968:	2a00      	cmp	r2, #0
2000096a:	d00f      	beq.n	2000098c <_hw_endpoint_buffer_control_update32+0x30>
2000096c:	4311      	orrs	r1, r2
2000096e:	0553      	lsls	r3, r2, #21
20000970:	d50c      	bpl.n	2000098c <_hw_endpoint_buffer_control_update32+0x30>
20000972:	6882      	ldr	r2, [r0, #8]
20000974:	6813      	ldr	r3, [r2, #0]
20000976:	055b      	lsls	r3, r3, #21
20000978:	d40b      	bmi.n	20000992 <_hw_endpoint_buffer_control_update32+0x36>
2000097a:	4b0b      	ldr	r3, [pc, #44]	; (200009a8 <_hw_endpoint_buffer_control_update32+0x4c>)
2000097c:	400b      	ands	r3, r1
2000097e:	6013      	str	r3, [r2, #0]
20000980:	e7ff      	b.n	20000982 <_hw_endpoint_buffer_control_update32+0x26>
20000982:	e7ff      	b.n	20000984 <_hw_endpoint_buffer_control_update32+0x28>
20000984:	e7ff      	b.n	20000986 <_hw_endpoint_buffer_control_update32+0x2a>
20000986:	e7ff      	b.n	20000988 <_hw_endpoint_buffer_control_update32+0x2c>
20000988:	e7ff      	b.n	2000098a <_hw_endpoint_buffer_control_update32+0x2e>
2000098a:	e7ff      	b.n	2000098c <_hw_endpoint_buffer_control_update32+0x30>
2000098c:	6883      	ldr	r3, [r0, #8]
2000098e:	6019      	str	r1, [r3, #0]
20000990:	bd10      	pop	{r4, pc}
20000992:	7883      	ldrb	r3, [r0, #2]
20000994:	217f      	movs	r1, #127	; 0x7f
20000996:	4019      	ands	r1, r3
20000998:	09db      	lsrs	r3, r3, #7
2000099a:	009b      	lsls	r3, r3, #2
2000099c:	4a03      	ldr	r2, [pc, #12]	; (200009ac <_hw_endpoint_buffer_control_update32+0x50>)
2000099e:	589a      	ldr	r2, [r3, r2]
200009a0:	4803      	ldr	r0, [pc, #12]	; (200009b0 <_hw_endpoint_buffer_control_update32+0x54>)
200009a2:	f000 f9f1 	bl	20000d88 <__panic_veneer>
200009a6:	46c0      	nop			; (mov r8, r8)
200009a8:	fffffbff 	.word	0xfffffbff
200009ac:	20000ea8 	.word	0x20000ea8
200009b0:	1000b340 	.word	0x1000b340

200009b4 <hw_endpoint_start_next_buffer>:
200009b4:	b570      	push	{r4, r5, r6, lr}
200009b6:	0004      	movs	r4, r0
200009b8:	6843      	ldr	r3, [r0, #4]
200009ba:	681e      	ldr	r6, [r3, #0]
200009bc:	2100      	movs	r1, #0
200009be:	f7ff ff3b 	bl	20000838 <prepare_ep_buffer>
200009c2:	2580      	movs	r5, #128	; 0x80
200009c4:	016d      	lsls	r5, r5, #5
200009c6:	4305      	orrs	r5, r0
200009c8:	4b19      	ldr	r3, [pc, #100]	; (20000a30 <hw_endpoint_start_next_buffer+0x7c>)
200009ca:	6c1b      	ldr	r3, [r3, #64]	; 0x40
200009cc:	2202      	movs	r2, #2
200009ce:	0011      	movs	r1, r2
200009d0:	4019      	ands	r1, r3
200009d2:	421a      	tst	r2, r3
200009d4:	d102      	bne.n	200009dc <hw_endpoint_start_next_buffer+0x28>
200009d6:	78a3      	ldrb	r3, [r4, #2]
200009d8:	09db      	lsrs	r3, r3, #7
200009da:	d006      	beq.n	200009ea <hw_endpoint_start_next_buffer+0x36>
200009dc:	2900      	cmp	r1, #0
200009de:	d006      	beq.n	200009ee <hw_endpoint_start_next_buffer+0x3a>
200009e0:	78a3      	ldrb	r3, [r4, #2]
200009e2:	065b      	lsls	r3, r3, #25
200009e4:	d116      	bne.n	20000a14 <hw_endpoint_start_next_buffer+0x60>
200009e6:	2300      	movs	r3, #0
200009e8:	e002      	b.n	200009f0 <hw_endpoint_start_next_buffer+0x3c>
200009ea:	2301      	movs	r3, #1
200009ec:	e000      	b.n	200009f0 <hw_endpoint_start_next_buffer+0x3c>
200009ee:	2300      	movs	r3, #0
200009f0:	8aa2      	ldrh	r2, [r4, #20]
200009f2:	2a00      	cmp	r2, #0
200009f4:	d001      	beq.n	200009fa <hw_endpoint_start_next_buffer+0x46>
200009f6:	2b00      	cmp	r3, #0
200009f8:	d00e      	beq.n	20000a18 <hw_endpoint_start_next_buffer+0x64>
200009fa:	4b0e      	ldr	r3, [pc, #56]	; (20000a34 <hw_endpoint_start_next_buffer+0x80>)
200009fc:	401e      	ands	r6, r3
200009fe:	2380      	movs	r3, #128	; 0x80
20000a00:	059b      	lsls	r3, r3, #22
20000a02:	4333      	orrs	r3, r6
20000a04:	6862      	ldr	r2, [r4, #4]
20000a06:	6013      	str	r3, [r2, #0]
20000a08:	002a      	movs	r2, r5
20000a0a:	2100      	movs	r1, #0
20000a0c:	0020      	movs	r0, r4
20000a0e:	f7ff ffa5 	bl	2000095c <_hw_endpoint_buffer_control_update32>
20000a12:	bd70      	pop	{r4, r5, r6, pc}
20000a14:	2301      	movs	r3, #1
20000a16:	e7eb      	b.n	200009f0 <hw_endpoint_start_next_buffer+0x3c>
20000a18:	2101      	movs	r1, #1
20000a1a:	0020      	movs	r0, r4
20000a1c:	f7ff ff0c 	bl	20000838 <prepare_ep_buffer>
20000a20:	4305      	orrs	r5, r0
20000a22:	4b05      	ldr	r3, [pc, #20]	; (20000a38 <hw_endpoint_start_next_buffer+0x84>)
20000a24:	401e      	ands	r6, r3
20000a26:	23a0      	movs	r3, #160	; 0xa0
20000a28:	05db      	lsls	r3, r3, #23
20000a2a:	4333      	orrs	r3, r6
20000a2c:	e7ea      	b.n	20000a04 <hw_endpoint_start_next_buffer+0x50>
20000a2e:	46c0      	nop			; (mov r8, r8)
20000a30:	50110000 	.word	0x50110000
20000a34:	afffffff 	.word	0xafffffff
20000a38:	dfffffff 	.word	0xdfffffff

20000a3c <hw_endpoint_xfer_continue>:
20000a3c:	b570      	push	{r4, r5, r6, lr}
20000a3e:	0004      	movs	r4, r0
20000a40:	7e85      	ldrb	r5, [r0, #26]
20000a42:	2d00      	cmp	r5, #0
20000a44:	d006      	beq.n	20000a54 <hw_endpoint_xfer_continue+0x18>
20000a46:	f7ff ff6f 	bl	20000928 <_hw_endpoint_xfer_sync>
20000a4a:	8aa3      	ldrh	r3, [r4, #20]
20000a4c:	2b00      	cmp	r3, #0
20000a4e:	d10b      	bne.n	20000a68 <hw_endpoint_xfer_continue+0x2c>
20000a50:	0028      	movs	r0, r5
20000a52:	bd70      	pop	{r4, r5, r6, pc}
20000a54:	7883      	ldrb	r3, [r0, #2]
20000a56:	217f      	movs	r1, #127	; 0x7f
20000a58:	4019      	ands	r1, r3
20000a5a:	09db      	lsrs	r3, r3, #7
20000a5c:	009b      	lsls	r3, r3, #2
20000a5e:	4a09      	ldr	r2, [pc, #36]	; (20000a84 <hw_endpoint_xfer_continue+0x48>)
20000a60:	589a      	ldr	r2, [r3, r2]
20000a62:	4809      	ldr	r0, [pc, #36]	; (20000a88 <hw_endpoint_xfer_continue+0x4c>)
20000a64:	f000 f990 	bl	20000d88 <__panic_veneer>
20000a68:	0020      	movs	r0, r4
20000a6a:	f7ff fecd 	bl	20000808 <e15_is_critical_frame_period>
20000a6e:	1e05      	subs	r5, r0, #0
20000a70:	d003      	beq.n	20000a7a <hw_endpoint_xfer_continue+0x3e>
20000a72:	2301      	movs	r3, #1
20000a74:	7723      	strb	r3, [r4, #28]
20000a76:	2500      	movs	r5, #0
20000a78:	e7ea      	b.n	20000a50 <hw_endpoint_xfer_continue+0x14>
20000a7a:	0020      	movs	r0, r4
20000a7c:	f7ff ff9a 	bl	200009b4 <hw_endpoint_start_next_buffer>
20000a80:	e7e6      	b.n	20000a50 <hw_endpoint_xfer_continue+0x14>
20000a82:	46c0      	nop			; (mov r8, r8)
20000a84:	20000ea8 	.word	0x20000ea8
20000a88:	1000b360 	.word	0x1000b360

20000a8c <dcd_event_handler>:
20000a8c:	b530      	push	{r4, r5, lr}
20000a8e:	b085      	sub	sp, #20
20000a90:	0005      	movs	r5, r0
20000a92:	7843      	ldrb	r3, [r0, #1]
20000a94:	2b04      	cmp	r3, #4
20000a96:	d100      	bne.n	20000a9a <dcd_event_handler+0xe>
20000a98:	e059      	b.n	20000b4e <dcd_event_handler+0xc2>
20000a9a:	d806      	bhi.n	20000aaa <dcd_event_handler+0x1e>
20000a9c:	2b02      	cmp	r3, #2
20000a9e:	d02b      	beq.n	20000af8 <dcd_event_handler+0x6c>
20000aa0:	2b03      	cmp	r3, #3
20000aa2:	d000      	beq.n	20000aa6 <dcd_event_handler+0x1a>
20000aa4:	e0cb      	b.n	20000c3e <dcd_event_handler+0x1b2>
20000aa6:	2400      	movs	r4, #0
20000aa8:	e083      	b.n	20000bb2 <dcd_event_handler+0x126>
20000aaa:	2b05      	cmp	r3, #5
20000aac:	d000      	beq.n	20000ab0 <dcd_event_handler+0x24>
20000aae:	e0c6      	b.n	20000c3e <dcd_event_handler+0x1b2>
20000ab0:	4b70      	ldr	r3, [pc, #448]	; (20000c74 <dcd_event_handler+0x1e8>)
20000ab2:	781b      	ldrb	r3, [r3, #0]
20000ab4:	07db      	lsls	r3, r3, #31
20000ab6:	d548      	bpl.n	20000b4a <dcd_event_handler+0xbe>
20000ab8:	4a6e      	ldr	r2, [pc, #440]	; (20000c74 <dcd_event_handler+0x1e8>)
20000aba:	7813      	ldrb	r3, [r2, #0]
20000abc:	2104      	movs	r1, #4
20000abe:	438b      	bics	r3, r1
20000ac0:	7013      	strb	r3, [r2, #0]
20000ac2:	4b6d      	ldr	r3, [pc, #436]	; (20000c78 <dcd_event_handler+0x1ec>)
20000ac4:	681c      	ldr	r4, [r3, #0]
20000ac6:	0021      	movs	r1, r4
20000ac8:	3114      	adds	r1, #20
20000aca:	6962      	ldr	r2, [r4, #20]
20000acc:	f3ef 8010 	mrs	r0, PRIMASK
20000ad0:	b672      	cpsid	i
20000ad2:	6813      	ldr	r3, [r2, #0]
20000ad4:	2b00      	cmp	r3, #0
20000ad6:	d0fc      	beq.n	20000ad2 <dcd_event_handler+0x46>
20000ad8:	f3bf 8f5f 	dmb	sy
20000adc:	6048      	str	r0, [r1, #4]
20000ade:	0029      	movs	r1, r5
20000ae0:	0020      	movs	r0, r4
20000ae2:	f000 f931 	bl	20000d48 <__tu_fifo_write_veneer>
20000ae6:	6962      	ldr	r2, [r4, #20]
20000ae8:	69a3      	ldr	r3, [r4, #24]
20000aea:	f3bf 8f5f 	dmb	sy
20000aee:	2100      	movs	r1, #0
20000af0:	6011      	str	r1, [r2, #0]
20000af2:	f383 8810 	msr	PRIMASK, r3
20000af6:	e028      	b.n	20000b4a <dcd_event_handler+0xbe>
20000af8:	4b5e      	ldr	r3, [pc, #376]	; (20000c74 <dcd_event_handler+0x1e8>)
20000afa:	781a      	ldrb	r2, [r3, #0]
20000afc:	2101      	movs	r1, #1
20000afe:	438a      	bics	r2, r1
20000b00:	701a      	strb	r2, [r3, #0]
20000b02:	781a      	ldrb	r2, [r3, #0]
20000b04:	3101      	adds	r1, #1
20000b06:	438a      	bics	r2, r1
20000b08:	701a      	strb	r2, [r3, #0]
20000b0a:	2200      	movs	r2, #0
20000b0c:	705a      	strb	r2, [r3, #1]
20000b0e:	781a      	ldrb	r2, [r3, #0]
20000b10:	3102      	adds	r1, #2
20000b12:	438a      	bics	r2, r1
20000b14:	701a      	strb	r2, [r3, #0]
20000b16:	4b58      	ldr	r3, [pc, #352]	; (20000c78 <dcd_event_handler+0x1ec>)
20000b18:	681c      	ldr	r4, [r3, #0]
20000b1a:	0021      	movs	r1, r4
20000b1c:	3114      	adds	r1, #20
20000b1e:	6962      	ldr	r2, [r4, #20]
20000b20:	f3ef 8010 	mrs	r0, PRIMASK
20000b24:	b672      	cpsid	i
20000b26:	6813      	ldr	r3, [r2, #0]
20000b28:	2b00      	cmp	r3, #0
20000b2a:	d0fc      	beq.n	20000b26 <dcd_event_handler+0x9a>
20000b2c:	f3bf 8f5f 	dmb	sy
20000b30:	6048      	str	r0, [r1, #4]
20000b32:	0029      	movs	r1, r5
20000b34:	0020      	movs	r0, r4
20000b36:	f000 f907 	bl	20000d48 <__tu_fifo_write_veneer>
20000b3a:	6962      	ldr	r2, [r4, #20]
20000b3c:	69a3      	ldr	r3, [r4, #24]
20000b3e:	f3bf 8f5f 	dmb	sy
20000b42:	2100      	movs	r1, #0
20000b44:	6011      	str	r1, [r2, #0]
20000b46:	f383 8810 	msr	PRIMASK, r3
20000b4a:	b005      	add	sp, #20
20000b4c:	bd30      	pop	{r4, r5, pc}
20000b4e:	4b49      	ldr	r3, [pc, #292]	; (20000c74 <dcd_event_handler+0x1e8>)
20000b50:	781b      	ldrb	r3, [r3, #0]
20000b52:	07db      	lsls	r3, r3, #31
20000b54:	d5f9      	bpl.n	20000b4a <dcd_event_handler+0xbe>
20000b56:	4a47      	ldr	r2, [pc, #284]	; (20000c74 <dcd_event_handler+0x1e8>)
20000b58:	7813      	ldrb	r3, [r2, #0]
20000b5a:	2104      	movs	r1, #4
20000b5c:	430b      	orrs	r3, r1
20000b5e:	7013      	strb	r3, [r2, #0]
20000b60:	4b45      	ldr	r3, [pc, #276]	; (20000c78 <dcd_event_handler+0x1ec>)
20000b62:	681c      	ldr	r4, [r3, #0]
20000b64:	0021      	movs	r1, r4
20000b66:	3114      	adds	r1, #20
20000b68:	6962      	ldr	r2, [r4, #20]
20000b6a:	f3ef 8010 	mrs	r0, PRIMASK
20000b6e:	b672      	cpsid	i
20000b70:	6813      	ldr	r3, [r2, #0]
20000b72:	2b00      	cmp	r3, #0
20000b74:	d0fc      	beq.n	20000b70 <dcd_event_handler+0xe4>
20000b76:	f3bf 8f5f 	dmb	sy
20000b7a:	6048      	str	r0, [r1, #4]
20000b7c:	0029      	movs	r1, r5
20000b7e:	0020      	movs	r0, r4
20000b80:	f000 f8e2 	bl	20000d48 <__tu_fifo_write_veneer>
20000b84:	6962      	ldr	r2, [r4, #20]
20000b86:	69a3      	ldr	r3, [r4, #24]
20000b88:	f3bf 8f5f 	dmb	sy
20000b8c:	2100      	movs	r1, #0
20000b8e:	6011      	str	r1, [r2, #0]
20000b90:	f383 8810 	msr	PRIMASK, r3
20000b94:	e7d9      	b.n	20000b4a <dcd_event_handler+0xbe>
20000b96:	0063      	lsls	r3, r4, #1
20000b98:	191b      	adds	r3, r3, r4
20000b9a:	00da      	lsls	r2, r3, #3
20000b9c:	4b37      	ldr	r3, [pc, #220]	; (20000c7c <dcd_event_handler+0x1f0>)
20000b9e:	681b      	ldr	r3, [r3, #0]
20000ba0:	189b      	adds	r3, r3, r2
20000ba2:	e018      	b.n	20000bd6 <dcd_event_handler+0x14a>
20000ba4:	0023      	movs	r3, r4
20000ba6:	e00f      	b.n	20000bc8 <dcd_event_handler+0x13c>
20000ba8:	7828      	ldrb	r0, [r5, #0]
20000baa:	6869      	ldr	r1, [r5, #4]
20000bac:	4798      	blx	r3
20000bae:	3401      	adds	r4, #1
20000bb0:	b2e4      	uxtb	r4, r4
20000bb2:	4b33      	ldr	r3, [pc, #204]	; (20000c80 <dcd_event_handler+0x1f4>)
20000bb4:	781b      	ldrb	r3, [r3, #0]
20000bb6:	42a3      	cmp	r3, r4
20000bb8:	d313      	bcc.n	20000be2 <dcd_event_handler+0x156>
20000bba:	4a32      	ldr	r2, [pc, #200]	; (20000c84 <dcd_event_handler+0x1f8>)
20000bbc:	2a00      	cmp	r2, #0
20000bbe:	d0f1      	beq.n	20000ba4 <dcd_event_handler+0x118>
20000bc0:	42a3      	cmp	r3, r4
20000bc2:	d8e8      	bhi.n	20000b96 <dcd_event_handler+0x10a>
20000bc4:	1ae3      	subs	r3, r4, r3
20000bc6:	b2db      	uxtb	r3, r3
20000bc8:	2b00      	cmp	r3, #0
20000bca:	d1f0      	bne.n	20000bae <dcd_event_handler+0x122>
20000bcc:	005a      	lsls	r2, r3, #1
20000bce:	18d2      	adds	r2, r2, r3
20000bd0:	00d2      	lsls	r2, r2, #3
20000bd2:	4b2d      	ldr	r3, [pc, #180]	; (20000c88 <dcd_event_handler+0x1fc>)
20000bd4:	189b      	adds	r3, r3, r2
20000bd6:	2b00      	cmp	r3, #0
20000bd8:	d0e9      	beq.n	20000bae <dcd_event_handler+0x122>
20000bda:	695b      	ldr	r3, [r3, #20]
20000bdc:	2b00      	cmp	r3, #0
20000bde:	d1e3      	bne.n	20000ba8 <dcd_event_handler+0x11c>
20000be0:	e7e5      	b.n	20000bae <dcd_event_handler+0x122>
20000be2:	4b24      	ldr	r3, [pc, #144]	; (20000c74 <dcd_event_handler+0x1e8>)
20000be4:	781b      	ldrb	r3, [r3, #0]
20000be6:	075b      	lsls	r3, r3, #29
20000be8:	d5af      	bpl.n	20000b4a <dcd_event_handler+0xbe>
20000bea:	4a22      	ldr	r2, [pc, #136]	; (20000c74 <dcd_event_handler+0x1e8>)
20000bec:	7813      	ldrb	r3, [r2, #0]
20000bee:	2104      	movs	r1, #4
20000bf0:	438b      	bics	r3, r1
20000bf2:	7013      	strb	r3, [r2, #0]
20000bf4:	220c      	movs	r2, #12
20000bf6:	2100      	movs	r1, #0
20000bf8:	a801      	add	r0, sp, #4
20000bfa:	f000 f8ad 	bl	20000d58 <____wrap_memset_veneer>
20000bfe:	782b      	ldrb	r3, [r5, #0]
20000c00:	466a      	mov	r2, sp
20000c02:	7113      	strb	r3, [r2, #4]
20000c04:	2305      	movs	r3, #5
20000c06:	7153      	strb	r3, [r2, #5]
20000c08:	4b1b      	ldr	r3, [pc, #108]	; (20000c78 <dcd_event_handler+0x1ec>)
20000c0a:	681c      	ldr	r4, [r3, #0]
20000c0c:	0021      	movs	r1, r4
20000c0e:	3114      	adds	r1, #20
20000c10:	6962      	ldr	r2, [r4, #20]
20000c12:	f3ef 8010 	mrs	r0, PRIMASK
20000c16:	b672      	cpsid	i
20000c18:	6813      	ldr	r3, [r2, #0]
20000c1a:	2b00      	cmp	r3, #0
20000c1c:	d0fc      	beq.n	20000c18 <dcd_event_handler+0x18c>
20000c1e:	f3bf 8f5f 	dmb	sy
20000c22:	6048      	str	r0, [r1, #4]
20000c24:	a901      	add	r1, sp, #4
20000c26:	0020      	movs	r0, r4
20000c28:	f000 f88e 	bl	20000d48 <__tu_fifo_write_veneer>
20000c2c:	6962      	ldr	r2, [r4, #20]
20000c2e:	69a3      	ldr	r3, [r4, #24]
20000c30:	f3bf 8f5f 	dmb	sy
20000c34:	2100      	movs	r1, #0
20000c36:	6011      	str	r1, [r2, #0]
20000c38:	f383 8810 	msr	PRIMASK, r3
20000c3c:	e785      	b.n	20000b4a <dcd_event_handler+0xbe>
20000c3e:	4b0e      	ldr	r3, [pc, #56]	; (20000c78 <dcd_event_handler+0x1ec>)
20000c40:	681c      	ldr	r4, [r3, #0]
20000c42:	0021      	movs	r1, r4
20000c44:	3114      	adds	r1, #20
20000c46:	6962      	ldr	r2, [r4, #20]
20000c48:	f3ef 8010 	mrs	r0, PRIMASK
20000c4c:	b672      	cpsid	i
20000c4e:	6813      	ldr	r3, [r2, #0]
20000c50:	2b00      	cmp	r3, #0
20000c52:	d0fc      	beq.n	20000c4e <dcd_event_handler+0x1c2>
20000c54:	f3bf 8f5f 	dmb	sy
20000c58:	6048      	str	r0, [r1, #4]
20000c5a:	0029      	movs	r1, r5
20000c5c:	0020      	movs	r0, r4
20000c5e:	f000 f873 	bl	20000d48 <__tu_fifo_write_veneer>
20000c62:	6962      	ldr	r2, [r4, #20]
20000c64:	69a3      	ldr	r3, [r4, #24]
20000c66:	f3bf 8f5f 	dmb	sy
20000c6a:	2100      	movs	r1, #0
20000c6c:	6011      	str	r1, [r2, #0]
20000c6e:	f383 8810 	msr	PRIMASK, r3
20000c72:	e76a      	b.n	20000b4a <dcd_event_handler+0xbe>
20000c74:	20001380 	.word	0x20001380
20000c78:	200013d8 	.word	0x200013d8
20000c7c:	20001028 	.word	0x20001028
20000c80:	20001d2d 	.word	0x20001d2d
20000c84:	100065e9 	.word	0x100065e9
20000c88:	1000b430 	.word	0x1000b430

20000c8c <spi_write_blocking>:
20000c8c:	b510      	push	{r4, lr}
20000c8e:	0004      	movs	r4, r0
20000c90:	0010      	movs	r0, r2
20000c92:	2200      	movs	r2, #0
20000c94:	e005      	b.n	20000ca2 <spi_write_blocking+0x16>
20000c96:	68e3      	ldr	r3, [r4, #12]
20000c98:	079b      	lsls	r3, r3, #30
20000c9a:	d5fc      	bpl.n	20000c96 <spi_write_blocking+0xa>
20000c9c:	5c8b      	ldrb	r3, [r1, r2]
20000c9e:	60a3      	str	r3, [r4, #8]
20000ca0:	3201      	adds	r2, #1
20000ca2:	4282      	cmp	r2, r0
20000ca4:	d3f7      	bcc.n	20000c96 <spi_write_blocking+0xa>
20000ca6:	e000      	b.n	20000caa <spi_write_blocking+0x1e>
20000ca8:	68a3      	ldr	r3, [r4, #8]
20000caa:	68e3      	ldr	r3, [r4, #12]
20000cac:	075b      	lsls	r3, r3, #29
20000cae:	d4fb      	bmi.n	20000ca8 <spi_write_blocking+0x1c>
20000cb0:	68e3      	ldr	r3, [r4, #12]
20000cb2:	06db      	lsls	r3, r3, #27
20000cb4:	d4fc      	bmi.n	20000cb0 <spi_write_blocking+0x24>
20000cb6:	e000      	b.n	20000cba <spi_write_blocking+0x2e>
20000cb8:	68a3      	ldr	r3, [r4, #8]
20000cba:	68e3      	ldr	r3, [r4, #12]
20000cbc:	075b      	lsls	r3, r3, #29
20000cbe:	d4fb      	bmi.n	20000cb8 <spi_write_blocking+0x2c>
20000cc0:	2301      	movs	r3, #1
20000cc2:	6223      	str	r3, [r4, #32]
20000cc4:	bd10      	pop	{r4, pc}

20000cc6 <spi_read_blocking>:
20000cc6:	b5f0      	push	{r4, r5, r6, r7, lr}
20000cc8:	0007      	movs	r7, r0
20000cca:	0018      	movs	r0, r3
20000ccc:	001d      	movs	r5, r3
20000cce:	001c      	movs	r4, r3
20000cd0:	e008      	b.n	20000ce4 <spi_read_blocking+0x1e>
20000cd2:	2c00      	cmp	r4, #0
20000cd4:	d006      	beq.n	20000ce4 <spi_read_blocking+0x1e>
20000cd6:	68fe      	ldr	r6, [r7, #12]
20000cd8:	0773      	lsls	r3, r6, #29
20000cda:	d503      	bpl.n	20000ce4 <spi_read_blocking+0x1e>
20000cdc:	68bb      	ldr	r3, [r7, #8]
20000cde:	7013      	strb	r3, [r2, #0]
20000ce0:	3c01      	subs	r4, #1
20000ce2:	3201      	adds	r2, #1
20000ce4:	0026      	movs	r6, r4
20000ce6:	432e      	orrs	r6, r5
20000ce8:	d00b      	beq.n	20000d02 <spi_read_blocking+0x3c>
20000cea:	2d00      	cmp	r5, #0
20000cec:	d0f1      	beq.n	20000cd2 <spi_read_blocking+0xc>
20000cee:	68fe      	ldr	r6, [r7, #12]
20000cf0:	07b3      	lsls	r3, r6, #30
20000cf2:	d5ee      	bpl.n	20000cd2 <spi_read_blocking+0xc>
20000cf4:	002b      	movs	r3, r5
20000cf6:	3308      	adds	r3, #8
20000cf8:	42a3      	cmp	r3, r4
20000cfa:	d9ea      	bls.n	20000cd2 <spi_read_blocking+0xc>
20000cfc:	60b9      	str	r1, [r7, #8]
20000cfe:	3d01      	subs	r5, #1
20000d00:	e7e7      	b.n	20000cd2 <spi_read_blocking+0xc>
20000d02:	bdf0      	pop	{r4, r5, r6, r7, pc}

20000d04 <__aeabi_idiv0>:
20000d04:	4770      	bx	lr
20000d06:	46c0      	nop			; (mov r8, r8)

20000d08 <____assert_func_veneer>:
20000d08:	b401      	push	{r0}
20000d0a:	4802      	ldr	r0, [pc, #8]	; (20000d14 <____assert_func_veneer+0xc>)
20000d0c:	4684      	mov	ip, r0
20000d0e:	bc01      	pop	{r0}
20000d10:	4760      	bx	ip
20000d12:	bf00      	nop
20000d14:	100046a5 	.word	0x100046a5

20000d18 <__time_us_64_veneer>:
20000d18:	b401      	push	{r0}
20000d1a:	4802      	ldr	r0, [pc, #8]	; (20000d24 <__time_us_64_veneer+0xc>)
20000d1c:	4684      	mov	ip, r0
20000d1e:	bc01      	pop	{r0}
20000d20:	4760      	bx	ip
20000d22:	bf00      	nop
20000d24:	10003bd9 	.word	0x10003bd9

20000d28 <__best_effort_wfe_or_timeout_veneer>:
20000d28:	b401      	push	{r0}
20000d2a:	4802      	ldr	r0, [pc, #8]	; (20000d34 <__best_effort_wfe_or_timeout_veneer+0xc>)
20000d2c:	4684      	mov	ip, r0
20000d2e:	bc01      	pop	{r0}
20000d30:	4760      	bx	ip
20000d32:	bf00      	nop
20000d34:	10003a85 	.word	0x10003a85

20000d38 <____wrap___aeabi_lmul_veneer>:
20000d38:	b401      	push	{r0}
20000d3a:	4802      	ldr	r0, [pc, #8]	; (20000d44 <____wrap___aeabi_lmul_veneer+0xc>)
20000d3c:	4684      	mov	ip, r0
20000d3e:	bc01      	pop	{r0}
20000d40:	4760      	bx	ip
20000d42:	bf00      	nop
20000d44:	1000615d 	.word	0x1000615d

20000d48 <__tu_fifo_write_veneer>:
20000d48:	b401      	push	{r0}
20000d4a:	4802      	ldr	r0, [pc, #8]	; (20000d54 <__tu_fifo_write_veneer+0xc>)
20000d4c:	4684      	mov	ip, r0
20000d4e:	bc01      	pop	{r0}
20000d50:	4760      	bx	ip
20000d52:	bf00      	nop
20000d54:	10008a35 	.word	0x10008a35

20000d58 <____wrap_memset_veneer>:
20000d58:	b401      	push	{r0}
20000d5a:	4802      	ldr	r0, [pc, #8]	; (20000d64 <____wrap_memset_veneer+0xc>)
20000d5c:	4684      	mov	ip, r0
20000d5e:	bc01      	pop	{r0}
20000d60:	4760      	bx	ip
20000d62:	bf00      	nop
20000d64:	10006235 	.word	0x10006235

20000d68 <____wrap_memcpy_veneer>:
20000d68:	b401      	push	{r0}
20000d6a:	4802      	ldr	r0, [pc, #8]	; (20000d74 <____wrap_memcpy_veneer+0xc>)
20000d6c:	4684      	mov	ip, r0
20000d6e:	bc01      	pop	{r0}
20000d70:	4760      	bx	ip
20000d72:	bf00      	nop
20000d74:	10006241 	.word	0x10006241

20000d78 <__hw_endpoint_get_by_addr_veneer>:
20000d78:	b401      	push	{r0}
20000d7a:	4802      	ldr	r0, [pc, #8]	; (20000d84 <__hw_endpoint_get_by_addr_veneer+0xc>)
20000d7c:	4684      	mov	ip, r0
20000d7e:	bc01      	pop	{r0}
20000d80:	4760      	bx	ip
20000d82:	bf00      	nop
20000d84:	10006bcd 	.word	0x10006bcd

20000d88 <__panic_veneer>:
20000d88:	b401      	push	{r0}
20000d8a:	4802      	ldr	r0, [pc, #8]	; (20000d94 <__panic_veneer+0xc>)
20000d8c:	4684      	mov	ip, r0
20000d8e:	bc01      	pop	{r0}
20000d90:	4760      	bx	ip
20000d92:	bf00      	nop
20000d94:	100047d9 	.word	0x100047d9

20000d98 <columns>:
20000d98:	0000000a 0000000b 0000000c 0000000d     ................

20000da8 <matrix>:
20000da8:	41333231 42363534 43393837 4423302a     123A456B789C*0#D

20000db8 <max_prod_1>:
20000db8:	00000005                                ....

20000dbc <max_prod_2>:
20000dbc:	00000001                                ....

20000dc0 <max_prod_3>:
20000dc0:	00000003                                ....

20000dc4 <max_prod_4>:
20000dc4:	00000002                                ....

20000dc8 <max_prod_5>:
20000dc8:	00000004                                ....

20000dcc <message>:
20000dcc:	100095e8 100095f8 10009600 10009430     ............0...

20000ddc <rows>:
20000ddc:	00000006 00000007 00000008 00000009     ................

20000dec <security_pin>:
20000dec:	2a2a2a2a                                 ****.

20000df1 <striped_spin_lock_num>:
20000df1:	                                         ...

20000df4 <irq_handler_chain_slots>:
20000df4:	00000000 	.word	0x00000000
20000df8:	00010000 	.word	0x00010000
	...
20000e04:	00020000 	.word	0x00020000
	...
20000e10:	00030000 	.word	0x00030000
	...
20000e1c:	00ff0000 	.word	0x00ff0000
20000e20:	00000000 	.word	0x00000000

20000e24 <irq_handler_chain_first_slot>:
20000e24:	b501      	push	{r0, lr}
20000e26:	6848      	ldr	r0, [r1, #4]
20000e28:	3101      	adds	r1, #1
20000e2a:	468e      	mov	lr, r1
20000e2c:	4700      	bx	r0

20000e2e <irq_handler_chain_remove_tail>:
20000e2e:	4670      	mov	r0, lr
20000e30:	3809      	subs	r0, #9
20000e32:	4901      	ldr	r1, [pc, #4]	; (20000e38 <irq_handler_chain_remove_tail+0xa>)
20000e34:	4788      	blx	r1
20000e36:	bd01      	pop	{r0, pc}
20000e38:	10002e29 	.word	0x10002e29

20000e3c <default_alarm_pool>:
20000e3c:	20000e54 00000000 20000ef8 200015fc     T.. ....... ... 
	...

20000e54 <default_alarm_pool_heap>:
20000e54:	2000160c 00000000 00000000 00000010     ... ............
	...

20000e70 <aeabi_bits_funcs>:
20000e70:	00003350 	.word	0x00003350
20000e74:	0000334c 	.word	0x0000334c
20000e78:	00003354 	.word	0x00003354
20000e7c:	00003352 	.word	0x00003352

20000e80 <aeabi_bits_funcs_end>:
20000e80:	0000534d 	.word	0x0000534d
20000e84:	0000434d 	.word	0x0000434d
20000e88:	00003453 	.word	0x00003453
20000e8c:	00003443 	.word	0x00003443

20000e90 <stdio_usb>:
20000e90:	10006985 00000000 100068c1 1000661d     .i.......h...f..
20000ea0:	00000000 00000100                       ........

20000ea8 <ep_dir_string>:
20000ea8:	1000b38c 1000b390                       ........

20000eb0 <_usbd_qdef>:
20000eb0:	200013dc 000c0010 00000000 00000000     ... ............
	...

20000ecc <_usbd_rhport>:
20000ecc:	000000ff                                ....

20000ed0 <i2c0_inst>:
20000ed0:	40044000 00000000                       .@.@....

20000ed8 <print_mutex>:
	...

20000ee0 <__mutex_array_end>:
20000ee0:	10006225 	.word	0x10006225
20000ee4:	10005979 	.word	0x10005979
20000ee8:	1000605d 	.word	0x1000605d
20000eec:	1000619d 	.word	0x1000619d

20000ef0 <__frame_dummy_init_array_entry>:
20000ef0:	100002e5 10006b15                       .....k..
